Num_Acc,jour,mois,an,hrmn,lum,dep,com,agg,int,atm,col,adr,lat,long,gps,com_insee_temp,com_insee,departmentName,regionCode,regionName,vma,catr,circ,nbv,surf,Code,Region,Departement,Arrondissement,Code_Canton,Nom_Commune,Population_municipaLe,Population_comptee_a_part,Population_Totale
202300006325,11,7,2023,19:30,1,76.0,76484,2,3,1.0,6.0,Rue Emile Zola,"49,34660700","1,09600000",,76.076484,76484,Seine-Maritime,28.0,Normandie,30.0,7.0,2.0,2,1.0,28,Normandie,76,3,31,Oissel,12367,83,12450.0
202300006347,6,6,2023,23:02,5,76.0,76540,2,2,1.0,1.0,Rue Henri Dunant,"49,46076000","1,13549000",,76.076540,76540,Seine-Maritime,28.0,Normandie,50.0,4.0,2.0,2,-1.0,28,Normandie,76,3,97,Rouen,114083,1556,115639.0
202300006352,4,6,2023,11:45,1,76.0,76540,2,1,1.0,2.0,Route de Neufchâtel,"49,45260000","1,09977000",,76.076540,76540,Seine-Maritime,28.0,Normandie,50.0,7.0,2.0,2,1.0,28,Normandie,76,3,97,Rouen,114083,1556,115639.0
202300006357,5,6,2023,18:05,1,76.0,76351,2,4,1.0,2.0,AUGUSTE BLANQUI (PONT),"49,50047000","0,16248000",,76.076351,76351,Seine-Maritime,28.0,Normandie,50.0,4.0,2.0,2,1.0,28,Normandie,76,2,96,LeHavre,166058,1780,167838.0
202300006362,5,6,2023,18:30,1,76.0,76351,2,3,1.0,6.0,PIERRE FARCIS,"49,51712000","0,09783000",,76.076351,76351,Seine-Maritime,28.0,Normandie,50.0,4.0,2.0,2,1.0,28,Normandie,76,2,96,LeHavre,166058,1780,167838.0
202300006367,3,6,2023,02:50,5,76.0,76351,2,1,1.0,2.0,REPUBLIQUE (COURS DE LA),"49,49123000","0,12111000",,76.076351,76351,Seine-Maritime,28.0,Normandie,50.0,4.0,2.0,4,1.0,28,Normandie,76,2,96,LeHavre,166058,1780,167838.0
202300006370,2,6,2023,15:35,1,76.0,76351,2,1,1.0,7.0,JULES LECESNE (RUE),"49,49265133","0,11739492",,76.076351,76351,Seine-Maritime,28.0,Normandie,50.0,4.0,2.0,2,1.0,28,Normandie,76,2,96,LeHavre,166058,1780,167838.0
202300006376,2,6,2023,20:20,2,76.0,76351,2,2,1.0,4.0,LENINGRAD (BD DE),"49,49707000","0,15077000",,76.076351,76351,Seine-Maritime,28.0,Normandie,50.0,4.0,2.0,2,1.0,28,Normandie,76,2,96,LeHavre,166058,1780,167838.0
202300006383,3,6,2023,23:30,5,76.0,76447,2,1,1.0,2.0,MARECHAL FOCH,"49,53270000","0,18912000",,76.076447,76447,Seine-Maritime,28.0,Normandie,50.0,3.0,2.0,3,1.0,28,Normandie,76,2,15,Montivilliers,15457,203,15660.0
202300006388,30,5,2023,14:30,1,76.0,76351,2,2,1.0,6.0,GUSTAVE BRINDEAU (RUE),"49,49354000","0,13901000",,76.076351,76351,Seine-Maritime,28.0,Normandie,50.0,4.0,2.0,2,1.0,28,Normandie,76,2,96,LeHavre,166058,1780,167838.0
202300006391,3,6,2023,20:30,1,76.0,76351,2,9,1.0,3.0,VERDUN (RUE DE),"49,50223000","0,15802000",,76.076351,76351,Seine-Maritime,28.0,Normandie,50.0,3.0,2.0,2,1.0,28,Normandie,76,2,96,LeHavre,166058,1780,167838.0
202300006453,28,2,2023,08:27,1,76.0,76484,1,1,1.0,2.0,A13,"49,34123700","1,06598500",,76.076484,76484,Seine-Maritime,28.0,Normandie,110.0,1.0,3.0,7,1.0,28,Normandie,76,3,31,Oissel,12367,83,12450.0
202300006991,24,11,2023,17:45,5,76.0,76366,2,2,1.0,6.0,Rue du Général de Gaulle,"49,50857000","1,03934000",,76.076366,76366,Seine-Maritime,28.0,Normandie,50.0,7.0,2.0,2,1.0,28,Normandie,76,3,24,LeHoulme,4133,32,4165.0
202300007238,19,8,2023,05:45,3,76.0,76049,1,1,1.0,6.0,D1314,"49,91077700","1,42429600",,76.076049,76049,Seine-Maritime,28.0,Normandie,80.0,3.0,2.0,2,1.0,28,Normandie,76,1,23,Avesnes-en-Val,269,8,277.0
202300007292,19,8,2023,12:45,1,76.0,76260,2,3,1.0,3.0,Promenade En Pays de Bray,"49,47866500","1,74017400",,76.076260,76260,Seine-Maritime,28.0,Normandie,-1.0,2.0,2.0, -1,1.0,28,Normandie,76,1,12,Ferrières-en-Bray,1675,15,1690.0
202300007293,17,8,2023,22:16,3,76.0,76146,1,1,1.0,6.0,D919,"49,58806900","1,38768900",,76.076146,76146,Seine-Maritime,28.0,Normandie,80.0,3.0,-1.0,2,1.0,28,Normandie,76,3,21,Buchy,2805,108,2913.0
202300007294,18,8,2023,02:00,3,76.0,76123,2,3,1.0,3.0,D47,"49,54306300","1,11027600",,76.076123,76123,Seine-Maritime,28.0,Normandie,-1.0,3.0,2.0, -1,1.0,28,Normandie,76,3,2,Bosc-Guérard-Saint-Adrien,1070,30,1100.0
202300007495,20,9,2023,20:40,3,76.0,76540,2,3,1.0,3.0,Avenue de la Libération,"49,42573000","1,06861000",,76.076540,76540,Seine-Maritime,28.0,Normandie,50.0,7.0,2.0,2,1.0,28,Normandie,76,3,97,Rouen,114083,1556,115639.0
202300007496,20,9,2023,18:00,1,76.0,76497,1,1,1.0,2.0,D418 (Bretelle),"49,38409000","1,04945000",,76.076497,76497,Seine-Maritime,28.0,Normandie,90.0,7.0,1.0,2,1.0,28,Normandie,76,3,13,Petit-Couronne,8688,175,8863.0
202300007636,21,10,2023,06:00,5,76.0,76498,2,2,2.0,3.0,Rue Leon Maletra,"49,42987400","1,06759400",,76.076498,76498,Seine-Maritime,28.0,Normandie,50.0,4.0,2.0,2,2.0,28,Normandie,76,3,27,LePetit-Quevilly,21782,274,22056.0
202300007637,21,10,2023,06:10,3,76.0,76565,1,1,8.0,6.0,ROUEN (ROUTE DE),"49,88230000","1,06783000",,76.076565,76565,Seine-Maritime,28.0,Normandie,80.0,2.0,2.0,3,2.0,28,Normandie,76,1,7,Saint-Aubin-sur-Scie,1202,101,1303.0
202300007775,8,2,2023,09:30,1,76.0,76108,2,6,7.0,6.0,Chemin de la Breteque,"49,47877000","1,11294000",,76.076108,76108,Seine-Maritime,28.0,Normandie,30.0,4.0,2.0,2,1.0,28,Normandie,76,3,2,Bois-Guillaume,14262,361,14623.0
202300007776,7,2,2023,13:25,1,76.0,76351,2,1,1.0,6.0,VERDUN (RUE DE),"49,50254000","0,17239000",,76.076351,76351,Seine-Maritime,28.0,Normandie,50.0,4.0,2.0,2,1.0,28,Normandie,76,2,96,LeHavre,166058,1780,167838.0
202300007777,8,2,2023,09:50,1,76.0,76026,2,7,1.0,6.0,LEON BAUDELOT (PLACE),"49,88000000","1,12000000",,76.076026,76026,Seine-Maritime,28.0,Normandie,30.0,4.0,1.0,1,1.0,28,Normandie,76,1,8,Arques-la-BatailLe2480,44,2524,
202300007854,9,2,2023,17:54,2,76.0,76136,2,1,1.0,6.0,route de la mer,"49,81467800","0,95076400",,76.076136,76136,Seine-Maritime,28.0,Normandie,50.0,3.0,2.0,2,1.0,28,Normandie,76,1,20,Brachy,687,12,699.0
202300008011,30,4,2023,17:10,1,76.0,76001,2,1,1.0,6.0,9 Rue du Docteur Patenotre,"49,59630600","0,67633500",,76.076001,76001,Seine-Maritime,28.0,Normandie,50.0,3.0,2.0,2,1.0,28,Normandie,76,3,35,Allouville-Bellefosse,1150,19,1169.0
202300008149,4,6,2023,19:00,1,76.0,76610,1,6,1.0,4.0,D131e,"49,62521438","0,78907907",,76.076610,76610,Seine-Maritime,28.0,Normandie,80.0,3.0,2.0,3,1.0,28,Normandie,76,3,35,Sainte-Marie-des-Champs,1579,13,1592.0
202300008357,25,11,2023,15:30,1,76.0,76304,2,1,1.0,7.0,Route de Goderville,"49,65206600","0,43263200",,76.076304,76304,Seine-Maritime,28.0,Normandie,30.0,3.0,2.0,2,1.0,28,Normandie,76,2,32,Gonfreville-Caillot,390,6,396.0
202300008620,30,12,2023,17:30,5,76.0,76351,2,6,3.0,7.0,MICHEL FERE (QUAI),"49,48928000","0,11114000",,76.076351,76351,Seine-Maritime,28.0,Normandie,50.0,4.0,2.0,1,2.0,28,Normandie,76,2,96,LeHavre,166058,1780,167838.0
202300008626,31,12,2023,06:43,5,76.0,76341,2,6,3.0,7.0,BELLEVUE,"49,51192000","0,19938000",,76.076341,76341,Seine-Maritime,28.0,Normandie,50.0,3.0,2.0,2,2.0,28,Normandie,76,2,15,Harfleur,8315,53,8368.0
202300008634,30,12,2023,08:00,2,76.0,76447,2,6,1.0,3.0,RD 31,"49,54715000","0,18896000",,76.076447,76447,Seine-Maritime,28.0,Normandie,50.0,3.0,-1.0,2,1.0,28,Normandie,76,2,15,Montivilliers,15457,203,15660.0
202300008641,30,12,2023,17:30,5,76.0,76351,2,3,1.0,6.0,VOLTAIRE,"49,48999000","0,10355000",,76.076351,76351,Seine-Maritime,28.0,Normandie,50.0,4.0,2.0,1,1.0,28,Normandie,76,2,96,LeHavre,166058,1780,167838.0
202300008653,11,7,2023,02:45,3,76.0,76360,1,1,1.0,6.0,Rue du Pont Rouge,"49,75136000","1,09905000",,76.076360,76360,Seine-Maritime,28.0,Normandie,80.0,3.0,2.0,2,1.0,28,Normandie,76,1,20,Heugleville-sur-Scie,648,9,657.0
202300008735,21,11,2023,11:30,1,76.0,76447,2,2,2.0,3.0,FAUBOURG ASSIQUET,"49,54702900","0,19570500",,76.076447,76447,Seine-Maritime,28.0,Normandie,-1.0,3.0,1.0, -1,2.0,28,Normandie,76,2,15,Montivilliers,15457,203,15660.0
202300009032,30,12,2023,20:15,5,76.0,76259,2,3,1.0,1.0,LEBORGNE ( RUE CHARLES),"49,75600000","0,37600000",,76.076259,76259,Seine-Maritime,28.0,Normandie,30.0,4.0,2.0,2,1.0,28,Normandie,76,2,11,Fécamp,18016,269,18285.0
202300009051,22,3,2023,13:00,1,76.0,76315,1,2,2.0,3.0,Départementale 71,"49,73882259","0,68840504",,76.076315,76315,Seine-Maritime,28.0,Normandie,80.0,3.0,2.0,2,2.0,28,Normandie,76,1,33,Grainville-la-Teinturière,1072,18,1090.0
202300009232,18,3,2023,07:40,2,76.0,76351,2,1,2.0,6.0,HUIT MAI 1945 (AVENUE DU),"49,51576000","0,17093000",,76.076351,76351,Seine-Maritime,28.0,Normandie,50.0,4.0,1.0,1,2.0,28,Normandie,76,2,96,LeHavre,166058,1780,167838.0
202300009337,14,9,2023,17:05,1,76.0,76034,1,3,1.0,1.0,Rue de Chamacourt,"49,72307500","1,15038900",,76.076034,76034,Seine-Maritime,28.0,Normandie,-1.0,3.0,2.0, -1,1.0,28,Normandie,76,1,20,Val-de-Scie,2526,25,2551.0
202300009404,18,9,2023,14:00,1,76.0,76329,1,1,2.0,1.0,RD 487,"49,54495000","0,49486000",,76.076329,76329,Seine-Maritime,28.0,Normandie,80.0,3.0,2.0,2,2.0,28,Normandie,76,2,3,Gruchet-le-Valasse,3074,39,3113.0
202300009511,19,10,2023,14:00,1,76.0,76351,2,2,1.0,6.0,INGOUVILLE (RUE),"49,49742000","0,10949000",,76.076351,76351,Seine-Maritime,28.0,Normandie,50.0,4.0,2.0,4,1.0,28,Normandie,76,2,96,LeHavre,166058,1780,167838.0
202300009589,7,2,2023,05:50,5,76.0,76540,2,2,1.0,3.0,Route de Neufchâtel,"49,45110300","1,09845800",,76.076540,76540,Seine-Maritime,28.0,Normandie,30.0,7.0,2.0,2,1.0,28,Normandie,76,3,97,Rouen,114083,1556,115639.0
202300009742,3,2,2023,14:00,1,76.0,76351,2,2,1.0,3.0,MONT GAILLARD (AVENUE DU),"49,52558000","0,11537000",,76.076351,76351,Seine-Maritime,28.0,Normandie,30.0,4.0,2.0,2,1.0,28,Normandie,76,2,96,LeHavre,166058,1780,167838.0
202300009744,6,2,2023,11:50,1,76.0,76114,2,1,1.0,2.0,GAMBETTA LEON (RUE),"49,57081000","0,47046000",,76.076114,76114,Seine-Maritime,28.0,Normandie,50.0,3.0,1.0,1,1.0,28,Normandie,76,2,3,Bolbec,11635,147,11782.0
202300009851,29,4,2023,23:45,4,76.0,76108,2,3,1.0,1.0,Route de Neufchâtel,"49,46410000","1,11404000",,76.076108,76108,Seine-Maritime,28.0,Normandie,50.0,7.0,1.0,1,1.0,28,Normandie,76,3,2,Bois-Guillaume,14262,361,14623.0
202300009852,29,4,2023,19:00,1,76.0,76540,2,1,1.0,4.0,Quai du Havre,"49,44030000","1,08408000",,76.076540,76540,Seine-Maritime,28.0,Normandie,50.0,7.0,2.0,4,1.0,28,Normandie,76,3,97,Rouen,114083,1556,115639.0
202300009853,29,4,2023,18:15,1,76.0,76540,2,1,1.0,3.0,Rue des Faulx,"49,44173000","1,10095000",,76.076540,76540,Seine-Maritime,28.0,Normandie,50.0,4.0,2.0,2,1.0,28,Normandie,76,3,97,Rouen,114083,1556,115639.0
202300009854,29,4,2023,10:40,1,76.0,76540,2,1,1.0,3.0,Quai de Boisguilbert,"49,44315400","1,07487800",,76.076540,76540,Seine-Maritime,28.0,Normandie,50.0,7.0,2.0,5,1.0,28,Normandie,76,3,97,Rouen,114083,1556,115639.0
202300009908,29,4,2023,11:30,1,76.0,76208,1,1,1.0,3.0,Route du Mont Louvet,"49,50661000","1,66868800",,76.076208,76208,Seine-Maritime,28.0,Normandie,80.0,3.0,2.0,2,1.0,28,Normandie,76,1,12,Cuy-Saint-Fiacre,642,9,651.0
202300009909,30,4,2023,05:30,3,76.0,76067,2,1,1.0,7.0,Route du Camp Caillot,"49,48484100","1,61715700",,76.076067,76067,Seine-Maritime,28.0,Normandie,80.0,3.0,2.0,2,1.0,28,Normandie,76,1,12,Beauvoir-en-Lyons,598,15,613.0
202300009941,30,4,2023,23:45,5,76.0,76533,1,9,1.0,7.0,parc logistique du pont de normandie,"49,47605800","0,26036700",,76.076533,76533,Seine-Maritime,28.0,Normandie,70.0,4.0,3.0,2,1.0,28,Normandie,76,2,16,RogervilLe1706,19,1725,
202300010174,23,11,2023,16:45,1,76.0,76673,1,1,8.0,5.0,RN31,"49,46134368","1,27359366",,76.076673,76673,Seine-Maritime,28.0,Normandie,80.0,2.0,2.0,2,1.0,28,Normandie,76,3,21,Servaville-SalmonvilLe1125,14,1139,
202300010215,14,11,2023,09:30,1,76.0,76312,2,1,2.0,1.0,Route de Dieppe,"49,49216600","1,68909400",,76.076312,76312,Seine-Maritime,28.0,Normandie,50.0,3.0,2.0,2,2.0,28,Normandie,76,1,12,Gournay-en-Bray,5944,85,6029.0
202300010241,4,6,2023,12:30,1,76.0,76560,1,1,1.0,7.0,D7,"49,41238000","1,17345600",,76.076560,76560,Seine-Maritime,28.0,Normandie,80.0,7.0,2.0,2,1.0,28,Normandie,76,3,6,Saint-Aubin-Épinay,1019,18,1037.0
202300010242,4,6,2023,16:15,1,76.0,76367,1,1,1.0,6.0,D90,"49,50846230","1,04616612",,76.076367,76367,Seine-Maritime,28.0,Normandie,80.0,7.0,2.0,2,1.0,28,Normandie,76,3,24,HouppevilLe2884,51,2935,
202300010246,3,6,2023,19:10,1,76.0,76377,2,1,1.0,3.0,509 Route de Neufchatel,"49,49086300","1,14319000",,76.076377,76377,Seine-Maritime,28.0,Normandie,50.0,7.0,2.0,2,1.0,28,Normandie,76,3,2,IsneauvilLe3657,64,3721,
202300010328,16,8,2023,21:45,5,76.0,76057,2,2,1.0,1.0,4 Rue Jules Ferry,"49,55060000","0,95775800",,76.076057,76057,Seine-Maritime,28.0,Normandie,-1.0,4.0,2.0, -1,1.0,28,Normandie,76,3,1,Barentin,12154,238,12392.0
202300010334,18,8,2023,20:15,1,76.0,76758,2,2,1.0,1.0,Rue du Colonel Trupel,"49,61953100","0,75911900",,76.076758,76758,Seine-Maritime,28.0,Normandie,-1.0,3.0,1.0, -1,1.0,28,Normandie,76,3,35,Yvetot,11385,208,11593.0
202300010338,21,8,2023,07:05,2,76.0,76448,2,6,5.0,3.0,Rue de Bois l’Eveque,"49,40343400","1,24879900",,76.076448,76448,Seine-Maritime,28.0,Normandie,50.0,7.0,2.0,2,1.0,28,Normandie,76,3,21,Montmain,1448,36,1484.0
202300010485,9,7,2023,06:30,2,76.0,76240,2,1,1.0,7.0,16 Route du Havre,"49,70714000","0,36475600",,76.076240,76240,Seine-Maritime,28.0,Normandie,50.0,3.0,2.0,2,1.0,28,Normandie,76,2,11,ÉprevilLe1052,28,1080,
202300010537,7,7,2023,05:00,2,76.0,76252,1,1,1.0,7.0,D22,"50,02269200","1,38496400",,76.076252,76252,Seine-Maritime,28.0,Normandie,80.0,3.0,2.0,2,1.0,28,Normandie,76,1,10,Étalondes,1059,30,1089.0
202300011002,13,8,2023,23:50,5,76.0,76351,2,2,1.0,7.0,WINSTON CHURCHILL,"49,49401000","0,13839000",,76.076351,76351,Seine-Maritime,28.0,Normandie,50.0,4.0,3.0,7,1.0,28,Normandie,76,2,96,LeHavre,166058,1780,167838.0
202300011014,19,3,2023,21:40,5,76.0,76366,2,3,1.0,6.0,Rue du Général de Gaulle,"49,50500000","1,04105000",,76.076366,76366,Seine-Maritime,28.0,Normandie,50.0,7.0,2.0,2,1.0,28,Normandie,76,3,24,LeHoulme,4133,32,4165.0
202300011030,8,7,2023,20:00,1,76.0,76498,2,6,1.0,2.0,Rue Pablo Neruda,"49,42590000","1,05900000",,76.076498,76498,Seine-Maritime,28.0,Normandie,50.0,4.0,2.0,2,2.0,28,Normandie,76,3,27,LePetit-Quevilly,21782,274,22056.0
202300011068,27,12,2023,15:50,1,76.0,76351,2,3,1.0,6.0,ROMAIN ROLLAND (RUE),"49,50647000","0,11165000",,76.076351,76351,Seine-Maritime,28.0,Normandie,50.0,4.0,1.0,1,1.0,28,Normandie,76,2,96,LeHavre,166058,1780,167838.0
202300011346,17,9,2023,11:35,1,76.0,76351,2,3,1.0,7.0,FRISSARD (QUAI),"49,48967000","0,12468000",,76.076351,76351,Seine-Maritime,28.0,Normandie,50.0,4.0,2.0,2,2.0,28,Normandie,76,2,96,LeHavre,166058,1780,167838.0
202300011347,15,9,2023,17:40,1,76.0,76447,2,1,1.0,6.0,ANCIENNE HUILERIE (PLACE),"49,54451200","0,18786100",,76.076447,76447,Seine-Maritime,28.0,Normandie,-1.0,4.0,1.0,0,1.0,28,Normandie,76,2,15,Montivilliers,15457,203,15660.0
202300011348,15,9,2023,16:45,1,76.0,76447,1,1,1.0,2.0,RD 489,"49,53966202","0,20851065",,76.076447,76447,Seine-Maritime,28.0,Normandie,90.0,3.0,3.0,4,1.0,28,Normandie,76,2,15,Montivilliers,15457,203,15660.0
202300011560,18,10,2023,14:50,1,76.0,76351,2,3,2.0,6.0,FRERE CONSTANCE,"49,49022105","0,10063836",,76.076351,76351,Seine-Maritime,28.0,Normandie,-1.0,4.0,3.0, -1,2.0,28,Normandie,76,2,96,LeHavre,166058,1780,167838.0
202300011645,5,2,2023,04:20,5,76.0,76484,1,6,1.0,6.0,D18 E,"49,34553641","1,07718945",,76.076484,76484,Seine-Maritime,28.0,Normandie,70.0,7.0,3.0,4,1.0,28,Normandie,76,3,31,Oissel,12367,83,12450.0
202300011647,5,2,2023,02:15,5,76.0,76540,2,2,1.0,3.0,Avenue de Bretagne,"49,43329000","1,08529000",,76.076540,76540,Seine-Maritime,28.0,Normandie,30.0,7.0,2.0,2,1.0,28,Normandie,76,3,97,Rouen,114083,1556,115639.0
202300011853,25,4,2023,23:10,5,76.0,76351,2,1,1.0,7.0,CLAUDE MONET,"49,50140000","0,08878000",,76.076351,76351,Seine-Maritime,28.0,Normandie,50.0,4.0,2.0,2,1.0,28,Normandie,76,2,96,LeHavre,166058,1780,167838.0
202300011854,27,4,2023,15:40,1,76.0,76349,1,3,1.0,3.0,OUVILLE (ROUTE D'),"49,89246200","1,03999000",,76.076349,76349,Seine-Maritime,28.0,Normandie,80.0,3.0,2.0,2,1.0,28,Normandie,76,1,7,Hautot-sur-Mer,1887,46,1933.0
202300011855,25,3,2023,17:15,1,76.0,76114,2,1,1.0,6.0,PASSAS JULES (BOULEVARD),"49,56755000","0,47260000",,76.076114,76114,Seine-Maritime,28.0,Normandie,50.0,4.0,-1.0,2,1.0,28,Normandie,76,2,3,Bolbec,11635,147,11782.0
202300011985,22,11,2023,19:40,5,76.0,76655,2,7,1.0,3.0,Place de l'Hotel de Ville,"49,86887900","0,71316700",,76.076655,76655,Seine-Maritime,28.0,Normandie,50.0,6.0,-1.0, -1,1.0,28,Normandie,76,1,33,Saint-Valery-en-Caux,3915,162,4077.0
202300012124,3,6,2023,23:00,5,76.0,76681,2,3,1.0,1.0,Rue Pierre Corneille,"49,42334100","1,08977900",,76.076681,76681,Seine-Maritime,28.0,Normandie,30.0,7.0,2.0,2,1.0,28,Normandie,76,3,99,Sotteville-lès-Rouen,28965,475,29440.0
202300012214,12,8,2023,18:47,1,76.0,76114,2,1,1.0,6.0,MARTYRS DE LA RESISTANCE (RUE DES),"49,57349000","0,47737000",,76.076114,76114,Seine-Maritime,28.0,Normandie,30.0,3.0,2.0,2,1.0,28,Normandie,76,2,3,Bolbec,11635,147,11782.0
202300012321,20,11,2023,12:00,1,76.0,76351,2,6,2.0,6.0,LOUIS BLANC,"49,50710100","0,12848300",,76.076351,76351,Seine-Maritime,28.0,Normandie,50.0,4.0,1.0,2,2.0,28,Normandie,76,2,96,LeHavre,166058,1780,167838.0
202300012327,21,11,2023,08:35,4,76.0,76217,2,9,3.0,6.0,BERIGNY (BOULEVARD),"49,92000000","1,08000000",,76.076217,76217,Seine-Maritime,28.0,Normandie,50.0,6.0,-1.0, -1,2.0,28,Normandie,76,1,95,Dieppe,28358,455,28813.0
202300012408,6,7,2023,11:50,1,76.0,76540,2,2,1.0,6.0,Rue de la Roche,"49,44514000","1,10337000",,76.076540,76540,Seine-Maritime,28.0,Normandie,30.0,4.0,1.0,1,1.0,28,Normandie,76,3,97,Rouen,114083,1556,115639.0
202300012543,7,7,2023,21:45,2,76.0,76484,1,1,1.0,6.0,Route des Essarts,"49,34318313","1,07347369",,76.076484,76484,Seine-Maritime,28.0,Normandie,80.0,7.0,2.0,2,1.0,28,Normandie,76,3,31,Oissel,12367,83,12450.0
202300012548,7,7,2023,03:36,5,76.0,76540,2,2,1.0,3.0,Boulevard de l'Europe,"49,43456065","1,07646865",,76.076540,76540,Seine-Maritime,28.0,Normandie,50.0,7.0,2.0,4,1.0,28,Normandie,76,3,97,Rouen,114083,1556,115639.0
202300012560,26,12,2023,21:30,5,76.0,76351,2,3,1.0,3.0,ANDREI SAKHAROV (RUE),"49,50484000","0,17179000",,76.076351,76351,Seine-Maritime,28.0,Normandie,50.0,4.0,2.0,2,1.0,28,Normandie,76,2,96,LeHavre,166058,1780,167838.0
202300012635,14,8,2023,18:45,1,76.0,76057,2,1,1.0,3.0,avenue du président kennedy,"49,54959700","0,94240300",,76.076057,76057,Seine-Maritime,28.0,Normandie,50.0,3.0,2.0,1,1.0,28,Normandie,76,3,1,Barentin,12154,238,12392.0
202300012701,2,6,2023,13:20,1,76.0,76540,2,3,1.0,3.0,Boulevard de l'Yser,"49,44769000","1,10206000",,76.076540,76540,Seine-Maritime,28.0,Normandie,50.0,7.0,2.0,2,1.0,28,Normandie,76,3,97,Rouen,114083,1556,115639.0
202300012706,1,6,2023,12:50,1,76.0,76351,2,3,1.0,2.0,Rue Socrate,"49,51656100","0,15603400",,76.076351,76351,Seine-Maritime,28.0,Normandie,50.0,4.0,2.0,2,1.0,28,Normandie,76,2,96,LeHavre,166058,1780,167838.0
202300012729,13,8,2023,01:40,5,76.0,76540,2,1,1.0,6.0,Avenue de Bretagne,"49,43383200","1,08548300",,76.076540,76540,Seine-Maritime,28.0,Normandie,50.0,7.0,2.0,3,1.0,28,Normandie,76,3,97,Rouen,114083,1556,115639.0
202300012734,12,8,2023,13:30,1,76.0,76410,1,1,1.0,7.0,A150,"49,46838669","1,03542253",,76.076410,76410,Seine-Maritime,28.0,Normandie,110.0,1.0,3.0,4,1.0,28,Normandie,76,3,4,Maromme,11024,122,11146.0
202300012764,27,12,2023,23:50,3,76.0,76584,1,1,1.0,7.0,A28,"49,74734800","1,47802600",,76.076584,76584,Seine-Maritime,28.0,Normandie,130.0,1.0,3.0,2,1.0,28,Normandie,76,1,23,Saint-Germain-sur-Eaulne,222,4,226.0
202300012819,18,3,2023,17:55,1,76.0,76540,2,3,2.0,3.0,Quai Cavelier de la Salle,"49,43804000","1,08293000",,76.076540,76540,Seine-Maritime,28.0,Normandie,50.0,4.0,2.0,2,2.0,28,Normandie,76,3,97,Rouen,114083,1556,115639.0
202300012978,18,3,2023,16:20,1,76.0,76302,2,1,1.0,1.0,Rue de la Voie Romaine,"49,64440200","0,37391100",,76.076302,76302,Seine-Maritime,28.0,Normandie,50.0,6.0,2.0,2,1.0,28,Normandie,76,2,32,GodervilLe2839,39,2878,
202300012984,26,12,2023,12:15,1,76.0,76351,2,3,1.0,3.0,CAVEE VERTE (RUE DE LA),"49,50588000","0,11680000",,76.076351,76351,Seine-Maritime,28.0,Normandie,50.0,4.0,2.0,4,1.0,28,Normandie,76,2,96,LeHavre,166058,1780,167838.0
202300012987,26,12,2023,02:20,5,76.0,76351,2,1,1.0,7.0,GOBELINS (DES),"49,49783000","0,10456000",,76.076351,76351,Seine-Maritime,28.0,Normandie,50.0,4.0,2.0,2,1.0,28,Normandie,76,2,96,LeHavre,166058,1780,167838.0
202300012989,22,12,2023,20:40,3,76.0,76270,1,1,1.0,6.0,RD 6382,"49,53031000","0,12958000",,76.076270,76270,Seine-Maritime,28.0,Normandie,90.0,3.0,3.0,2,1.0,28,Normandie,76,2,26,Fontaine-la-Mallet,2635,54,2689.0
202300012993,22,12,2023,20:15,5,76.0,76305,2,6,2.0,3.0,Jacques EBERHARD (Avenue),"49,51098000","0,22932000",,76.076305,76305,Seine-Maritime,28.0,Normandie,50.0,4.0,2.0,2,2.0,28,Normandie,76,2,16,Gonfreville-l'Orcher,8961,44,9005.0
202300013129,17,3,2023,19:00,2,76.0,76157,2,3,1.0,3.0,Cote de Canteleu,"49,44515000","1,04208000",,76.076157,76157,Seine-Maritime,28.0,Normandie,50.0,7.0,2.0,2,1.0,28,Normandie,76,3,4,Canteleu,13966,360,14326.0
202300013131,16,3,2023,16:25,1,76.0,76351,2,2,1.0,3.0,GABRIEL PERI,"49,49390000","0,11834000",,76.076351,76351,Seine-Maritime,28.0,Normandie,50.0,4.0,1.0,1,1.0,28,Normandie,76,2,96,LeHavre,166058,1780,167838.0
202300013267,12,9,2023,14:25,1,76.0,76272,2,9,1.0,6.0,Rue Edouard Loisel,"49,81308600","0,85028700",,76.076272,76272,Seine-Maritime,28.0,Normandie,50.0,3.0,2.0,2,1.0,28,Normandie,76,1,33,Fontaine-le-Dun,885,10,895.0
202300013589,18,10,2023,18:45,2,76.0,76498,2,1,6.0,3.0,Boulevard Charles de Gaulle,"49,42250000","1,06638000",,76.076498,76498,Seine-Maritime,28.0,Normandie,50.0,4.0,2.0,2,2.0,28,Normandie,76,3,27,LePetit-Quevilly,21782,274,22056.0
202300013590,18,10,2023,09:15,1,76.0,76351,2,2,2.0,7.0,JEAN CHARCOT,"49,49853000","0,10079000",,76.076351,76351,Seine-Maritime,28.0,Normandie,50.0,4.0,1.0,3,2.0,28,Normandie,76,2,96,LeHavre,166058,1780,167838.0