Num_Acc,jour,mois,an,hrmn,lum,dep,com,agg,int,atm,col,adr,lat,long,gps,com_insee_temp,com_insee,departmentName,regionCode,regionName,vma,catr,circ,nbv,surf,Code,Region,Departement,Arrondissement,Code_Canton,Nom_Commune,Population_municipaLe,Population_comptee_a_part,Population_Totale
202300013657,28,4,2023,13:00,1,76.0,76232,2,1,8.0,7.0,Rue des Wagands,"49,79729200","0,47142500",,76.076232,76232,Seine-Maritime,28.0,Normandie,50.0,4.0,2.0,2,1.0,28,Normandie,76,2,11,Életot,634,8,642.0
202300013659,29,4,2023,16:10,1,76.0,76524,2,2,1.0,3.0,D50,"49,75140200","0,86632400",,76.076524,76524,Seine-Maritime,28.0,Normandie,50.0,3.0,2.0,2,1.0,28,Normandie,76,3,35,ReuvilLe143,2,145,
202300013833,26,4,2023,13:00,1,76.0,76575,2,1,1.0,5.0,Rue de l'Industrie,"49,37963000","1,10936000",,76.076575,76575,Seine-Maritime,28.0,Normandie,50.0,4.0,2.0,2,1.0,28,Normandie,76,3,98,Saint-Étienne-du-Rouvray,28508,225,28733.0
202300013834,25,4,2023,17:00,1,76.0,76351,2,2,1.0,6.0,GUSTAVE FLAUBERT,"49,49792400","0,11158800",,76.076351,76351,Seine-Maritime,28.0,Normandie,50.0,4.0,1.0,1,1.0,28,Normandie,76,2,96,LeHavre,166058,1780,167838.0
202300014270,28,7,2023,18:35,1,76.0,76057,1,4,1.0,1.0,Route de Fresquiennes,"49,54489900","0,97208600",,76.076057,76057,Seine-Maritime,28.0,Normandie,-1.0,3.0,2.0, -1,1.0,28,Normandie,76,3,1,Barentin,12154,238,12392.0
202300014339,2,6,2023,19:00,1,76.0,76046,1,2,1.0,2.0,RD13,"49,44001700","1,29445600",,76.076046,76046,Seine-Maritime,28.0,Normandie,80.0,3.0,2.0, -1,1.0,28,Normandie,76,3,21,Auzouville-sur-Ry,689,13,702.0
202300014368,10,8,2023,17:30,1,76.0,76351,2,2,1.0,6.0,LOUIS BRINDEAU,"49,49134000","0,10528000",,76.076351,76351,Seine-Maritime,28.0,Normandie,30.0,4.0,1.0,2,1.0,28,Normandie,76,2,96,LeHavre,166058,1780,167838.0
202300014374,20,11,2023,12:50,1,76.0,76575,2,1,8.0,6.0,Avenue des Canadiens,"49,40137900","1,06471700",,76.076575,76575,Seine-Maritime,28.0,Normandie,50.0,7.0,2.0,2,2.0,28,Normandie,76,3,98,Saint-Étienne-du-Rouvray,28508,225,28733.0
202300014380,19,11,2023,19:15,5,76.0,76540,2,3,1.0,3.0,Boulevard de l'Yser,"49,44774000","1,10208000",,76.076540,76540,Seine-Maritime,28.0,Normandie,50.0,7.0,2.0,2,2.0,28,Normandie,76,3,97,Rouen,114083,1556,115639.0
202300014386,19,11,2023,07:10,5,76.0,76351,2,1,1.0,2.0,GRAVILLE (BD DE),"49,49048000","0,14934000",,76.076351,76351,Seine-Maritime,28.0,Normandie,50.0,4.0,2.0,4,1.0,28,Normandie,76,2,96,LeHavre,166058,1780,167838.0
202300014450,6,7,2023,09:45,1,76.0,76540,2,2,1.0,3.0,Boulevard de l'Europe,"49,42816000","1,08100000",,76.076540,76540,Seine-Maritime,28.0,Normandie,50.0,4.0,2.0,4,1.0,28,Normandie,76,3,97,Rouen,114083,1556,115639.0
202300014680,27,12,2023,19:30,5,76.0,76476,2,2,9.0,3.0,Rue des Communes,"49,53648900","0,60172700",,76.076476,76476,Seine-Maritime,28.0,Normandie,50.0,4.0,2.0,2,2.0,28,Normandie,76,2,25,Port-Jérôme-sur-Seine,10387,172,10559.0
202300014738,16,3,2023,13:35,1,76.0,76351,2,4,1.0,3.0,JULES DELAMARE,"49,49144000","0,16120000",,76.076351,76351,Seine-Maritime,28.0,Normandie,50.0,3.0,2.0,3,1.0,28,Normandie,76,2,96,LeHavre,166058,1780,167838.0
202300014743,15,3,2023,07:45,1,76.0,76351,2,2,2.0,3.0,FLEURUS (DE),"49,49262000","0,13750000",,76.076351,76351,Seine-Maritime,28.0,Normandie,50.0,4.0,2.0,2,2.0,28,Normandie,76,2,96,LeHavre,166058,1780,167838.0
202300014822,1,6,2023,22:55,5,76.0,76484,2,2,1.0,6.0,Rue Jean Jacques Rousseau,"49,34537000","1,09345000",,76.076484,76484,Seine-Maritime,28.0,Normandie,30.0,7.0,2.0,2,1.0,28,Normandie,76,3,31,Oissel,12367,83,12450.0
202300014826,31,5,2023,17:15,1,76.0,76341,2,1,1.0,6.0,FRIEDRICH ENGELS,"49,51234900","0,19128000",,76.076341,76341,Seine-Maritime,28.0,Normandie,-1.0,4.0,2.0,1,1.0,28,Normandie,76,2,15,Harfleur,8315,53,8368.0
202300014887,16,9,2023,06:15,5,76.0,76540,2,1,1.0,6.0,Avenue de la Libération,"49,42747000","1,07007000",,76.076540,76540,Seine-Maritime,28.0,Normandie,50.0,7.0,2.0,2,1.0,28,Normandie,76,3,97,Rouen,114083,1556,115639.0
202300014889,27,12,2023,06:30,3,76.0,76649,1,1,1.0,7.0,d1314,"49,68023600","1,50371100",,76.076649,76649,Seine-Maritime,28.0,Normandie,80.0,3.0,2.0,2,2.0,28,Normandie,76,1,23,Saint-Saire,573,11,584.0
202300014991,14,3,2023,17:30,1,76.0,76351,2,2,1.0,3.0,SAULES (DES),"49,50859000","0,14984000",,76.076351,76351,Seine-Maritime,28.0,Normandie,50.0,4.0,1.0,1,1.0,28,Normandie,76,2,96,LeHavre,166058,1780,167838.0
202300015114,17,9,2023,16:05,1,76.0,76367,1,1,2.0,6.0,D90,"49,51665600","1,06985800",,76.076367,76367,Seine-Maritime,28.0,Normandie,70.0,7.0,2.0,2,2.0,28,Normandie,76,3,24,HouppevilLe2884,51,2935,
202300015344,2,2,2023,10:10,1,76.0,76351,2,1,1.0,6.0,HUIT MAI 1945 (AVENUE DU),"49,51362000","0,16370000",,76.076351,76351,Seine-Maritime,28.0,Normandie,50.0,4.0,2.0,2,1.0,28,Normandie,76,2,96,LeHavre,166058,1780,167838.0
202300015367,2,2,2023,18:20,5,76.0,76322,2,6,1.0,4.0,Boulevard de Verdun,"49,41567000","1,05305000",,76.076322,76322,Seine-Maritime,28.0,Normandie,50.0,7.0,2.0,2,1.0,28,Normandie,76,3,13,LeGrand-Quevilly,25975,225,26200.0
202300015368,25,1,2023,12:25,1,76.0,76319,1,1,1.0,7.0,N138,"49,35095300","1,02458400",,76.076319,76319,Seine-Maritime,28.0,Normandie,90.0,2.0,3.0,4,1.0,28,Normandie,76,3,9,Grand-Couronne,9726,177,9903.0
202300015501,17,10,2023,11:10,1,76.0,76640,2,2,1.0,1.0,Rue aux Saulniers,"49,28350000","1,03823000",,76.076640,76640,Seine-Maritime,28.0,Normandie,30.0,4.0,2.0,2,1.0,28,Normandie,76,3,5,Saint-Pierre-lès-Elbeuf,8285,87,8372.0
202300015502,10,10,2023,11:00,1,76.0,76540,2,2,1.0,6.0,Boulevard de l'Yser,"49,44837000","1,10050000",,76.076540,76540,Seine-Maritime,28.0,Normandie,50.0,7.0,2.0,2,1.0,28,Normandie,76,3,97,Rouen,114083,1556,115639.0
202300015503,20,8,2023,21:30,2,76.0,76231,2,2,1.0,3.0,Rue de la République,"49,29072000","0,99989000",,76.076231,76231,Seine-Maritime,28.0,Normandie,50.0,7.0,2.0,2,1.0,28,Normandie,76,3,9,Elbeuf,15951,138,16089.0
202300015504,10,10,2023,15:45,1,76.0,76552,2,1,1.0,7.0,CARROUSEL ( RUE DU ),"49,51448900","0,06850800",,76.076552,76552,Seine-Maritime,28.0,Normandie,50.0,4.0,2.0,2,1.0,28,Normandie,76,2,19,Sainte-Adresse,7116,188,7304.0
202300015505,16,10,2023,16:15,1,76.0,76351,2,2,1.0,3.0,GUSTAVE NICOLLE,"49,49251700","0,14846300",,76.076351,76351,Seine-Maritime,28.0,Normandie,50.0,4.0,2.0,5,1.0,28,Normandie,76,2,96,LeHavre,166058,1780,167838.0
202300015628,27,4,2023,17:15,1,76.0,76135,1,1,3.0,2.0,A150,"49,55458900","0,91538400",,76.076135,76135,Seine-Maritime,28.0,Normandie,130.0,1.0,1.0,2,2.0,28,Normandie,76,3,1,BouvilLe1013,12,1025,
202300015642,25,4,2023,10:10,1,76.0,76307,1,4,1.0,3.0,Rue Gaston Delahais,"49,63672100","0,20956100",,76.076307,76307,Seine-Maritime,28.0,Normandie,-1.0,3.0,2.0, -1,1.0,28,Normandie,76,2,26,Gonneville-la-Mallet,1363,13,1376.0
202300015711,27,4,2023,11:45,1,76.0,76057,2,1,1.0,6.0,Rue Jean-baptiste Lamarck,"49,53907200","0,95724300",,76.076057,76057,Seine-Maritime,28.0,Normandie,30.0,4.0,2.0,2,1.0,28,Normandie,76,3,1,Barentin,12154,238,12392.0
202300015736,25,4,2023,09:07,1,76.0,76157,1,1,1.0,5.0,A150,"49,45808000","1,04709000",,76.076157,76157,Seine-Maritime,28.0,Normandie,90.0,1.0,3.0,4,1.0,28,Normandie,76,3,4,Canteleu,13966,360,14326.0
202300015737,25,4,2023,09:35,1,76.0,76540,2,2,1.0,3.0,Rue du Renard,"49,45194000","1,06896000",,76.076540,76540,Seine-Maritime,28.0,Normandie,30.0,4.0,2.0,2,1.0,28,Normandie,76,3,97,Rouen,114083,1556,115639.0
202300015912,12,8,2023,15:00,1,76.0,76302,2,1,1.0,3.0,100 Route du Hameau de Versailles,"49,64455500","0,37897000",,76.076302,76302,Seine-Maritime,28.0,Normandie,-1.0,4.0,2.0,2,1.0,28,Normandie,76,2,32,GodervilLe2839,39,2878,
202300015955,7,7,2023,16:34,1,76.0,76655,1,3,1.0,7.0,D79,"49,85930000","0,68583000",,76.076655,76655,Seine-Maritime,28.0,Normandie,-1.0,3.0,2.0, -1,1.0,28,Normandie,76,1,33,Saint-Valery-en-Caux,3915,162,4077.0
202300015988,19,11,2023,06:35,2,76.0,76540,1,1,1.0,6.0,Route de Lyons la Foret,"49,43614000","1,13731000",,76.076540,76540,Seine-Maritime,28.0,Normandie,70.0,7.0,1.0,2,2.0,28,Normandie,76,3,97,Rouen,114083,1556,115639.0
202300016061,12,8,2023,11:20,1,76.0,76753,1,3,1.0,4.0,D13,"49,35543300","1,17510800",,76.076753,76753,Seine-Maritime,28.0,Normandie,20.0,7.0,2.0,2,1.0,28,Normandie,76,3,6,Ymare,1212,22,1234.0
202300016163,10,8,2023,06:00,3,76.0,76486,1,1,1.0,6.0,D132,"49,31499087","0,98608625",,76.076486,76486,Seine-Maritime,28.0,Normandie,70.0,7.0,2.0,2,1.0,28,Normandie,76,3,9,Orival,860,5,865.0
202300016172,9,8,2023,17:54,1,76.0,76351,2,5,1.0,7.0,RENE COTY,"49,49644167","0,11013454",,76.076351,76351,Seine-Maritime,28.0,Normandie,50.0,4.0,-1.0,4,1.0,28,Normandie,76,2,96,LeHavre,166058,1780,167838.0
202300016178,8,8,2023,12:00,1,76.0,76351,2,3,1.0,3.0,GUSTAVE NICOLLE,"49,49167000","0,14635000",,76.076351,76351,Seine-Maritime,28.0,Normandie,30.0,4.0,2.0,1,1.0,28,Normandie,76,2,96,LeHavre,166058,1780,167838.0
202300016336,20,11,2023,10:50,1,76.0,76489,1,1,2.0,6.0,RN 1029,"49,47414800","0,26946500",,76.076489,76489,Seine-Maritime,28.0,Normandie,90.0,2.0,3.0,2,2.0,28,Normandie,76,2,32,OudalLe479,12,491,
202300016349,4,7,2023,21:40,3,76.0,76305,1,1,3.0,7.0,RD 6015,"49,51215000","0,22191000",,76.076305,76305,Seine-Maritime,28.0,Normandie,90.0,3.0,3.0,0,3.0,28,Normandie,76,2,16,Gonfreville-l'Orcher,8961,44,9005.0
202300016395,1,6,2023,18:15,1,76.0,76540,2,1,1.0,3.0,Quai Gaston Boulet (Trémie),"49,44359600","1,07678900",,76.076540,76540,Seine-Maritime,28.0,Normandie,50.0,7.0,1.0,3,1.0,28,Normandie,76,3,97,Rouen,114083,1556,115639.0
202300016764,15,9,2023,09:00,1,76.0,76114,2,1,1.0,1.0,MARTYRS DE LA RESISTANCE (RUE DES),"49,57339000","0,47499000",,76.076114,76114,Seine-Maritime,28.0,Normandie,30.0,6.0,-1.0, -1,1.0,28,Normandie,76,2,3,Bolbec,11635,147,11782.0
202300016766,15,9,2023,08:55,1,76.0,76476,2,9,1.0,1.0,Rue Claude Bernard,"49,48608700","0,57189600",,76.076476,76476,Seine-Maritime,28.0,Normandie,50.0,3.0,1.0,1,1.0,28,Normandie,76,2,25,Port-Jérôme-sur-Seine,10387,172,10559.0
202300016910,23,12,2023,18:10,5,76.0,76231,2,6,8.0,6.0,Rue Jean Jaurès,"49,28724000","1,00907000",,76.076231,76231,Seine-Maritime,28.0,Normandie,50.0,7.0,2.0,2,1.0,28,Normandie,76,3,9,Elbeuf,15951,138,16089.0
202300017020,15,9,2023,17:45,1,76.0,76265,1,1,1.0,7.0,"A29, pk136.000","49,74195100","1,59418700",,76.076265,76265,Seine-Maritime,28.0,Normandie,130.0,1.0,3.0,2,1.0,28,Normandie,76,1,23,Flamets-Frétils,161,4,165.0
202300017041,15,9,2023,23:15,3,76.0,76587,1,1,1.0,7.0,D925,"49,77577900","0,46172900",,76.076587,76587,Seine-Maritime,28.0,Normandie,70.0,3.0,2.0,2,1.0,28,Normandie,76,2,11,Sainte-Hélène-BondevilLe715,19,734,
202300017267,1,2,2023,14:50,1,76.0,76540,2,1,1.0,2.0,Rue Louis Ricard,"49,44488000","1,09959000",,76.076540,76540,Seine-Maritime,28.0,Normandie,50.0,4.0,2.0,2,1.0,28,Normandie,76,3,97,Rouen,114083,1556,115639.0
202300017268,1,2,2023,14:25,1,76.0,76322,2,2,1.0,6.0,Avenue Léon Blum,"49,40663000","1,04984000",,76.076322,76322,Seine-Maritime,28.0,Normandie,20.0,4.0,2.0,2,1.0,28,Normandie,76,3,13,LeGrand-Quevilly,25975,225,26200.0
202300017269,30,1,2023,18:05,5,76.0,76540,2,3,8.0,6.0,Rue Edouard Fortier,"49,45399000","1,09386000",,76.076540,76540,Seine-Maritime,28.0,Normandie,50.0,4.0,2.0,2,1.0,28,Normandie,76,3,97,Rouen,114083,1556,115639.0
202300017419,14,10,2023,02:25,5,76.0,76351,2,3,1.0,6.0,JULES SIEGFRIED,"49,49226000","0,11026000",,76.076351,76351,Seine-Maritime,28.0,Normandie,50.0,4.0,2.0,2,1.0,28,Normandie,76,2,96,LeHavre,166058,1780,167838.0
202300017420,9,10,2023,18:30,1,76.0,76351,2,1,1.0,6.0,JULES LECESNE (RUE),"49,49280000","0,12329000",,76.076351,76351,Seine-Maritime,28.0,Normandie,50.0,4.0,2.0,1,1.0,28,Normandie,76,2,96,LeHavre,166058,1780,167838.0
202300017421,6,10,2023,21:20,5,76.0,76351,2,2,1.0,3.0,ARISTIDE BRIAND,"49,50088000","0,14443000",,76.076351,76351,Seine-Maritime,28.0,Normandie,50.0,4.0,2.0,2,1.0,28,Normandie,76,2,96,LeHavre,166058,1780,167838.0
202300017422,6,10,2023,19:30,5,76.0,76351,2,1,1.0,6.0,MONT GAILLARD (AVENUE DU),"49,52509000","0,11461000",,76.076351,76351,Seine-Maritime,28.0,Normandie,30.0,4.0,1.0,1,1.0,28,Normandie,76,2,96,LeHavre,166058,1780,167838.0
202300017576,23,4,2023,13:50,1,76.0,76351,2,4,2.0,3.0,WINSTON CHURCHILL,"49,49272799","0,13210952",,76.076351,76351,Seine-Maritime,28.0,Normandie,50.0,4.0,1.0,2,2.0,28,Normandie,76,2,96,LeHavre,166058,1780,167838.0
202300017633,25,4,2023,19:00,1,76.0,76320,1,4,1.0,6.0,La barronnerie,"49,92000115","1,48854822",,76.076320,76320,Seine-Maritime,28.0,Normandie,-1.0,3.0,2.0, -1,1.0,28,Normandie,76,1,23,Grandcourt,306,6,312.0
202300017636,25,4,2023,12:30,1,76.0,76571,1,2,1.0,3.0,D98,"49,57059695","1,31692842",,76.076571,76571,Seine-Maritime,28.0,Normandie,80.0,3.0,2.0, -1,1.0,28,Normandie,76,3,21,Sainte-Croix-sur-Buchy,683,10,693.0
202300017662,24,4,2023,22:30,3,76.0,76563,1,1,1.0,6.0,Route d'Oudalle,"49,51614400","0,32766400",,76.076563,76563,Seine-Maritime,28.0,Normandie,70.0,4.0,2.0,2,1.0,28,Normandie,76,2,32,Saint-Aubin-Routot,1954,20,1974.0
202300017826,6,7,2023,20:00,1,76.0,76618,2,1,1.0,7.0,Rue Jeanne d?Arc,"49,95932010","1,18807149",,76.076618,76618,Seine-Maritime,28.0,Normandie,50.0,4.0,2.0,2,1.0,28,Normandie,76,1,8,Petit-Caux,9625,210,9835.0
202300017853,9,8,2023,20:10,1,76.0,76231,2,2,1.0,6.0,Rue de la République,"49,29073000","0,99983000",,76.076231,76231,Seine-Maritime,28.0,Normandie,50.0,7.0,2.0,2,1.0,28,Normandie,76,3,9,Elbeuf,15951,138,16089.0
202300017963,31,5,2023,22:15,4,76.0,76575,1,1,1.0,3.0,Boulevard Lénine,"49,37903000","1,11135000",,76.076575,76575,Seine-Maritime,28.0,Normandie,70.0,7.0,3.0,4,1.0,28,Normandie,76,3,98,Saint-Étienne-du-Rouvray,28508,225,28733.0
202300017964,9,8,2023,17:45,1,76.0,76167,1,2,1.0,1.0,Route de Montivilliers,"49,57332800","0,15561100",,76.076167,76167,Seine-Maritime,28.0,Normandie,80.0,3.0,2.0,2,1.0,28,Normandie,76,2,26,Cauville-sur-Mer,1618,29,1647.0
202300018057,19,11,2023,18:10,3,76.0,76597,1,1,2.0,4.0,D149,"49,75317100","0,88954900",,76.076597,76597,Seine-Maritime,28.0,Normandie,80.0,3.0,2.0,2,2.0,28,Normandie,76,3,35,Saint-Laurent-en-Caux,749,12,761.0
202300018061,3,7,2023,11:35,1,76.0,76351,2,3,1.0,6.0,ACACIAS (DES),"49,50899000","0,14046000",,76.076351,76351,Seine-Maritime,28.0,Normandie,50.0,4.0,2.0,5,1.0,28,Normandie,76,2,96,LeHavre,166058,1780,167838.0
202300018165,10,8,2023,17:00,1,76.0,76684,1,1,1.0,6.0,D39,"49,48699500","0,46332500",,76.076684,76684,Seine-Maritime,28.0,Normandie,80.0,3.0,2.0,2,1.0,28,Normandie,76,2,3,TancarvilLe1218,24,1242,
202300018258,19,11,2023,14:15,1,76.0,76743,2,1,8.0,6.0,2743 Route de Duclair,"49,52755900","0,93040500",,76.076743,76743,Seine-Maritime,28.0,Normandie,30.0,3.0,2.0,2,1.0,28,Normandie,76,3,1,Villers-ÉcalLes1734,12,1746,
202300018279,7,8,2023,11:00,1,76.0,76351,2,3,1.0,3.0,LOUIS LUMIERE,"49,52703000","0,13002000",,76.076351,76351,Seine-Maritime,28.0,Normandie,50.0,3.0,2.0,2,1.0,28,Normandie,76,2,96,LeHavre,166058,1780,167838.0
202300018310,31,5,2023,14:15,1,76.0,76744,2,2,1.0,3.0,Rue du Caud Soleil,"49,83428700","1,56829800",,76.076744,76744,Seine-Maritime,28.0,Normandie,50.0,3.0,2.0,2,1.0,28,Normandie,76,1,10,Villers-sous-Foucarmont,185,3,188.0
202300018351,14,3,2023,06:05,5,76.0,76351,2,6,1.0,3.0,MARCEAU (RUE),"49,49181000","0,13264000",,76.076351,76351,Seine-Maritime,28.0,Normandie,50.0,4.0,3.0,4,2.0,28,Normandie,76,2,96,LeHavre,166058,1780,167838.0
202300018352,10,3,2023,23:30,5,76.0,76351,2,1,1.0,6.0,CLEMENCEAU (BD),"49,48446000","0,10245000",,76.076351,76351,Seine-Maritime,28.0,Normandie,30.0,4.0,2.0,2,1.0,28,Normandie,76,2,96,LeHavre,166058,1780,167838.0
202300018355,14,3,2023,17:30,1,76.0,76217,2,1,1.0,6.0,VERDUN (BOULEVARD DE),"49,92556000","1,07127000",,76.076217,76217,Seine-Maritime,28.0,Normandie,30.0,4.0,-1.0,2,1.0,28,Normandie,76,1,95,Dieppe,28358,455,28813.0
202300018364,17,11,2023,07:55,2,76.0,76681,2,1,3.0,3.0,Pont de 4 Mares,"49,40482000","1,10745000",,76.076681,76681,Seine-Maritime,28.0,Normandie,50.0,7.0,2.0,2,2.0,28,Normandie,76,3,99,Sotteville-lès-Rouen,28965,475,29440.0
202300018367,16,11,2023,16:30,1,76.0,76351,2,4,2.0,2.0,GENERAL FERRIE (AVENUE),"49,50447300","0,17774500",,76.076351,76351,Seine-Maritime,28.0,Normandie,50.0,4.0,2.0,2,2.0,28,Normandie,76,2,96,LeHavre,166058,1780,167838.0
202300018488,30,5,2023,09:00,1,76.0,76540,2,2,1.0,3.0,Rue Martainville,"49,43809000","1,10509000",,76.076540,76540,Seine-Maritime,28.0,Normandie,30.0,4.0,2.0,2,1.0,28,Normandie,76,3,97,Rouen,114083,1556,115639.0
202300018490,29,5,2023,18:10,1,76.0,76351,2,1,1.0,6.0,JENNER (TUNNEL),"49,50814000","0,13614000",,76.076351,76351,Seine-Maritime,28.0,Normandie,50.0,4.0,3.0,6,1.0,28,Normandie,76,2,96,LeHavre,166058,1780,167838.0
202300018494,27,5,2023,09:16,1,76.0,76351,2,1,1.0,3.0,PAUL BERT (AVENUE).,"49,50703000","0,16933000",,76.076351,76351,Seine-Maritime,28.0,Normandie,50.0,4.0,2.0,2,1.0,28,Normandie,76,2,96,LeHavre,166058,1780,167838.0
202300018500,27,5,2023,03:24,5,76.0,76351,2,2,1.0,6.0,LENINGRAD (BD DE),"49,49875000","0,15911000",,76.076351,76351,Seine-Maritime,28.0,Normandie,50.0,4.0,2.0,2,1.0,28,Normandie,76,2,96,LeHavre,166058,1780,167838.0
202300018501,26,5,2023,16:50,1,76.0,76351,1,1,1.0,7.0,FELIX FAURE,"49,50069000","0,10763000",,76.076351,76351,Seine-Maritime,28.0,Normandie,50.0,4.0,2.0,2,1.0,28,Normandie,76,2,96,LeHavre,166058,1780,167838.0
202300018590,22,12,2023,08:45,2,76.0,76322,2,1,2.0,6.0,Avenue des Canadiens,"49,40262977","1,06549283",,76.076322,76322,Seine-Maritime,28.0,Normandie,50.0,7.0,2.0,2,2.0,28,Normandie,76,3,13,LeGrand-Quevilly,25975,225,26200.0
202300018595,21,12,2023,12:35,1,76.0,76270,2,1,1.0,6.0,JEAN JAURES,"49,53325000","0,14602000",,76.076270,76270,Seine-Maritime,28.0,Normandie,50.0,3.0,2.0,2,2.0,28,Normandie,76,2,26,Fontaine-la-Mallet,2635,54,2689.0
202300018600,21,12,2023,01:05,5,76.0,76351,2,1,2.0,1.0,JULES LECESNE (RUE),"49,49380000","0,11321000",,76.076351,76351,Seine-Maritime,28.0,Normandie,50.0,4.0,2.0,2,2.0,28,Normandie,76,2,96,LeHavre,166058,1780,167838.0
202300018605,20,12,2023,13:55,1,76.0,76351,2,2,1.0,3.0,GRAVILLE (BD DE),"49,49231000","0,14839000",,76.076351,76351,Seine-Maritime,28.0,Normandie,50.0,4.0,2.0,5,1.0,28,Normandie,76,2,96,LeHavre,166058,1780,167838.0
202300018686,13,9,2023,15:25,1,76.0,76212,2,2,1.0,6.0,Rue Sadi Carnot,"49,44110000","1,14906000",,76.076212,76212,Seine-Maritime,28.0,Normandie,50.0,7.0,2.0,2,1.0,28,Normandie,76,3,6,Darnétal,9738,74,9812.0
202300018757,5,3,2023,01:45,5,76.0,76351,2,1,1.0,7.0,PARIS (DE),"49,49203000","0,10777000",,76.076351,76351,Seine-Maritime,28.0,Normandie,50.0,4.0,2.0,4,1.0,28,Normandie,76,2,96,LeHavre,166058,1780,167838.0
202300018913,23,12,2023,17:45,3,76.0,76235,1,1,2.0,1.0,Rue Turold,"49,90450300","1,26136800",,76.076235,76235,Seine-Maritime,28.0,Normandie,80.0,3.0,2.0,2,2.0,28,Normandie,76,1,8,Envermeu,1978,132,2110.0
202300019008,15,9,2023,18:30,1,76.0,76391,1,1,1.0,6.0,A13,"49,33910500","0,96170100",,76.076391,76391,Seine-Maritime,28.0,Normandie,130.0,1.0,3.0,6,1.0,28,Normandie,76,3,9,La Londe,2362,71,2433.0
202300019078,30,1,2023,19:30,5,76.0,76351,2,3,1.0,6.0,IRENE JOLIOT CURIE (RUE),"49,51350000","0,10452000",,76.076351,76351,Seine-Maritime,28.0,Normandie,-1.0,4.0,2.0, -1,1.0,28,Normandie,76,2,96,LeHavre,166058,1780,167838.0
202300019209,31,1,2023,17:45,1,76.0,76717,2,3,1.0,3.0,1 Quai Napoléon,"49,37744300","1,00224300",,76.076717,76717,Seine-Maritime,28.0,Normandie,50.0,7.0,2.0,2,1.0,28,Normandie,76,3,4,Val-de-la-Haye,708,6,714.0
202300019257,30,1,2023,16:40,1,76.0,76103,2,3,1.0,6.0,Route de Paris,"49,42411000","1,12303000",,76.076103,76103,Seine-Maritime,28.0,Normandie,50.0,7.0,2.0,2,1.0,28,Normandie,76,3,6,Bonsecours,6455,95,6550.0
202300019599,3,4,2023,16:15,1,76.0,76540,2,1,1.0,3.0,Quai de Paris,"49,43637328","1,09939992",,76.076540,76540,Seine-Maritime,28.0,Normandie,50.0,7.0,1.0,1,1.0,28,Normandie,76,3,97,Rouen,114083,1556,115639.0
202300019601,21,4,2023,07:55,1,76.0,76681,2,2,1.0,3.0,Rue Victor Hugo,"49,41201000","1,09638000",,76.076681,76681,Seine-Maritime,28.0,Normandie,50.0,4.0,2.0,2,1.0,28,Normandie,76,3,99,Sotteville-lès-Rouen,28965,475,29440.0
202300019603,21,4,2023,08:55,1,76.0,76341,1,4,1.0,6.0,RD 6015,"49,50320000","0,19422000",,76.076341,76341,Seine-Maritime,28.0,Normandie,70.0,3.0,1.0,2,1.0,28,Normandie,76,2,15,Harfleur,8315,53,8368.0
202300019605,20,4,2023,02:10,5,76.0,76351,2,6,1.0,3.0,MARCEAU (RUE),"49,49181000","0,13285000",,76.076351,76351,Seine-Maritime,28.0,Normandie,50.0,4.0,2.0,2,1.0,28,Normandie,76,2,96,LeHavre,166058,1780,167838.0
202300019804,3,7,2023,20:40,2,76.0,76575,2,2,1.0,3.0,RONDEAUX. RUE JEAN,"49,38575000","1,09950000",,76.076575,76575,Seine-Maritime,28.0,Normandie,50.0,7.0,2.0,2,1.0,28,Normandie,76,3,98,Saint-Étienne-du-Rouvray,28508,225,28733.0
202300019806,3,7,2023,19:25,1,76.0,76157,2,3,1.0,6.0,Rue Camille Pissarro,"49,45209955","1,03418416",,76.076157,76157,Seine-Maritime,28.0,Normandie,30.0,7.0,2.0,2,1.0,28,Normandie,76,3,4,Canteleu,13966,360,14326.0
202300019807,2,7,2023,19:17,1,76.0,76305,1,1,1.0,7.0,D 6382,"49,49886688","0,20249605",,76.076305,76305,Seine-Maritime,28.0,Normandie,50.0,3.0,1.0,0,9.0,28,Normandie,76,2,16,Gonfreville-l'Orcher,8961,44,9005.0
202300019809,1,7,2023,12:50,1,76.0,76259,2,1,7.0,1.0,MANDELA ( BOULEVARD NELSON),"49,74609000","0,39132520",,76.076259,76259,Seine-Maritime,28.0,Normandie,50.0,3.0,2.0,2,1.0,28,Normandie,76,2,11,Fécamp,18016,269,18285.0
202300019940,9,8,2023,11:08,1,76.0,76014,2,3,1.0,3.0,D125,"49,59051700","0,27354200",,76.076014,76014,Seine-Maritime,28.0,Normandie,80.0,3.0,2.0,2,1.0,28,Normandie,76,2,26,Angerville-l'Orcher,1394,14,1408.0
202300019941,8,8,2023,16:15,1,76.0,76508,2,7,1.0,2.0,Rue du Major Frost,"49,67197915","0,18880069",,76.076508,76508,Seine-Maritime,28.0,Normandie,50.0,4.0,2.0,2,1.0,28,Normandie,76,2,26,La Poterie-Cap-d'Antifer,453,15,468.0