Num_Acc,jour,mois,an,hrmn,lum,dep,com,agg,int,atm,col,adr,lat,long,gps,com_insee_temp,com_insee,departmentName,regionCode,regionName,vma,catr,circ,nbv,surf,Code,Region,Departement,Arrondissement,Code_Canton,Nom_Commune,Population_municipaLe,Population_comptee_a_part,Population_Totale
202300019962,8,8,2023,09:55,1,76.0,76255,2,1,8.0,6.0,Rue Jean Duhornay,"50,04846600","1,41344400",,76.076255,76255,Seine-Maritime,28.0,Normandie,50.0,3.0,2.0,2,1.0,28,Normandie,76,1,10,Eu,6591,197,6788.0
202300020048,31,5,2023,07:45,1,76.0,76100,1,2,1.0,1.0,Route de la Vieux-rue,"49,50082400","1,26283200",,76.076100,76100,Seine-Maritime,28.0,Normandie,-1.0,3.0,2.0, -1,1.0,28,Normandie,76,3,21,Blainville-Crevon,1227,19,1246.0
202300020137,4,8,2023,14:45,1,76.0,76351,2,1,1.0,3.0,VERDUN (RUE DE),"49,50234000","0,18826000",,76.076351,76351,Seine-Maritime,28.0,Normandie,50.0,3.0,2.0,2,1.0,28,Normandie,76,2,96,LeHavre,166058,1780,167838.0
202300020155,31,5,2023,07:45,1,76.0,76684,1,6,1.0,3.0,D910,"49,47777300","0,45869000",,76.076684,76684,Seine-Maritime,28.0,Normandie,50.0,3.0,2.0,2,1.0,28,Normandie,76,2,3,TancarvilLe1218,24,1242,
202300020324,13,3,2023,19:45,3,76.0,76093,1,1,3.0,1.0,D916,"49,42150800","1,64095000",,76.076093,76093,Seine-Maritime,28.0,Normandie,80.0,3.0,-1.0,2,2.0,28,Normandie,76,1,12,Bézancourt,360,13,373.0
202300020390,30,5,2023,08:15,1,76.0,76342,1,1,1.0,3.0,365 Chemin de la Cayenne,"49,65686700","0,54519900",,76.076342,76342,Seine-Maritime,28.0,Normandie,80.0,4.0,2.0,2,1.0,28,Normandie,76,2,33,HattenvilLe709,7,716,
202300020392,16,11,2023,23:20,5,76.0,76540,2,1,2.0,6.0,Rue de Lillebonne,"49,44704000","1,06493000",,76.076540,76540,Seine-Maritime,28.0,Normandie,30.0,4.0,1.0,2,2.0,28,Normandie,76,3,97,Rouen,114083,1556,115639.0
202300020395,16,11,2023,19:15,5,76.0,76681,2,2,8.0,3.0,Rue Pierre Corneille,"49,42123000","1,09268000",,76.076681,76681,Seine-Maritime,28.0,Normandie,50.0,7.0,2.0,2,2.0,28,Normandie,76,3,99,Sotteville-lès-Rouen,28965,475,29440.0
202300020432,29,5,2023,17:45,1,76.0,76719,1,1,1.0,7.0,D10,"49,74316400","0,52562700",,76.076719,76719,Seine-Maritime,28.0,Normandie,80.0,3.0,2.0,2,9.0,28,Normandie,76,2,11,Valmont,867,15,882.0
202300020707,13,9,2023,11:25,1,76.0,76281,1,2,1.0,3.0,D484,"49,52495400","0,58190000",,76.076281,76281,Seine-Maritime,28.0,Normandie,80.0,3.0,2.0,0,1.0,28,Normandie,76,2,25,La Frénaye,2081,44,2125.0
202300020832,21,12,2023,20:30,5,76.0,76540,2,3,1.0,3.0,Rue Abbe Lemire,"49,43226373","1,08436346",,76.076540,76540,Seine-Maritime,28.0,Normandie,30.0,7.0,2.0,2,1.0,28,Normandie,76,3,97,Rouen,114083,1556,115639.0
202300020836,21,12,2023,07:50,5,76.0,76351,2,1,2.0,3.0,GRAVILLE (BD DE),"49,48754000","0,15064000",,76.076351,76351,Seine-Maritime,28.0,Normandie,50.0,4.0,2.0,4,2.0,28,Normandie,76,2,96,LeHavre,166058,1780,167838.0
202300020842,20,12,2023,14:40,1,76.0,76351,2,6,1.0,3.0,MARCEAU (RUE),"49,48537000","0,13673000",,76.076351,76351,Seine-Maritime,28.0,Normandie,50.0,4.0,2.0,2,2.0,28,Normandie,76,2,96,LeHavre,166058,1780,167838.0
202300020847,21,12,2023,18:00,5,76.0,76545,2,6,1.0,2.0,BREAUTE (AVENUE),"49,91406000","1,09245000",,76.076545,76545,Seine-Maritime,28.0,Normandie,50.0,3.0,2.0,2,1.0,28,Normandie,76,1,7,Rouxmesnil-BouteilLes1814,33,1847,
202300021141,20,12,2023,19:50,3,76.0,76057,1,1,2.0,2.0,A150,"49,52773400","0,95204100",,76.076057,76057,Seine-Maritime,28.0,Normandie,110.0,1.0,3.0,2,2.0,28,Normandie,76,3,1,Barentin,12154,238,12392.0
202300021338,13,10,2023,13:30,1,76.0,76451,2,3,1.0,3.0,Avenue du Mont aux Malades,"49,46602000","1,07109000",,76.076451,76451,Seine-Maritime,28.0,Normandie,50.0,4.0,2.0,2,1.0,28,Normandie,76,3,22,Mont-Saint-Aignan,20066,415,20481.0
202300021361,3,7,2023,17:00,1,76.0,76602,1,1,1.0,1.0,Route d?Amiens,"49,67454000","1,10207000",,76.076602,76602,Seine-Maritime,28.0,Normandie,80.0,3.0,2.0,2,1.0,28,Normandie,76,1,20,Saint-Maclou-de-FollevilLe614,12,626,
202300021468,4,7,2023,17:30,1,76.0,76401,1,1,1.0,6.0,Route du Fayel,"49,49630000","0,72061000",,76.076401,76401,Seine-Maritime,28.0,Normandie,80.0,3.0,2.0,2,1.0,28,Normandie,76,3,25,Arelaune-en-Seine,2518,43,2561.0
202300021701,21,4,2023,19:08,1,76.0,76529,2,1,1.0,1.0,5a Rue des Tisserands,"49,72743000","0,56224300",,76.076529,76529,Seine-Maritime,28.0,Normandie,50.0,4.0,2.0,2,1.0,28,Normandie,76,2,11,RivilLe307,6,313,
202300021734,8,8,2023,13:50,1,76.0,76650,1,3,1.0,3.0,D39,"49,61239900","0,29053200",,76.076650,76650,Seine-Maritime,28.0,Normandie,80.0,3.0,2.0,2,1.0,28,Normandie,76,2,32,Saint-Sauveur-d'ÉmallevilLe1226,28,1254,
202300021764,21,4,2023,18:15,1,76.0,76321,2,9,1.0,1.0,500 Route de Dieppe,"49,78828100","1,22294800",,76.076321,76321,Seine-Maritime,28.0,Normandie,50.0,3.0,2.0,2,1.0,28,Normandie,76,1,23,LesGrandes-Ventes,1746,27,1773.0
202300021766,21,4,2023,15:07,1,76.0,76684,1,1,1.0,7.0,D39,"49,48801900","0,45885100",,76.076684,76684,Seine-Maritime,28.0,Normandie,80.0,3.0,2.0,2,1.0,28,Normandie,76,2,3,TancarvilLe1218,24,1242,
202300021888,5,8,2023,10:50,1,76.0,76451,2,6,1.0,6.0,Avenue du Mont aux Malades,"49,46241000","1,07696000",,76.076451,76451,Seine-Maritime,28.0,Normandie,50.0,4.0,2.0,2,1.0,28,Normandie,76,3,22,Mont-Saint-Aignan,20066,415,20481.0
202300021889,4,8,2023,09:40,1,76.0,76217,2,1,1.0,3.0,GROULARD (CLAUDE),"49,92316000","1,07316000",,76.076217,76217,Seine-Maritime,28.0,Normandie,50.0,4.0,-1.0,2,1.0,28,Normandie,76,1,95,Dieppe,28358,455,28813.0
202300021890,3,8,2023,09:40,1,76.0,76026,1,1,2.0,7.0,RN 27,"49,87166000","1,11728000",,76.076026,76026,Seine-Maritime,28.0,Normandie,110.0,2.0,1.0,2,2.0,28,Normandie,76,1,8,Arques-la-BatailLe2480,44,2524,
202300021891,5,8,2023,01:35,5,76.0,76476,2,3,1.0,3.0,DUFY  RAOUL (RUE),"49,48623000","0,58723000",,76.076476,76476,Seine-Maritime,28.0,Normandie,30.0,4.0,2.0,2,1.0,28,Normandie,76,2,25,Port-Jérôme-sur-Seine,10387,172,10559.0
202300021892,4,8,2023,08:15,1,76.0,76114,2,1,1.0,6.0,GAMBETTA LEON (RUE),"49,56961000","0,47134000",,76.076114,76114,Seine-Maritime,28.0,Normandie,50.0,3.0,1.0,1,1.0,28,Normandie,76,2,3,Bolbec,11635,147,11782.0
202300022076,9,3,2023,18:48,5,76.0,76540,2,2,2.0,3.0,Rue Robert Schuman,"49,43791000","1,10210000",,76.076540,76540,Seine-Maritime,28.0,Normandie,50.0,4.0,2.0,0,2.0,28,Normandie,76,3,97,Rouen,114083,1556,115639.0
202300022266,16,11,2023,11:35,1,76.0,76244,1,1,3.0,3.0,A28 - PK 063.000,"49,71321400","1,39481300",,76.076244,76244,Seine-Maritime,28.0,Normandie,130.0,1.0,2.0,2,3.0,28,Normandie,76,1,23,EsclavelLes386,6,392,
202300022279,28,1,2023,14:50,1,76.0,76636,1,1,1.0,7.0,Route de Rouen,"49,50035400","0,94232400",,76.076636,76636,Seine-Maritime,28.0,Normandie,70.0,7.0,2.0,2,1.0,28,Normandie,76,3,1,Saint-Pierre-de-VarengevilLe2299,33,2332,
202300022308,16,11,2023,15:00,1,76.0,76400,2,9,2.0,3.0,Rue des Ecuyers,"49,82288200","0,91973100",,76.076400,76400,Seine-Maritime,28.0,Normandie,50.0,4.0,2.0,2,2.0,28,Normandie,76,1,20,Luneray,2170,36,2206.0
202300022312,17,11,2023,15:25,1,76.0,76377,2,3,7.0,6.0,2892 Route de Neufchatel,"49,50726900","1,16259000",,76.076377,76377,Seine-Maritime,28.0,Normandie,50.0,7.0,2.0,2,2.0,28,Normandie,76,3,2,IsneauvilLe3657,64,3721,
202300022473,27,1,2023,15:00,1,76.0,76540,2,1,1.0,6.0,Boulevard de Verdun,"49,44552918","1,10878882",,76.076540,76540,Seine-Maritime,28.0,Normandie,50.0,7.0,2.0,2,1.0,28,Normandie,76,3,97,Rouen,114083,1556,115639.0
202300022475,26,1,2023,21:00,5,76.0,76305,1,1,2.0,6.0,D 6382,"49,49995000","0,19598000",,76.076305,76305,Seine-Maritime,28.0,Normandie,70.0,3.0,2.0,2,2.0,28,Normandie,76,2,16,Gonfreville-l'Orcher,8961,44,9005.0
202300022479,25,1,2023,16:05,1,76.0,76351,2,1,1.0,6.0,Rue des Martyrs,"49,51403800","0,10939000",,76.076351,76351,Seine-Maritime,28.0,Normandie,50.0,4.0,-1.0,2,1.0,28,Normandie,76,2,96,LeHavre,166058,1780,167838.0
202300022501,28,5,2023,22:20,3,76.0,76177,1,2,1.0,3.0,D151,"49,60029900","1,17761300",,76.076177,76177,Seine-Maritime,28.0,Normandie,80.0,3.0,2.0,2,1.0,28,Normandie,76,3,2,Claville-MottevilLe267,6,273,
202300022680,15,11,2023,14:30,1,76.0,76322,2,2,1.0,3.0,Rue Guy de Maupassant,"49,41656200","1,03787900",,76.076322,76322,Seine-Maritime,28.0,Normandie,50.0,4.0,1.0,2,1.0,28,Normandie,76,3,13,LeGrand-Quevilly,25975,225,26200.0
202300022736,9,9,2023,06:40,2,76.0,76351,1,6,5.0,6.0,RD 982,"49,50349000","0,19235000",,76.076351,76351,Seine-Maritime,28.0,Normandie,50.0,3.0,3.0,0,1.0,28,Normandie,76,2,96,LeHavre,166058,1780,167838.0
202300022739,10,9,2023,03:05,3,76.0,76351,2,1,1.0,6.0,Chemin Rural 47 Bléville,"49,52771300","0,08358100",,76.076351,76351,Seine-Maritime,28.0,Normandie,50.0,4.0,2.0,2,1.0,28,Normandie,76,2,96,LeHavre,166058,1780,167838.0
202300022742,9,9,2023,09:55,1,76.0,76351,2,2,1.0,6.0,MARECHAL JOFFRE (RUE),"49,49990000","0,13018000",,76.076351,76351,Seine-Maritime,28.0,Normandie,50.0,4.0,2.0,4,1.0,28,Normandie,76,2,96,LeHavre,166058,1780,167838.0
202300022755,19,12,2023,20:55,5,76.0,76640,2,1,2.0,1.0,Rue de Louviers,"49,26829000","1,04622000",,76.076640,76640,Seine-Maritime,28.0,Normandie,50.0,7.0,2.0,2,2.0,28,Normandie,76,3,5,Saint-Pierre-lès-Elbeuf,8285,87,8372.0
202300022760,19,12,2023,15:35,1,76.0,76351,2,2,2.0,3.0,LOUIS EUDIER,"49,48521000","0,13039000",,76.076351,76351,Seine-Maritime,28.0,Normandie,-1.0,4.0,2.0, -1,2.0,28,Normandie,76,2,96,LeHavre,166058,1780,167838.0
202300023123,19,12,2023,19:25,5,76.0,76108,2,1,3.0,6.0,Chemin de Clères,"49,46386842","1,09887421",,76.076108,76108,Seine-Maritime,28.0,Normandie,50.0,7.0,2.0,2,2.0,28,Normandie,76,3,2,Bois-Guillaume,14262,361,14623.0
202300023124,18,12,2023,19:20,5,76.0,76351,2,2,1.0,3.0,GEORGE V (QUAI),"49,49075000","0,11675000",,76.076351,76351,Seine-Maritime,28.0,Normandie,50.0,4.0,1.0,4,1.0,28,Normandie,76,2,96,LeHavre,166058,1780,167838.0
202300023125,19,12,2023,02:45,3,76.0,76341,1,1,1.0,6.0,RD 489,"49,52180000","0,18977000",,76.076341,76341,Seine-Maritime,28.0,Normandie,50.0,3.0,3.0,2,1.0,28,Normandie,76,2,15,Harfleur,8315,53,8368.0
202300023126,18,12,2023,11:26,1,76.0,76351,2,2,1.0,3.0,WINSTON CHURCHILL,"49,49408000","0,13872000",,76.076351,76351,Seine-Maritime,28.0,Normandie,50.0,4.0,2.0,2,1.0,28,Normandie,76,2,96,LeHavre,166058,1780,167838.0
202300023127,17,12,2023,02:25,5,76.0,76351,2,1,1.0,7.0,VICTOR HUGO,"49,49167493","0,10901016",,76.076351,76351,Seine-Maritime,28.0,Normandie,50.0,4.0,1.0,2,1.0,28,Normandie,76,2,96,LeHavre,166058,1780,167838.0
202300023298,2,7,2023,16:12,1,76.0,76238,1,1,1.0,3.0,D925,"49,57233300","0,23472500",,76.076238,76238,Seine-Maritime,28.0,Normandie,80.0,3.0,2.0,2,1.0,28,Normandie,76,2,26,ÉpouvilLe2641,38,2679,
202300023312,30,6,2023,12:05,1,76.0,76067,1,1,1.0,7.0,Rn 31 les Carreaux,"49,46622800","1,61979700",,76.076067,76067,Seine-Maritime,28.0,Normandie,80.0,2.0,2.0,2,1.0,28,Normandie,76,1,12,Beauvoir-en-Lyons,598,15,613.0
202300023520,21,4,2023,09:40,1,76.0,76271,1,1,1.0,1.0,Route de Rouen,"49,55831900","1,15294200",,76.076271,76271,Seine-Maritime,28.0,Normandie,80.0,3.0,2.0,2,1.0,28,Normandie,76,3,2,Fontaine-le-Bourg,1843,18,1861.0
202300023613,19,4,2023,11:50,1,76.0,76231,2,2,1.0,3.0,Rue Jean Jaurès,"49,29136600","1,00997400",,76.076231,76231,Seine-Maritime,28.0,Normandie,50.0,7.0,2.0,2,1.0,28,Normandie,76,3,9,Elbeuf,15951,138,16089.0
202300023865,28,5,2023,00:30,3,76.0,76486,1,1,1.0,1.0,Chemin de l'Étoile,"49,33411255","1,00232667",,76.076486,76486,Seine-Maritime,28.0,Normandie,80.0,7.0,2.0,2,1.0,28,Normandie,76,3,9,Orival,860,5,865.0
202300023868,28,5,2023,00:10,5,76.0,76322,2,1,1.0,3.0,Avenue des Canadiens,"49,40137776","1,06470381",,76.076322,76322,Seine-Maritime,28.0,Normandie,50.0,7.0,2.0,2,1.0,28,Normandie,76,3,13,LeGrand-Quevilly,25975,225,26200.0
202300023877,9,3,2023,09:00,1,76.0,76451,2,1,1.0,6.0,Avenue du Mont aux Malades,"49,46538238","1,07209784",,76.076451,76451,Seine-Maritime,28.0,Normandie,50.0,4.0,-1.0,2,1.0,28,Normandie,76,3,22,Mont-Saint-Aignan,20066,415,20481.0
202300023990,5,8,2023,22:32,3,76.0,76317,1,1,3.0,6.0,Route de Bretteville,"49,65325200","0,40331800",,76.076317,76317,Seine-Maritime,28.0,Normandie,80.0,3.0,2.0,2,2.0,28,Normandie,76,2,32,Grainville-YmauvilLe426,12,438,
202300024081,26,1,2023,15:00,1,76.0,76540,1,1,1.0,3.0,A150,"49,45100000","1,05729000",,76.076540,76540,Seine-Maritime,28.0,Normandie,70.0,1.0,3.0,4,1.0,28,Normandie,76,3,97,Rouen,114083,1556,115639.0
202300024471,27,5,2023,15:55,1,76.0,76024,1,1,1.0,2.0,Lieu dit Beau Regard,"49,75369800","1,26190400",,76.076024,76024,Seine-Maritime,28.0,Normandie,-1.0,5.0,2.0,2,6.0,28,Normandie,76,1,23,Ardouval,155,4,159.0
202300024482,8,3,2023,19:30,5,76.0,76540,2,4,2.0,6.0,Avenue Jean Rondeaux,"49,42840500","1,07086100",,76.076540,76540,Seine-Maritime,28.0,Normandie,50.0,7.0,2.0,4,2.0,28,Normandie,76,3,97,Rouen,114083,1556,115639.0
202300024488,8,3,2023,13:30,1,76.0,76217,2,3,1.0,3.0,CANADIENS (AVENUE DES)  RD925,"49,91364000","1,07510000",,76.076217,76217,Seine-Maritime,28.0,Normandie,-1.0,3.0,2.0, -1,2.0,28,Normandie,76,1,95,Dieppe,28358,455,28813.0
202300024599,26,5,2023,16:50,1,76.0,76540,2,2,1.0,6.0,Rue Saint Eloi,"49,44043000","1,08658000",,76.076540,76540,Seine-Maritime,28.0,Normandie,30.0,4.0,2.0,2,1.0,28,Normandie,76,3,97,Rouen,114083,1556,115639.0
202300024601,25,5,2023,15:40,1,76.0,76351,2,6,1.0,7.0,FRISSARD (QUAI),"49,49157000","0,13257000",,76.076351,76351,Seine-Maritime,28.0,Normandie,50.0,4.0,2.0,2,1.0,28,Normandie,76,2,96,LeHavre,166058,1780,167838.0
202300024711,13,11,2023,11:40,1,76.0,76351,2,3,2.0,6.0,GRAND HAMEAU (Avenue du ),"49,52061000","0,11071000",,76.076351,76351,Seine-Maritime,28.0,Normandie,50.0,4.0,2.0,5,2.0,28,Normandie,76,2,96,LeHavre,166058,1780,167838.0
202300024714,13,11,2023,09:40,1,76.0,76351,2,2,2.0,1.0,BOIS AU COQ (AVENUE),"49,51840000","0,11668000",,76.076351,76351,Seine-Maritime,28.0,Normandie,50.0,4.0,2.0,2,2.0,28,Normandie,76,2,96,LeHavre,166058,1780,167838.0
202300024717,10,11,2023,22:39,5,76.0,76351,2,2,1.0,3.0,GENERAL SARRAIL,"49,49588000","0,11902000",,76.076351,76351,Seine-Maritime,28.0,Normandie,50.0,4.0,2.0,2,1.0,28,Normandie,76,2,96,LeHavre,166058,1780,167838.0
202300024726,10,9,2023,22:15,3,76.0,76361,1,1,1.0,6.0,route départementale 940,"49,61303200","0,15584700",,76.076361,76361,Seine-Maritime,28.0,Normandie,80.0,3.0,2.0,2,1.0,28,Normandie,76,2,26,HeuquevilLe720,9,729,
202300025013,17,12,2023,17:50,5,76.0,76351,2,2,1.0,3.0,SPORTS,"49,51379000","0,12982000",,76.076351,76351,Seine-Maritime,28.0,Normandie,50.0,4.0,2.0,2,1.0,28,Normandie,76,2,96,LeHavre,166058,1780,167838.0
202300025167,28,6,2023,20:30,1,76.0,76351,2,3,1.0,3.0,JEAN JAURES (AVENUE),"49,50086000","0,17817000",,76.076351,76351,Seine-Maritime,28.0,Normandie,50.0,4.0,2.0,4,1.0,28,Normandie,76,2,96,LeHavre,166058,1780,167838.0
202300025328,13,10,2023,15:30,1,76.0,76198,1,1,2.0,7.0,RUE DE LA GROTTE,"49,67210100","0,85112900",,76.076198,76198,Seine-Maritime,28.0,Normandie,70.0,3.0,2.0,2,6.0,28,Normandie,76,3,35,Criquetot-sur-OuvilLe788,19,807,
202300025329,11,10,2023,07:45,1,76.0,76142,1,1,1.0,2.0,75 Route de Forges - D915,"49,53145100","1,63710200",,76.076142,76142,Seine-Maritime,28.0,Normandie,80.0,3.0,2.0,2,1.0,28,Normandie,76,1,12,Brémontier-Merval,445,124,569.0
202300025330,13,10,2023,10:30,1,76.0,76330,2,1,1.0,1.0,332 Rue du Coudray,"49,82775200","0,90414400",,76.076330,76330,Seine-Maritime,28.0,Normandie,-1.0,3.0,2.0,2,1.0,28,Normandie,76,1,20,Gruchet-Saint-Siméon,681,20,701.0
202300025419,8,10,2023,04:30,5,76.0,76351,2,1,1.0,7.0,JENNER (PLACE),"49,50825000","0,13626000",,76.076351,76351,Seine-Maritime,28.0,Normandie,50.0,4.0,1.0,3,1.0,28,Normandie,76,2,96,LeHavre,166058,1780,167838.0
202300025464,12,4,2023,17:50,1,76.0,76540,2,2,1.0,3.0,Route du Havre,"49,45276620","1,05666697",,76.076540,76540,Seine-Maritime,28.0,Normandie,50.0,7.0,2.0,3,1.0,28,Normandie,76,3,97,Rouen,114083,1556,115639.0
202300025466,11,4,2023,10:29,1,76.0,76351,2,3,1.0,6.0,RENE COTY,"49,49520000","0,10983000",,76.076351,76351,Seine-Maritime,28.0,Normandie,50.0,4.0,2.0,4,1.0,28,Normandie,76,2,96,LeHavre,166058,1780,167838.0
202300025484,16,4,2023,15:10,1,76.0,76351,2,3,1.0,3.0,LOUIS BLANC,"49,50725311","0,12630093",,76.076351,76351,Seine-Maritime,28.0,Normandie,50.0,4.0,2.0,2,1.0,28,Normandie,76,2,96,LeHavre,166058,1780,167838.0
202300025668,25,1,2023,09:00,2,76.0,76231,1,1,8.0,7.0,Rue du Thuit Anger,"49,28238100","0,99142400",,76.076231,76231,Seine-Maritime,28.0,Normandie,30.0,7.0,2.0,2,2.0,28,Normandie,76,3,9,Elbeuf,15951,138,16089.0
202300025671,24,1,2023,07:25,2,76.0,76540,2,2,1.0,3.0,Rue d'Ornay,"49,44323000","1,12272000",,76.076540,76540,Seine-Maritime,28.0,Normandie,30.0,4.0,2.0,2,1.0,28,Normandie,76,3,97,Rouen,114083,1556,115639.0
202300025673,24,1,2023,15:45,1,76.0,76351,2,3,1.0,1.0,BELLOT,"49,48534000","0,12710000",,76.076351,76351,Seine-Maritime,28.0,Normandie,50.0,4.0,2.0,2,1.0,28,Normandie,76,2,96,LeHavre,166058,1780,167838.0
202300025857,24,1,2023,06:30,5,76.0,76540,2,3,1.0,3.0,Boulevard du Midi,"49,43378800","1,04392600",,76.076540,76540,Seine-Maritime,28.0,Normandie,50.0,4.0,2.0,2,1.0,28,Normandie,76,3,97,Rouen,114083,1556,115639.0
202300025859,22,1,2023,22:00,5,76.0,76351,2,1,1.0,6.0,JULES DURAND (BD),"49,49264000","0,16913000",,76.076351,76351,Seine-Maritime,28.0,Normandie,50.0,3.0,2.0,2,2.0,28,Normandie,76,2,96,LeHavre,166058,1780,167838.0
202300025863,22,1,2023,02:30,5,76.0,76552,2,6,1.0,6.0,EDITH CAVELL,"49,50903004","0,08466393",,76.076552,76552,Seine-Maritime,28.0,Normandie,50.0,3.0,2.0,2,1.0,28,Normandie,76,2,19,Sainte-Adresse,7116,188,7304.0
202300025941,4,8,2023,10:30,1,76.0,76658,2,1,1.0,6.0,Route du Chêne,"49,50485800","0,36460900",,76.076658,76658,Seine-Maritime,28.0,Normandie,50.0,4.0,2.0,2,1.0,28,Normandie,76,2,32,Saint-Vincent-Cramesnil,701,21,722.0
202300025944,3,8,2023,20:20,1,76.0,76647,1,1,1.0,7.0,21 Avenue Maréchal de Lattre de Tassigny,"49,53677900","0,36747500",,76.076647,76647,Seine-Maritime,28.0,Normandie,80.0,3.0,2.0,2,1.0,28,Normandie,76,2,32,Saint-Romain-de-Colbosc,4436,43,4479.0
202300026198,20,1,2023,16:30,1,76.0,76638,1,1,1.0,1.0,RD 1314,"49,99615400","1,43560400",,76.076638,76638,Seine-Maritime,28.0,Normandie,-1.0,3.0,2.0,2,1.0,28,Normandie,76,1,10,Saint-Pierre-en-Val,1090,16,1106.0
202300026376,7,3,2023,19:50,5,76.0,76497,2,2,2.0,2.0,Rue Aristide Briand,"49,38823900","1,02284200",,76.076497,76497,Seine-Maritime,28.0,Normandie,50.0,7.0,2.0,2,2.0,28,Normandie,76,3,13,Petit-Couronne,8688,175,8863.0
202300026380,6,3,2023,16:00,1,76.0,76165,2,3,1.0,3.0,Rue de la République,"49,28375600","1,01677500",,76.076165,76165,Seine-Maritime,28.0,Normandie,30.0,7.0,1.0,1,1.0,28,Normandie,76,3,5,Caudebec-lès-Elbeuf,10135,69,10204.0
202300026382,7,3,2023,09:35,1,76.0,76351,2,1,1.0,3.0,MAC ORLAN,"49,50170000","0,12663000",,76.076351,76351,Seine-Maritime,28.0,Normandie,50.0,4.0,2.0,2,2.0,28,Normandie,76,2,96,LeHavre,166058,1780,167838.0
202300026507,25,5,2023,07:55,1,76.0,76707,1,1,1.0,1.0,Rue de Miromesnil,"49,86317000","1,08651000",,76.076707,76707,Seine-Maritime,28.0,Normandie,80.0,3.0,2.0,2,1.0,28,Normandie,76,1,7,Tourville-sur-Arques,1193,35,1228.0
202300026510,25,5,2023,08:00,2,76.0,76114,2,2,1.0,3.0,MARTYRS DE LA RESISTANCE (RUE DES),"49,57357000","0,47711000",,76.076114,76114,Seine-Maritime,28.0,Normandie,50.0,3.0,2.0,2,1.0,28,Normandie,76,2,3,Bolbec,11635,147,11782.0
202300026532,13,11,2023,11:30,1,76.0,76681,2,7,1.0,6.0,Place Voltaire,"49,42334000","1,08948000",,76.076681,76681,Seine-Maritime,28.0,Normandie,-1.0,4.0,-1.0, -1,2.0,28,Normandie,76,3,99,Sotteville-lès-Rouen,28965,475,29440.0
202300026537,11,11,2023,18:45,5,76.0,76351,2,1,1.0,2.0,JULES DURAND (BD),"49,49282000","0,16954000",,76.076351,76351,Seine-Maritime,28.0,Normandie,50.0,3.0,2.0,2,2.0,28,Normandie,76,2,96,LeHavre,166058,1780,167838.0
202300026542,11,11,2023,05:20,5,76.0,76351,2,1,3.0,6.0,AUGUSTE BLANQUI,"49,50208000","0,16174000",,76.076351,76351,Seine-Maritime,28.0,Normandie,50.0,3.0,2.0,2,2.0,28,Normandie,76,2,96,LeHavre,166058,1780,167838.0
202300026608,11,9,2023,14:20,1,76.0,76636,1,1,2.0,3.0,Route de Duclair,"49,49278600","0,89785300",,76.076636,76636,Seine-Maritime,28.0,Normandie,80.0,7.0,2.0,2,2.0,28,Normandie,76,3,1,Saint-Pierre-de-VarengevilLe2299,33,2332,
202300026792,11,9,2023,03:45,5,76.0,76533,2,1,1.0,6.0,Rue René Coty,"49,50452400","0,26827500",,76.076533,76533,Seine-Maritime,28.0,Normandie,30.0,4.0,2.0,2,1.0,28,Normandie,76,2,16,RogervilLe1706,19,1725,
202300026798,18,12,2023,18:29,3,76.0,76759,2,1,1.0,6.0,Route des Marais,"49,41218300","0,87392600",,76.076759,76759,Seine-Maritime,28.0,Normandie,50.0,7.0,2.0,2,1.0,28,Normandie,76,3,1,Yville-sur-Seine,431,8,439.0
202300027313,9,10,2023,18:00,1,76.0,76447,2,6,1.0,6.0,avenue nordhon,"49,54729000","0,18880000",,76.076447,76447,Seine-Maritime,28.0,Normandie,50.0,4.0,-1.0,1,1.0,28,Normandie,76,2,15,Montivilliers,15457,203,15660.0
202300027314,9,10,2023,08:00,1,76.0,76351,2,3,1.0,3.0,HOTEL DE VILLE (PLACE DE),"49,49425100","0,10643200",,76.076351,76351,Seine-Maritime,28.0,Normandie,50.0,4.0,2.0,2,1.0,28,Normandie,76,2,96,LeHavre,166058,1780,167838.0
202300027315,8,10,2023,03:20,3,76.0,76341,1,1,1.0,1.0,RD 6382,"49,51120000","0,19913000",,76.076341,76341,Seine-Maritime,28.0,Normandie,70.0,3.0,1.0,2,1.0,28,Normandie,76,2,15,Harfleur,8315,53,8368.0
202300027374,2,8,2023,18:45,1,76.0,76540,2,1,3.0,3.0,Avenue Olivier de Serres,"49,44891000","1,12014000",,76.076540,76540,Seine-Maritime,28.0,Normandie,50.0,4.0,2.0,2,2.0,28,Normandie,76,3,97,Rouen,114083,1556,115639.0
202300027375,1,8,2023,23:45,4,76.0,76341,1,1,3.0,7.0,RD 6382,"49,51346000","0,19447000",,76.076341,76341,Seine-Maritime,28.0,Normandie,70.0,3.0,3.0,0,3.0,28,Normandie,76,2,15,Harfleur,8315,53,8368.0