Num_Acc,jour,mois,an,hrmn,lum,dep,com,agg,int,atm,col,adr,lat,long,gps,com_insee_temp,com_insee,departmentName,regionCode,regionName,vma,catr,circ,nbv,surf,Code,Region,Departement,Arrondissement,Code_Canton,Nom_Commune,Population_municipaLe,Population_comptee_a_part,Population_Totale
202300027376,1,8,2023,21:00,2,76.0,76351,2,1,2.0,6.0,HENRY GENESTAL,"49,49581000","0,10578000",,76.076351,76351,Seine-Maritime,28.0,Normandie,30.0,4.0,2.0,2,2.0,28,Normandie,76,2,96,LeHavre,166058,1780,167838.0
202300027409,17,4,2023,16:45,1,76.0,76540,2,1,1.0,3.0,Rue d'Elbeuf,"49,42643000","1,08308000",,76.076540,76540,Seine-Maritime,28.0,Normandie,50.0,4.0,2.0,2,1.0,28,Normandie,76,3,97,Rouen,114083,1556,115639.0
202300027410,15,4,2023,15:00,1,76.0,76351,2,1,1.0,6.0,GEORGE V (QUAI),"49,49113000","0,11490000",,76.076351,76351,Seine-Maritime,28.0,Normandie,50.0,4.0,1.0,2,1.0,28,Normandie,76,2,96,LeHavre,166058,1780,167838.0
202300027544,20,1,2023,16:24,1,76.0,76302,2,1,1.0,6.0,Rue Jean Prévost,"49,64903100","0,36461900",,76.076302,76302,Seine-Maritime,28.0,Normandie,50.0,4.0,2.0,2,1.0,28,Normandie,76,2,32,GodervilLe2839,39,2878,
202300027594,17,4,2023,20:30,2,76.0,76235,1,1,1.0,1.0,D920,"49,90020500","1,24658300",,76.076235,76235,Seine-Maritime,28.0,Normandie,80.0,3.0,2.0,2,1.0,28,Normandie,76,1,8,Envermeu,1978,132,2110.0
202300027609,17,4,2023,18:30,1,76.0,76662,2,1,1.0,3.0,La Grande Rue,"49,77104100","0,89187700",,76.076662,76662,Seine-Maritime,28.0,Normandie,-1.0,4.0,2.0,2,1.0,28,Normandie,76,1,20,Sassetot-le-Malgardé,106,1,107.0
202300027640,23,1,2023,18:10,3,76.0,76657,1,1,1.0,3.0,RD982,"49,48456600","0,35722700",,76.076657,76657,Seine-Maritime,28.0,Normandie,-1.0,3.0,4.0,2,1.0,28,Normandie,76,2,32,Saint-Vigor-d'YmonvilLe1167,24,1191,
202300027659,31,7,2023,18:30,1,76.0,76351,2,1,3.0,7.0,JULES DURAND (BD),"49,48987242","0,15668526",,76.076351,76351,Seine-Maritime,28.0,Normandie,50.0,4.0,2.0,2,2.0,28,Normandie,76,2,96,LeHavre,166058,1780,167838.0
202300027700,21,1,2023,15:55,1,76.0,76351,2,3,1.0,6.0,PHILIPPE LEBON,"49,49600300","0,12673000",,76.076351,76351,Seine-Maritime,28.0,Normandie,50.0,4.0,2.0,2,1.0,28,Normandie,76,2,96,LeHavre,166058,1780,167838.0
202300027902,2,8,2023,14:00,1,76.0,76075,2,4,6.0,1.0,Route de la Mer,"49,76839100","1,04875700",,76.076075,76075,Seine-Maritime,28.0,Normandie,-1.0,3.0,2.0, -1,1.0,28,Normandie,76,1,20,Belmesnil,451,3,454.0
202300028401,24,5,2023,09:50,1,76.0,76103,1,1,1.0,6.0,Route Neuve,"49,42215000","1,11930000",,76.076103,76103,Seine-Maritime,28.0,Normandie,80.0,7.0,2.0,2,1.0,28,Normandie,76,3,6,Bonsecours,6455,95,6550.0
202300028446,12,11,2023,19:15,5,76.0,76429,2,2,2.0,3.0,Rue d'Alsace,"49,41121344","1,15246904",,76.076429,76429,Seine-Maritime,28.0,Normandie,30.0,4.0,2.0,2,2.0,28,Normandie,76,3,21,LeMesnil-Esnard,7980,353,8333.0
202300028450,10,9,2023,04:45,3,76.0,76709,1,1,1.0,6.0,D20,"49,47504000","0,83509000",,76.076709,76709,Seine-Maritime,28.0,Normandie,80.0,7.0,2.0,2,1.0,28,Normandie,76,3,1,LeTrait,4780,38,4818.0
202300028650,12,11,2023,01:40,3,76.0,76412,2,6,2.0,7.0,N31,"49,45996600","1,29919800",,76.076412,76412,Seine-Maritime,28.0,Normandie,50.0,2.0,3.0,2,2.0,28,Normandie,76,3,21,Martainville-ÉprevilLe715,11,726,
202300028728,8,9,2023,11:10,1,76.0,76498,2,1,1.0,3.0,Boulevard Charles de Gaulle,"49,42195400","1,06529504",,76.076498,76498,Seine-Maritime,28.0,Normandie,50.0,4.0,2.0,2,1.0,28,Normandie,76,3,27,LePetit-Quevilly,21782,274,22056.0
202300028730,7,9,2023,20:35,1,76.0,76351,2,2,1.0,3.0,BOIS AU COQ (AVENUE),"49,51855000","0,11681000",,76.076351,76351,Seine-Maritime,28.0,Normandie,50.0,4.0,2.0,2,1.0,28,Normandie,76,2,96,LeHavre,166058,1780,167838.0
202300028732,7,9,2023,07:50,1,76.0,76351,2,1,1.0,2.0,VERDUN (RUE DE),"49,50122000","0,14799000",,76.076351,76351,Seine-Maritime,28.0,Normandie,50.0,4.0,-1.0,2,1.0,28,Normandie,76,2,96,LeHavre,166058,1780,167838.0
202300028735,6,9,2023,16:36,1,76.0,76351,2,2,1.0,3.0,LONDES (DES),"49,51046500","0,16952000",,76.076351,76351,Seine-Maritime,28.0,Normandie,50.0,4.0,2.0,2,1.0,28,Normandie,76,2,96,LeHavre,166058,1780,167838.0
202300028864,19,8,2023,15:15,1,76.0,76540,2,2,1.0,1.0,Rue Nansen,"49,44507000","1,06379000",,76.076540,76540,Seine-Maritime,28.0,Normandie,50.0,7.0,1.0,3,1.0,28,Normandie,76,3,97,Rouen,114083,1556,115639.0
202300028890,27,6,2023,19:05,1,76.0,76114,2,6,1.0,6.0,Boulevard Jules Passas,"49,56987000","0,47858000",,76.076114,76114,Seine-Maritime,28.0,Normandie,50.0,3.0,2.0,2,1.0,28,Normandie,76,2,3,Bolbec,11635,147,11782.0
202300028903,15,12,2023,18:30,5,76.0,76429,2,1,8.0,3.0,Route de Paris,"49,40990000","1,14278000",,76.076429,76429,Seine-Maritime,28.0,Normandie,50.0,7.0,2.0,2,1.0,28,Normandie,76,3,21,LeMesnil-Esnard,7980,353,8333.0
202300028911,27,6,2023,20:50,2,76.0,76575,2,3,1.0,6.0,Rue Moliere,"49,40367100","1,07542300",,76.076575,76575,Seine-Maritime,28.0,Normandie,50.0,4.0,2.0,2,1.0,28,Normandie,76,3,98,Saint-Étienne-du-Rouvray,28508,225,28733.0
202300028912,24,6,2023,21:36,1,76.0,76351,2,3,1.0,3.0,FRANCOIS 1ER (BD),"49,49027000","0,10076000",,76.076351,76351,Seine-Maritime,28.0,Normandie,50.0,4.0,3.0,5,1.0,28,Normandie,76,2,96,LeHavre,166058,1780,167838.0
202300029003,28,6,2023,14:55,1,76.0,76421,1,1,1.0,5.0,D6015,"49,55493700","0,42679300",,76.076421,76421,Seine-Maritime,28.0,Normandie,80.0,3.0,2.0,3,1.0,28,Normandie,76,2,3,Mélamare,928,14,942.0
202300029155,10,10,2023,13:30,1,76.0,76392,2,2,7.0,6.0,Rue du Maréchal Leclerc,"49,83379900","1,40133600",,76.076392,76392,Seine-Maritime,28.0,Normandie,-1.0,3.0,2.0, -1,1.0,28,Normandie,76,1,23,Londinières,1243,20,1263.0
202300029319,21,1,2023,20:00,5,76.0,76319,2,9,1.0,3.0,Avenue de Caen,"49,34777600","0,99179000",,76.076319,76319,Seine-Maritime,28.0,Normandie,50.0,7.0,2.0,2,1.0,28,Normandie,76,3,9,Grand-Couronne,9726,177,9903.0
202300029322,21,1,2023,17:09,2,76.0,76231,1,1,1.0,4.0,Rue du Neubourg,"49,27225000","0,99095000",,76.076231,76231,Seine-Maritime,28.0,Normandie,80.0,7.0,2.0,2,2.0,28,Normandie,76,3,9,Elbeuf,15951,138,16089.0
202300029433,28,7,2023,20:30,1,76.0,76351,2,3,1.0,6.0,IRENE JOLIOT CURIE (RUE),"49,50650000","0,09996000",,76.076351,76351,Seine-Maritime,28.0,Normandie,50.0,4.0,2.0,2,1.0,28,Normandie,76,2,96,LeHavre,166058,1780,167838.0
202300029525,17,4,2023,17:41,1,76.0,76443,2,3,1.0,3.0,Route de Cléres,"49,56315600","1,12580900",,76.076443,76443,Seine-Maritime,28.0,Normandie,-1.0,3.0,2.0, -1,1.0,28,Normandie,76,3,2,Mont-Cauvaire,862,16,878.0
202300029905,25,5,2023,15:15,1,76.0,76281,1,1,1.0,3.0,D110,"49,50980800","0,57562400",,76.076281,76281,Seine-Maritime,28.0,Normandie,70.0,3.0,2.0,2,1.0,28,Normandie,76,2,25,La Frénaye,2081,44,2125.0
202300029985,3,3,2023,07:50,1,76.0,76351,2,6,1.0,6.0,FRISSARD (QUAI),"49,49145000","0,13253000",,76.076351,76351,Seine-Maritime,28.0,Normandie,30.0,4.0,-1.0,2,1.0,28,Normandie,76,2,96,LeHavre,166058,1780,167838.0
202300029989,2,3,2023,15:25,1,76.0,76351,2,1,1.0,1.0,ALBERT 1ER,"49,50186000","0,08724000",,76.076351,76351,Seine-Maritime,28.0,Normandie,50.0,4.0,2.0,2,1.0,28,Normandie,76,2,96,LeHavre,166058,1780,167838.0
202300029992,25,5,2023,18:40,1,76.0,76638,1,2,1.0,3.0,D1314,"50,00941500","1,42990100",,76.076638,76638,Seine-Maritime,28.0,Normandie,80.0,3.0,-1.0,2,1.0,28,Normandie,76,1,10,Saint-Pierre-en-Val,1090,16,1106.0
202300030088,16,4,2023,04:30,5,76.0,76557,2,1,5.0,6.0,Route du Havre,"49,52827300","0,66070900",,76.076557,76557,Seine-Maritime,28.0,Normandie,50.0,3.0,2.0,2,1.0,28,Normandie,76,3,25,Saint-Arnoult,1453,23,1476.0
202300030187,10,11,2023,22:00,5,76.0,76540,2,2,2.0,6.0,Rue Jeanne d'Arc,"49,44006000","1,08932000",,76.076540,76540,Seine-Maritime,28.0,Normandie,50.0,4.0,1.0,1,2.0,28,Normandie,76,3,97,Rouen,114083,1556,115639.0
202300030204,22,5,2023,13:30,1,76.0,76351,2,3,1.0,3.0,BOIS AU COQ (RUE),"49,50920000","0,13485000",,76.076351,76351,Seine-Maritime,28.0,Normandie,30.0,4.0,1.0,1,1.0,28,Normandie,76,2,96,LeHavre,166058,1780,167838.0
202300030353,14,12,2023,19:40,5,76.0,76481,1,6,1.0,2.0,RD 940,"49,55498000","0,11149000",,76.076481,76481,Seine-Maritime,28.0,Normandie,50.0,3.0,2.0,2,2.0,28,Normandie,76,2,26,Octeville-sur-Mer,6122,119,6241.0
202300030357,14,12,2023,19:30,5,76.0,76351,2,1,2.0,6.0,JEAN MAUREL (RUE),"49,48889000","0,12498000",,76.076351,76351,Seine-Maritime,28.0,Normandie,50.0,4.0,-1.0,2,2.0,28,Normandie,76,2,96,LeHavre,166058,1780,167838.0
202300030360,14,12,2023,17:35,5,76.0,76351,2,1,2.0,6.0,PIERRE FARCIS,"49,51702000","0,09958000",,76.076351,76351,Seine-Maritime,28.0,Normandie,50.0,4.0,2.0,2,2.0,28,Normandie,76,2,96,LeHavre,166058,1780,167838.0
202300030592,26,6,2023,07:25,1,76.0,76108,2,1,1.0,3.0,Chemin de Clères,"49,46677000","1,10284000",,76.076108,76108,Seine-Maritime,28.0,Normandie,50.0,7.0,2.0,2,1.0,28,Normandie,76,3,2,Bois-Guillaume,14262,361,14623.0
202300030594,25,6,2023,01:20,5,76.0,76351,1,2,1.0,6.0,FOCH (AVENUE),"49,49356000","0,09944000",,76.076351,76351,Seine-Maritime,28.0,Normandie,50.0,4.0,2.0,2,1.0,28,Normandie,76,2,96,LeHavre,166058,1780,167838.0
202300030603,16,12,2023,16:00,1,76.0,76334,1,1,8.0,7.0,D70,"49,84404400","0,96956500",,76.076334,76334,Seine-Maritime,28.0,Normandie,80.0,3.0,2.0,2,1.0,28,Normandie,76,1,20,Gueures,526,17,543.0
202300030834,24,6,2023,09:30,1,76.0,76070,1,3,1.0,7.0,D154,"49,71484400","1,21520700",,76.076070,76070,Seine-Maritime,28.0,Normandie,70.0,3.0,2.0,2,1.0,28,Normandie,76,1,23,Bellencombre,588,11,599.0
202300030874,7,9,2023,15:10,1,76.0,76476,2,3,1.0,1.0,BOIS DU PARC,"49,50226000","0,57690000",,76.076476,76476,Seine-Maritime,28.0,Normandie,50.0,4.0,2.0,2,1.0,28,Normandie,76,2,25,Port-Jérôme-sur-Seine,10387,172,10559.0
202300030947,14,12,2023,19:20,5,76.0,76540,2,2,2.0,6.0,Boulevard des Belges,"49,44426000","1,08555000",,76.076540,76540,Seine-Maritime,28.0,Normandie,50.0,7.0,2.0,2,2.0,28,Normandie,76,3,97,Rouen,114083,1556,115639.0
202300030950,13,12,2023,19:15,3,76.0,76391,1,1,2.0,1.0,Route forestière de la Louveterie,"49,32033000","0,90260800",,76.076391,76391,Seine-Maritime,28.0,Normandie,80.0,4.0,2.0,2,2.0,28,Normandie,76,3,9,La Londe,2362,71,2433.0
202300030953,14,12,2023,07:57,2,76.0,76351,2,1,1.0,3.0,VERDUN (RUE DE),"49,50251000","0,17529000",,76.076351,76351,Seine-Maritime,28.0,Normandie,50.0,4.0,2.0,2,1.0,28,Normandie,76,2,96,LeHavre,166058,1780,167838.0
202300030957,13,12,2023,17:30,5,76.0,76447,2,3,2.0,3.0,PIERRE MENDES FRANCE,"49,53210000","0,18027000",,76.076447,76447,Seine-Maritime,28.0,Normandie,50.0,3.0,2.0,2,2.0,28,Normandie,76,2,15,Montivilliers,15457,203,15660.0
202300030961,13,12,2023,12:15,1,76.0,76476,1,2,2.0,3.0,BASTIE MARYSE (RUE),"49,47960000","0,60130000",,76.076476,76476,Seine-Maritime,28.0,Normandie,-1.0,3.0,2.0, -1,2.0,28,Normandie,76,2,25,Port-Jérôme-sur-Seine,10387,172,10559.0
202300031075,8,10,2023,14:21,1,76.0,76575,2,2,6.0,3.0,Rue Lazare Carnot,"49,37964000","1,10768000",,76.076575,76575,Seine-Maritime,28.0,Normandie,30.0,4.0,1.0,1,1.0,28,Normandie,76,3,98,Saint-Étienne-du-Rouvray,28508,225,28733.0
202300031076,8,10,2023,07:40,2,76.0,76178,1,1,1.0,3.0,Rue de Tourville,"49,31104000","1,04995000",,76.076178,76178,Seine-Maritime,28.0,Normandie,50.0,7.0,2.0,4,1.0,28,Normandie,76,3,5,Cléon,4907,30,4937.0
202300031077,8,10,2023,09:15,1,76.0,76707,1,1,1.0,1.0,RD 915,"49,86230000","1,11101000",,76.076707,76707,Seine-Maritime,28.0,Normandie,70.0,3.0,2.0,2,1.0,28,Normandie,76,1,7,Tourville-sur-Arques,1193,35,1228.0
202300031336,29,7,2023,17:05,1,76.0,76026,1,1,1.0,6.0,RD 100,"49,86801000","1,12468000",,76.076026,76026,Seine-Maritime,28.0,Normandie,80.0,3.0,2.0,2,1.0,28,Normandie,76,1,8,Arques-la-BatailLe2480,44,2524,
202300031353,19,1,2023,18:10,5,76.0,76231,2,2,1.0,3.0,Rue Jean Jaurès,"49,29100600","1,00981300",,76.076231,76231,Seine-Maritime,28.0,Normandie,50.0,7.0,1.0,2,1.0,28,Normandie,76,3,9,Elbeuf,15951,138,16089.0
202300031355,19,1,2023,06:00,3,76.0,76351,1,1,2.0,2.0,RD 6382,"49,52458800","0,17479600",,76.076351,76351,Seine-Maritime,28.0,Normandie,70.0,3.0,3.0,4,7.0,28,Normandie,76,2,96,LeHavre,166058,1780,167838.0
202300031357,18,1,2023,15:15,1,76.0,76351,2,2,4.0,2.0,SAINT QUENTIN (DE),"49,51260000","0,11687000",,76.076351,76351,Seine-Maritime,28.0,Normandie,50.0,4.0,2.0,2,2.0,28,Normandie,76,2,96,LeHavre,166058,1780,167838.0
202300031359,18,1,2023,03:00,5,76.0,76351,2,1,1.0,1.0,PIERRE MENDES FRANCE,"49,51241000","0,14774000",,76.076351,76351,Seine-Maritime,28.0,Normandie,50.0,4.0,2.0,4,2.0,28,Normandie,76,2,96,LeHavre,166058,1780,167838.0
202300031361,18,1,2023,09:30,1,76.0,76707,1,1,4.0,2.0,D915,"49,86272271","1,11047483",,76.076707,76707,Seine-Maritime,28.0,Normandie,80.0,3.0,2.0,2,7.0,28,Normandie,76,1,7,Tourville-sur-Arques,1193,35,1228.0
202300031396,24,7,2023,00:40,3,76.0,76413,2,1,2.0,7.0,Rue Jean Baptiste Viguerard,"49,86387500","1,15380000",,76.076413,76413,Seine-Maritime,28.0,Normandie,50.0,3.0,2.0,2,2.0,28,Normandie,76,1,7,Martigny,415,6,421.0
202300031514,14,4,2023,13:15,1,76.0,76681,2,2,1.0,3.0,Avenue du 14 Juillet,"49,40643000","1,09669000",,76.076681,76681,Seine-Maritime,28.0,Normandie,50.0,7.0,2.0,2,1.0,28,Normandie,76,3,99,Sotteville-lès-Rouen,28965,475,29440.0
202300031516,13,4,2023,19:00,1,76.0,76296,1,1,1.0,5.0,LIBERATION (RUE DE LA ),"49,51751000","0,24723000",,76.076296,76296,Seine-Maritime,28.0,Normandie,70.0,3.0,-1.0,2,1.0,28,Normandie,76,2,16,GainnevilLe2511,39,2550,
202300031553,29,7,2023,23:15,5,76.0,76681,2,1,2.0,6.0,ELUARD. RUE PAUL,"49,40379000","1,09874000",,76.076681,76681,Seine-Maritime,28.0,Normandie,30.0,4.0,2.0,2,2.0,28,Normandie,76,3,99,Sotteville-lès-Rouen,28965,475,29440.0
202300031674,24,5,2023,19:00,1,76.0,76549,2,1,1.0,1.0,rd 2,"49,76015100","0,92869900",,76.076549,76549,Seine-Maritime,28.0,Normandie,50.0,3.0,2.0,2,1.0,28,Normandie,76,1,20,Saâne-Saint-Just,140,6,146.0
202300031703,1,3,2023,09:20,1,76.0,76681,2,3,7.0,6.0,Rue de Trianon,"49,41577000","1,08265000",,76.076681,76681,Seine-Maritime,28.0,Normandie,50.0,4.0,2.0,2,1.0,28,Normandie,76,3,99,Sotteville-lès-Rouen,28965,475,29440.0
202300031706,28,2,2023,21:48,5,76.0,76270,2,1,1.0,6.0,BOIS (DU),"49,52944000","0,12558000",,76.076270,76270,Seine-Maritime,28.0,Normandie,50.0,4.0,1.0,1,2.0,28,Normandie,76,2,26,Fontaine-la-Mallet,2635,54,2689.0
202300031919,11,11,2023,16:45,1,76.0,76462,2,2,2.0,6.0,Rue de Drincourt,"49,73406900","1,43699900",,76.076462,76462,Seine-Maritime,28.0,Normandie,50.0,3.0,2.0, -1,2.0,28,Normandie,76,1,23,Neufchâtel-en-Bray,4680,213,4893.0
202300031973,20,5,2023,16:35,1,76.0,76351,2,1,1.0,6.0,IRENE JOLIOT CURIE (RUE),"49,50974000","0,10166000",,76.076351,76351,Seine-Maritime,28.0,Normandie,50.0,4.0,2.0,2,1.0,28,Normandie,76,2,96,LeHavre,166058,1780,167838.0
202300032000,13,4,2023,23:42,5,76.0,76322,2,1,6.0,7.0,Rue Hector Berlioz,"49,40564000","1,04872000",,76.076322,76322,Seine-Maritime,28.0,Normandie,30.0,4.0,2.0,2,1.0,28,Normandie,76,3,13,LeGrand-Quevilly,25975,225,26200.0
202300032065,19,5,2023,17:50,1,76.0,76351,2,3,1.0,3.0,JEAN JAURES (AVENUE),"49,50090000","0,17818000",,76.076351,76351,Seine-Maritime,28.0,Normandie,50.0,4.0,2.0,0,1.0,28,Normandie,76,2,96,LeHavre,166058,1780,167838.0
202300032070,22,5,2023,10:50,1,76.0,76217,2,1,1.0,1.0,ROCADE DE JANVAL,"49,91037000","1,07445000",,76.076217,76217,Seine-Maritime,28.0,Normandie,50.0,3.0,2.0,2,1.0,28,Normandie,76,1,95,Dieppe,28358,455,28813.0
202300032091,3,3,2023,17:15,1,76.0,76452,1,1,1.0,7.0,Rue de Fontaine,"49,55451200","1,09126200",,76.076452,76452,Seine-Maritime,28.0,Normandie,80.0,3.0,2.0,2,1.0,28,Normandie,76,3,2,MontvilLe4595,51,4646,
202300032095,4,3,2023,00:30,3,76.0,76367,1,1,1.0,6.0,D3,"49,50498000","1,10553100",,76.076367,76367,Seine-Maritime,28.0,Normandie,50.0,7.0,2.0,2,1.0,28,Normandie,76,3,24,HouppevilLe2884,51,2935,
202300032104,8,11,2023,12:45,1,76.0,76447,2,1,2.0,1.0,Avenue Georges Clémenceau,"49,55468000","0,20650000",,76.076447,76447,Seine-Maritime,28.0,Normandie,50.0,3.0,2.0,2,2.0,28,Normandie,76,2,15,Montivilliers,15457,203,15660.0
202300032408,1,3,2023,07:20,2,76.0,76540,2,6,1.0,6.0,Boulevard Gambetta,"49,43695800","1,10236800",,76.076540,76540,Seine-Maritime,28.0,Normandie,50.0,4.0,3.0,2,1.0,28,Normandie,76,3,97,Rouen,114083,1556,115639.0
202300032611,7,9,2023,21:10,5,76.0,76159,2,1,1.0,1.0,Route de Bosville,"49,77830200","0,64960400",,76.076159,76159,Seine-Maritime,28.0,Normandie,50.0,3.0,2.0,2,1.0,28,Normandie,76,1,33,Cany-BarvilLe2947,46,2993,
202300032655,25,6,2023,18:35,1,76.0,76147,1,1,1.0,2.0,D915,"49,72385500","1,34458100",,76.076147,76147,Seine-Maritime,28.0,Normandie,80.0,3.0,2.0,2,1.0,28,Normandie,76,1,23,Bully,883,22,905.0
202300032656,23,6,2023,16:50,1,76.0,76684,1,1,1.0,2.0,D910,"49,48085000","0,45366300",,76.076684,76684,Seine-Maritime,28.0,Normandie,80.0,3.0,2.0,3,1.0,28,Normandie,76,2,3,TancarvilLe1218,24,1242,
202300032694,24,6,2023,18:20,1,76.0,76498,2,2,1.0,6.0,Rue Ampere,"49,42862000","1,06258000",,76.076498,76498,Seine-Maritime,28.0,Normandie,50.0,4.0,2.0,2,1.0,28,Normandie,76,3,27,LePetit-Quevilly,21782,274,22056.0
202300032797,15,12,2023,00:30,3,76.0,76454,1,1,2.0,6.0,route departementale 929,"49,75410700","1,54759200",,76.076454,76454,Seine-Maritime,28.0,Normandie,70.0,3.0,2.0,2,2.0,28,Normandie,76,1,23,Mortemer,87,0,87.0
202300032860,6,9,2023,19:05,1,76.0,76319,2,1,1.0,7.0,Rue de Seelze,"49,35238000","1,00340000",,76.076319,76319,Seine-Maritime,28.0,Normandie,30.0,4.0,2.0,2,1.0,28,Normandie,76,3,9,Grand-Couronne,9726,177,9903.0
202300032862,20,8,2023,15:50,1,76.0,76486,1,1,1.0,1.0,Route de Moulineaux,"49,32210000","0,98570000",,76.076486,76486,Seine-Maritime,28.0,Normandie,80.0,7.0,2.0,2,1.0,28,Normandie,76,3,9,Orival,860,5,865.0
202300032863,6,9,2023,13:55,1,76.0,76217,2,3,1.0,3.0,DUQUESNE (QUAI),"49,92415000","1,08113000",,76.076217,76217,Seine-Maritime,28.0,Normandie,50.0,3.0,1.0,1,1.0,28,Normandie,76,1,95,Dieppe,28358,455,28813.0
202300032903,13,12,2023,20:10,5,76.0,76540,2,2,2.0,3.0,Rue Saint Filleul,"49,44700070","1,06980121",,76.076540,76540,Seine-Maritime,28.0,Normandie,50.0,7.0,2.0,2,2.0,28,Normandie,76,3,97,Rouen,114083,1556,115639.0
202300032905,13,12,2023,12:20,1,76.0,76540,2,5,2.0,6.0,Quai du havre (Haut),"49,44090000","1,08250000",,76.076540,76540,Seine-Maritime,28.0,Normandie,50.0,7.0,2.0,4,2.0,28,Normandie,76,3,97,Rouen,114083,1556,115639.0
202300032907,13,12,2023,08:30,1,76.0,76351,2,3,1.0,3.0,JEAN BAPTISTE EYRIES,"49,49488000","0,11630000",,76.076351,76351,Seine-Maritime,28.0,Normandie,30.0,4.0,1.0, -1,1.0,28,Normandie,76,2,96,LeHavre,166058,1780,167838.0
202300032987,8,10,2023,14:50,1,76.0,76495,2,2,1.0,3.0,Rue Bezuel,"49,56932800","0,95280600",,76.076495,76495,Seine-Maritime,28.0,Normandie,50.0,3.0,2.0,2,1.0,28,Normandie,76,3,24,Pavilly,6121,53,6174.0
202300033169,7,10,2023,07:05,3,76.0,76167,1,2,5.0,3.0,Route de Montivilliers,"49,57331400","0,15560600",,76.076167,76167,Seine-Maritime,28.0,Normandie,70.0,3.0,2.0,2,1.0,28,Normandie,76,2,26,Cauville-sur-Mer,1618,29,1647.0
202300033192,10,1,2023,17:40,5,76.0,76231,2,6,1.0,6.0,Rue de Rouen,"49,29682783","0,99510024",,76.076231,76231,Seine-Maritime,28.0,Normandie,30.0,7.0,1.0,1,1.0,28,Normandie,76,3,9,Elbeuf,15951,138,16089.0
202300033193,18,1,2023,23:30,5,76.0,76259,2,3,2.0,6.0,VALMONT ( ROUTE DE),"49,75210000","0,40951000",,76.076259,76259,Seine-Maritime,28.0,Normandie,50.0,3.0,2.0,2,2.0,28,Normandie,76,2,11,Fécamp,18016,269,18285.0
202300033302,17,1,2023,08:20,4,76.0,76165,2,2,1.0,6.0,Cours Carnot,"49,28712000","1,01990000",,76.076165,76165,Seine-Maritime,28.0,Normandie,50.0,4.0,2.0, -1,1.0,28,Normandie,76,3,5,Caudebec-lès-Elbeuf,10135,69,10204.0
202300033357,28,7,2023,10:30,1,76.0,76540,2,2,1.0,3.0,Quai Cavelier de la Salle,"49,43685000","1,08750000",,76.076540,76540,Seine-Maritime,28.0,Normandie,50.0,4.0,2.0,2,1.0,28,Normandie,76,3,97,Rouen,114083,1556,115639.0
202300033358,28,7,2023,05:25,5,76.0,76351,2,3,1.0,6.0,VALLEE (RUE DE LA),"49,49328000","0,15163000",,76.076351,76351,Seine-Maritime,28.0,Normandie,50.0,4.0,2.0,4,2.0,28,Normandie,76,2,96,LeHavre,166058,1780,167838.0
202300033359,26,7,2023,23:00,5,76.0,76447,2,1,1.0,1.0,BELLE ETOILE,"49,54054000","0,17353000",,76.076447,76447,Seine-Maritime,28.0,Normandie,50.0,3.0,2.0,2,2.0,28,Normandie,76,2,15,Montivilliers,15457,203,15660.0
202300033360,28,7,2023,20:45,2,76.0,76384,2,9,8.0,7.0,MARRECHAL LECLERC (AVENUE DU),"49,51488000","0,53310000",,76.076384,76384,Seine-Maritime,28.0,Normandie,30.0,3.0,4.0,2,1.0,28,Normandie,76,2,3,Lillebonne,8729,141,8870.0
202300033361,16,6,2023,13:40,1,76.0,76114,2,1,1.0,2.0,DEBRAY  LOUIS (AVENUE),"49,57763000","0,47181000",,76.076114,76114,Seine-Maritime,28.0,Normandie,50.0,4.0,2.0,2,1.0,28,Normandie,76,2,3,Bolbec,11635,147,11782.0
202300033469,28,7,2023,12:05,1,76.0,76616,1,9,8.0,7.0,"Hameau d'Énitot, route d'Epouville","49,54303900","0,23907100",,76.076616,76616,Seine-Maritime,28.0,Normandie,80.0,4.0,2.0,2,6.0,28,Normandie,76,2,26,Saint-Martin-du-Manoir,1459,34,1493.0
202300033598,21,5,2023,21:20,2,76.0,76561,2,2,1.0,3.0,Rue de la Résistance,"49,30230000","1,03446000",,76.076561,76561,Seine-Maritime,28.0,Normandie,30.0,4.0,2.0,2,1.0,28,Normandie,76,3,5,Saint-Aubin-lès-Elbeuf,8428,75,8503.0
202300033687,14,4,2023,14:00,1,76.0,76360,1,1,3.0,3.0,Route du Beauchamp,"49,74822200","1,08541500",,76.076360,76360,Seine-Maritime,28.0,Normandie,80.0,3.0,2.0,2,2.0,28,Normandie,76,1,20,Heugleville-sur-Scie,648,9,657.0
202300033698,13,4,2023,15:30,1,76.0,76638,1,2,1.0,1.0,D1314,"50,00941500","1,42990100",,76.076638,76638,Seine-Maritime,28.0,Normandie,-1.0,3.0,2.0, -1,1.0,28,Normandie,76,1,10,Saint-Pierre-en-Val,1090,16,1106.0
202300033699,10,11,2023,13:40,1,76.0,76354,2,3,3.0,3.0,4001 Route de Duclair,"49,48460400","0,92372600",,76.076354,76354,Seine-Maritime,28.0,Normandie,50.0,7.0,2.0,2,2.0,28,Normandie,76,3,1,HénouvilLe1379,26,1405,