Num_Acc,jour,mois,an,hrmn,lum,dep,com,agg,int,atm,col,adr,lat,long,gps,com_insee_temp,com_insee,departmentName,regionCode,regionName,vma,catr,circ,nbv,surf,Code,Region,Departement,Arrondissement,Code_Canton,Nom_Commune,Population_municipaLe,Population_comptee_a_part,Population_Totale
202300033908,3,3,2023,09:00,1,76.0,76235,1,1,9.0,6.0,Route départementale 22,"49,90867600","1,27501500",,76.076235,76235,Seine-Maritime,28.0,Normandie,80.0,3.0,2.0,2,7.0,28,Normandie,76,1,8,Envermeu,1978,132,2110.0
202300033994,21,5,2023,10:54,1,76.0,76705,1,1,1.0,4.0,A13,"49,32884500","1,08821500",,76.076705,76705,Seine-Maritime,28.0,Normandie,110.0,1.0,3.0,7,1.0,28,Normandie,76,3,5,Tourville-la-Rivière,2568,19,2587.0
202300034034,12,4,2023,17:25,1,76.0,76705,2,1,6.0,6.0,Rue de l'Ile aux Boeufs,"49,32871000","1,10031000",,76.076705,76705,Seine-Maritime,28.0,Normandie,50.0,4.0,1.0,2,1.0,28,Normandie,76,3,5,Tourville-la-Rivière,2568,19,2587.0
202300034149,10,11,2023,17:30,2,76.0,76473,2,9,2.0,3.0,rue du petit village,"49,49369709","0,76389335",,76.076473,76473,Seine-Maritime,28.0,Normandie,-1.0,3.0,2.0,2,2.0,28,Normandie,76,3,25,Notre-Dame-de-Bliquetuit,817,11,828.0
202300034212,28,2,2023,19:35,5,76.0,76540,2,3,1.0,3.0,Avenue de la Grand Mare,"49,45487000","1,13590000",,76.076540,76540,Seine-Maritime,28.0,Normandie,50.0,7.0,2.0,2,1.0,28,Normandie,76,3,97,Rouen,114083,1556,115639.0
202300034214,27,2,2023,22:50,5,76.0,76351,2,1,1.0,6.0,AUGUSTE BLANQUI,"49,50149000","0,16256000",,76.076351,76351,Seine-Maritime,28.0,Normandie,-1.0,4.0,2.0,2,1.0,28,Normandie,76,2,96,LeHavre,166058,1780,167838.0
202300034259,19,5,2023,10:20,1,76.0,76351,2,1,1.0,7.0,ROGER MEUNIER,"49,48199000","0,11480000",,76.076351,76351,Seine-Maritime,28.0,Normandie,50.0,4.0,2.0,2,1.0,28,Normandie,76,2,96,LeHavre,166058,1780,167838.0
202300034263,18,5,2023,05:30,5,76.0,76447,1,1,1.0,2.0,RD 489,"49,53728000","0,20264000",,76.076447,76447,Seine-Maritime,28.0,Normandie,110.0,3.0,3.0,0,1.0,28,Normandie,76,2,15,Montivilliers,15457,203,15660.0
202300034269,18,5,2023,12:25,1,76.0,76305,1,4,1.0,4.0,INDUSTRIELLE (ROUTE),"49,48693000","0,21701000",,76.076305,76305,Seine-Maritime,28.0,Normandie,70.0,4.0,2.0,2,1.0,28,Normandie,76,2,16,Gonfreville-l'Orcher,8961,44,9005.0
202300034494,23,6,2023,22:55,3,76.0,76005,1,1,1.0,5.0,Route de Paris,"49,40565000","1,12183000",,76.076005,76005,Seine-Maritime,28.0,Normandie,80.0,7.0,2.0,2,1.0,28,Normandie,76,3,6,Amfreville-la-Mi-Voie,3296,30,3326.0
202300034497,23,6,2023,11:45,1,76.0,76540,2,1,1.0,6.0,Rue Jeanne d'Arc,"49,44645000","1,09318000",,76.076540,76540,Seine-Maritime,28.0,Normandie,30.0,4.0,2.0,2,1.0,28,Normandie,76,3,97,Rouen,114083,1556,115639.0
202300034500,21,6,2023,21:15,1,76.0,76351,2,2,1.0,3.0,FRANCOIS 1ER (BD),"49,49062700","0,10021800",,76.076351,76351,Seine-Maritime,28.0,Normandie,50.0,4.0,2.0,2,1.0,28,Normandie,76,2,96,LeHavre,166058,1780,167838.0
202300034501,22,6,2023,05:40,2,76.0,76351,2,1,1.0,7.0,GABRIEL PERI,"49,49373000","0,11837000",,76.076351,76351,Seine-Maritime,28.0,Normandie,50.0,4.0,1.0,1,1.0,28,Normandie,76,2,96,LeHavre,166058,1780,167838.0
202300034540,6,9,2023,16:56,1,76.0,76648,1,1,1.0,2.0,Autroute A28 - PK 074.700,"49,64968000","1,26636200",,76.076648,76648,Seine-Maritime,28.0,Normandie,130.0,1.0,3.0,2,1.0,28,Normandie,76,1,23,Saint-Saëns,2317,20,2337.0
202300034605,14,12,2023,09:20,1,76.0,76547,1,1,1.0,6.0,D928,"49,56018227","1,26216459",,76.076547,76547,Seine-Maritime,28.0,Normandie,80.0,3.0,2.0,2,1.0,28,Normandie,76,3,21,La Rue-Saint-Pierre,768,9,777.0
202300034707,6,9,2023,02:00,4,76.0,76540,2,2,1.0,3.0,Rue des Augustins,"49,43793000","1,09779000",,76.076540,76540,Seine-Maritime,28.0,Normandie,50.0,4.0,1.0,1,1.0,28,Normandie,76,3,97,Rouen,114083,1556,115639.0
202300034710,5,9,2023,08:40,1,76.0,76728,1,1,1.0,4.0,A150,"49,47799000","1,01662000",,76.076728,76728,Seine-Maritime,28.0,Normandie,110.0,1.0,1.0,2,1.0,28,Normandie,76,3,24,La Vaupalière,1192,21,1213.0
202300034711,4,9,2023,16:39,1,76.0,76351,2,3,1.0,3.0,PONT VII (ROUTE DU),"49,49394000","0,18016000",,76.076351,76351,Seine-Maritime,28.0,Normandie,50.0,4.0,2.0,2,1.0,28,Normandie,76,2,96,LeHavre,166058,1780,167838.0
202300034801,12,12,2023,14:20,1,76.0,76540,2,2,1.0,6.0,Rue Ledru Rollin,"49,42596000","1,09331000",,76.076540,76540,Seine-Maritime,28.0,Normandie,50.0,4.0,2.0,3,1.0,28,Normandie,76,3,97,Rouen,114083,1556,115639.0
202300034803,14,8,2023,08:00,1,76.0,76540,2,1,1.0,7.0,BRISOUT DE BARNEVILLE. RUE,"49,43467000","1,08025000",,76.076540,76540,Seine-Maritime,28.0,Normandie,50.0,4.0,2.0,2,1.0,28,Normandie,76,3,97,Rouen,114083,1556,115639.0
202300034964,5,10,2023,17:45,1,76.0,76540,2,3,1.0,2.0,Quai Gaston Boulet,"49,44374000","1,07671000",,76.076540,76540,Seine-Maritime,28.0,Normandie,50.0,7.0,1.0,2,1.0,28,Normandie,76,3,97,Rouen,114083,1556,115639.0
202300034965,6,10,2023,01:00,5,76.0,76351,2,1,1.0,7.0,BELLOT,"49,48602375","0,12685657",,76.076351,76351,Seine-Maritime,28.0,Normandie,50.0,4.0,2.0,3,1.0,28,Normandie,76,2,96,LeHavre,166058,1780,167838.0
202300034966,6,10,2023,14:55,1,76.0,76545,1,1,1.0,2.0,RD 154E,"49,90887000","1,10034000",,76.076545,76545,Seine-Maritime,28.0,Normandie,80.0,3.0,2.0,2,1.0,28,Normandie,76,1,7,Rouxmesnil-BouteilLes1814,33,1847,
202300035209,15,1,2023,09:30,1,76.0,76391,1,4,8.0,6.0,Rue de Rouen,"49,30772667","0,98001966",,76.076391,76391,Seine-Maritime,28.0,Normandie,80.0,7.0,2.0,2,2.0,28,Normandie,76,3,9,La Londe,2362,71,2433.0
202300035319,26,7,2023,18:08,1,76.0,76540,2,6,1.0,3.0,Rue de Sotteville,"49,42576000","1,08755000",,76.076540,76540,Seine-Maritime,28.0,Normandie,30.0,7.0,2.0,2,1.0,28,Normandie,76,3,97,Rouen,114083,1556,115639.0
202300035320,14,6,2023,14:40,1,76.0,76351,2,1,1.0,5.0,BOIS AU COQ (AVENUE),"49,51696000","0,11913000",,76.076351,76351,Seine-Maritime,28.0,Normandie,50.0,4.0,2.0,2,1.0,28,Normandie,76,2,96,LeHavre,166058,1780,167838.0
202300035511,8,11,2023,07:50,1,76.0,76231,2,4,1.0,3.0,Rue du Général de Gaulle,"49,28545100","1,01174000",,76.076231,76231,Seine-Maritime,28.0,Normandie,50.0,4.0,2.0,2,1.0,28,Normandie,76,3,9,Elbeuf,15951,138,16089.0
202300035513,7,11,2023,14:06,1,76.0,76351,2,2,1.0,6.0,PAUL VERONESE,"49,51702100","0,11624600",,76.076351,76351,Seine-Maritime,28.0,Normandie,50.0,4.0,2.0,4,2.0,28,Normandie,76,2,96,LeHavre,166058,1780,167838.0
202300035706,13,5,2023,13:45,1,76.0,76245,1,4,1.0,1.0,D47,"49,54958200","1,03986000",,76.076245,76245,Seine-Maritime,28.0,Normandie,-1.0,3.0,2.0, -1,1.0,28,Normandie,76,3,24,Eslettes,1641,16,1657.0
202300035807,27,2,2023,12:45,1,76.0,76165,2,2,1.0,3.0,Rue de la République,"49,28362000","1,01741000",,76.076165,76165,Seine-Maritime,28.0,Normandie,30.0,7.0,2.0,1,1.0,28,Normandie,76,3,5,Caudebec-lès-Elbeuf,10135,69,10204.0
202300035811,27,2,2023,08:55,1,76.0,76540,2,3,1.0,6.0,Rue du Contrat Social,"49,44576337","1,07927656",,76.076540,76540,Seine-Maritime,28.0,Normandie,50.0,4.0,1.0,1,1.0,28,Normandie,76,3,97,Rouen,114083,1556,115639.0
202300035816,27,2,2023,08:35,1,76.0,76351,1,1,1.0,6.0,SEIZIEME PORT (AVENUE DU),"49,48707000","0,18071000",,76.076351,76351,Seine-Maritime,28.0,Normandie,70.0,4.0,3.0,4,1.0,28,Normandie,76,2,96,LeHavre,166058,1780,167838.0
202300035821,25,2,2023,14:40,1,76.0,76351,2,1,2.0,6.0,REPUBLIQUE (COURS DE LA),"49,49672000","0,12732000",,76.076351,76351,Seine-Maritime,28.0,Normandie,50.0,4.0,2.0,4,2.0,28,Normandie,76,2,96,LeHavre,166058,1780,167838.0
202300035836,9,4,2023,00:35,5,76.0,76351,2,1,1.0,6.0,ORMEAUX (DES),"49,50023000","0,11797000",,76.076351,76351,Seine-Maritime,28.0,Normandie,50.0,4.0,2.0,1,1.0,28,Normandie,76,2,96,LeHavre,166058,1780,167838.0
202300035843,8,4,2023,14:40,1,76.0,76341,1,1,1.0,2.0,RD 6015,"49,51672000","0,20588000",,76.076341,76341,Seine-Maritime,28.0,Normandie,90.0,3.0,3.0,0,1.0,28,Normandie,76,2,15,Harfleur,8315,53,8368.0
202300035933,24,6,2023,15:00,1,76.0,76141,1,1,1.0,7.0,Route du Fresne,"49,63237500","0,41895000",,76.076141,76141,Seine-Maritime,28.0,Normandie,-1.0,4.0,2.0,2,1.0,28,Normandie,76,2,32,Bréauté,1365,13,1378.0
202300035935,23,6,2023,23:53,4,76.0,76436,1,1,1.0,6.0,Chemin du Halage,"49,43029800","0,85912800",,76.076436,76436,Seine-Maritime,28.0,Normandie,80.0,7.0,2.0,2,1.0,28,Normandie,76,3,1,LeMesnil-sous-Jumièges,614,4,618.0
202300035941,24,6,2023,17:00,1,76.0,76201,2,1,1.0,7.0,Chemin du Petit Val,"49,46456500","1,39976400",,76.076201,76201,Seine-Maritime,28.0,Normandie,-1.0,5.0,-1.0,2,1.0,28,Normandie,76,1,12,Croisy-sur-AndelLe524,4,528,
202300036522,4,9,2023,11:20,1,76.0,76322,2,1,1.0,6.0,Avenue des Provinces,"49,41031300","1,05242640",,76.076322,76322,Seine-Maritime,28.0,Normandie,50.0,4.0,2.0,2,1.0,28,Normandie,76,3,13,LeGrand-Quevilly,25975,225,26200.0
202300036523,4,9,2023,09:30,1,76.0,76410,2,2,1.0,6.0,Rue Pasteur,"49,47738000","1,04059000",,76.076410,76410,Seine-Maritime,28.0,Normandie,50.0,4.0,2.0,1,1.0,28,Normandie,76,3,4,Maromme,11024,122,11146.0
202300036524,2,9,2023,13:13,1,76.0,76351,2,1,1.0,2.0,LOUIS BLANC,"49,50745000","0,13097000",,76.076351,76351,Seine-Maritime,28.0,Normandie,50.0,4.0,2.0,4,1.0,28,Normandie,76,2,96,LeHavre,166058,1780,167838.0
202300036525,1,9,2023,13:00,1,76.0,76447,2,1,1.0,6.0,LA LEZARDE (CENTRE COMMERCIAL),"49,52709513","0,19074090",,76.076447,76447,Seine-Maritime,28.0,Normandie,-1.0,6.0,-1.0, -1,1.0,28,Normandie,76,2,15,Montivilliers,15457,203,15660.0
202300036727,9,12,2023,18:10,5,76.0,76351,2,2,1.0,6.0,GENERAL ARCHINARD (AVENUE),"49,49197000","0,11676000",,76.076351,76351,Seine-Maritime,28.0,Normandie,50.0,4.0,1.0,1,1.0,28,Normandie,76,2,96,LeHavre,166058,1780,167838.0
202300036728,8,12,2023,11:01,1,76.0,76351,2,3,1.0,6.0,FLORIMOND LAURENT (RUE),"49,51587000","0,11267000",,76.076351,76351,Seine-Maritime,28.0,Normandie,50.0,4.0,2.0,2,1.0,28,Normandie,76,2,96,LeHavre,166058,1780,167838.0
202300036729,8,12,2023,16:20,1,76.0,76351,2,2,1.0,3.0,ALEXANDRE RIBOT,"49,52155000","0,11703000",,76.076351,76351,Seine-Maritime,28.0,Normandie,50.0,4.0,2.0,2,1.0,28,Normandie,76,2,96,LeHavre,166058,1780,167838.0
202300036730,8,12,2023,13:30,1,76.0,76351,2,3,1.0,6.0,JULES FERRY (PLACE),"49,49181000","0,11114000",,76.076351,76351,Seine-Maritime,28.0,Normandie,-1.0,4.0,-1.0, -1,1.0,28,Normandie,76,2,96,LeHavre,166058,1780,167838.0
202300036864,5,10,2023,07:55,2,76.0,76231,2,4,1.0,6.0,Place du Champ de Foire,"49,29033800","1,01249900",,76.076231,76231,Seine-Maritime,28.0,Normandie,30.0,4.0,1.0,1,1.0,28,Normandie,76,3,9,Elbeuf,15951,138,16089.0
202300036867,5,10,2023,00:35,5,76.0,76351,2,1,1.0,7.0,JEAN MAUREL (RUE),"49,48901000","0,12481000",,76.076351,76351,Seine-Maritime,28.0,Normandie,50.0,4.0,2.0,4,1.0,28,Normandie,76,2,96,LeHavre,166058,1780,167838.0
202300036870,3,10,2023,20:30,5,76.0,76447,2,1,1.0,7.0,COMMUNE 1871 (DE LA),"49,54682000","0,19641000",,76.076447,76447,Seine-Maritime,28.0,Normandie,50.0,4.0,1.0,2,1.0,28,Normandie,76,2,15,Montivilliers,15457,203,15660.0
202300037108,14,1,2023,18:50,5,76.0,76429,2,2,2.0,6.0,Route de Paris,"49,41058000","1,14140000",,76.076429,76429,Seine-Maritime,28.0,Normandie,50.0,7.0,2.0,2,2.0,28,Normandie,76,3,21,LeMesnil-Esnard,7980,353,8333.0
202300037110,14,1,2023,11:00,1,76.0,76497,1,4,2.0,3.0,Avenue des Canadiens,"49,38676400","1,05426900",,76.076497,76497,Seine-Maritime,28.0,Normandie,50.0,7.0,1.0,1,2.0,28,Normandie,76,3,13,Petit-Couronne,8688,175,8863.0
202300037112,13,1,2023,18:55,5,76.0,76217,2,1,2.0,6.0,GRANDE RUE,"49,92565000","1,07656000",,76.076217,76217,Seine-Maritime,28.0,Normandie,30.0,4.0,-1.0,1,2.0,28,Normandie,76,1,95,Dieppe,28358,455,28813.0
202300037165,6,10,2023,11:50,1,76.0,76070,1,1,1.0,4.0,Route de la Briqueterie,"49,69963600","1,23755000",,76.076070,76070,Seine-Maritime,28.0,Normandie,80.0,3.0,2.0,2,1.0,28,Normandie,76,1,23,Bellencombre,588,11,599.0
202300037256,26,7,2023,17:55,1,76.0,76474,2,3,1.0,5.0,Rue de l'Avenir,"49,48790000","1,04766000",,76.076474,76474,Seine-Maritime,28.0,Normandie,50.0,4.0,2.0,2,1.0,28,Normandie,76,3,24,Notre-Dame-de-BondevilLe6957,82,7039,
202300037257,25,7,2023,22:10,3,76.0,76351,1,1,1.0,7.0,RD 940,"49,49828700","0,09568600",,76.076351,76351,Seine-Maritime,28.0,Normandie,70.0,4.0,2.0,1,1.0,28,Normandie,76,2,96,LeHavre,166058,1780,167838.0
202300037362,16,6,2023,22:45,5,76.0,76540,2,1,1.0,6.0,Rue de Lessard,"49,42762600","1,09581600",,76.076540,76540,Seine-Maritime,28.0,Normandie,30.0,4.0,2.0,2,1.0,28,Normandie,76,3,97,Rouen,114083,1556,115639.0
202300037380,21,6,2023,19:10,1,76.0,76351,1,1,1.0,7.0,VINGT QUATRIEME TERRITORIAL (CHAUSSEE DU,"49,49064000","0,12160000",,76.076351,76351,Seine-Maritime,28.0,Normandie,50.0,4.0,1.0,4,1.0,28,Normandie,76,2,96,LeHavre,166058,1780,167838.0
202300037586,23,6,2023,10:00,1,76.0,76709,2,1,1.0,6.0,742 Rue du Maréchal Foch,"49,47341700","0,81460200",,76.076709,76709,Seine-Maritime,28.0,Normandie,50.0,7.0,2.0,2,1.0,28,Normandie,76,3,1,LeTrait,4780,38,4818.0
202300037691,25,2,2023,12:25,1,76.0,76545,2,1,2.0,6.0,Route du Vallon,"49,90188000","1,09069000",,76.076545,76545,Seine-Maritime,28.0,Normandie,50.0,4.0,2.0,2,2.0,28,Normandie,76,1,7,Rouxmesnil-BouteilLes1814,33,1847,
202300037782,25,2,2023,15:20,1,76.0,76681,1,3,1.0,2.0,Boulevard Industriel,"49,41662200","1,10781000",,76.076681,76681,Seine-Maritime,28.0,Normandie,70.0,7.0,3.0,4,1.0,28,Normandie,76,3,99,Sotteville-lès-Rouen,28965,475,29440.0
202300037792,17,5,2023,10:00,1,76.0,76312,2,1,1.0,6.0,2 Rue Charles de Gaulle,"49,48172800","1,72424800",,76.076312,76312,Seine-Maritime,28.0,Normandie,50.0,4.0,2.0,1,1.0,28,Normandie,76,1,12,Gournay-en-Bray,5944,85,6029.0
202300038040,17,5,2023,19:20,1,76.0,76540,2,1,1.0,2.0,Avenue de la Grand Mare,"49,44759000","1,13214000",,76.076540,76540,Seine-Maritime,28.0,Normandie,50.0,7.0,2.0,3,1.0,28,Normandie,76,3,97,Rouen,114083,1556,115639.0
202300038045,17,5,2023,10:54,1,76.0,76351,2,2,1.0,6.0,HOTEL DE VILLE (PLACE DE),"49,49475000","0,10641000",,76.076351,76351,Seine-Maritime,28.0,Normandie,50.0,4.0,1.0,2,1.0,28,Normandie,76,2,96,LeHavre,166058,1780,167838.0
202300038243,9,4,2023,12:25,1,76.0,76217,2,1,1.0,6.0,REPUBLIQUE (AVENUE DE LA),"49,92562000","1,09957000",,76.076217,76217,Seine-Maritime,28.0,Normandie,50.0,4.0,2.0,3,1.0,28,Normandie,76,1,95,Dieppe,28358,455,28813.0
202300038502,10,12,2023,05:40,3,76.0,76545,1,1,2.0,6.0,RD 154E,"49,90738000","1,10288000",,76.076545,76545,Seine-Maritime,28.0,Normandie,70.0,3.0,2.0,2,2.0,28,Normandie,76,1,7,Rouxmesnil-BouteilLes1814,33,1847,
202300038834,13,1,2023,16:17,1,76.0,76540,2,2,1.0,6.0,Rue d'Elbeuf,"49,42586000","1,08272000",,76.076540,76540,Seine-Maritime,28.0,Normandie,30.0,4.0,2.0,2,1.0,28,Normandie,76,3,97,Rouen,114083,1556,115639.0
202300038870,12,1,2023,21:05,5,76.0,76575,2,1,2.0,2.0,Rue des Cateliers,"49,38931145","1,07863855",,76.076575,76575,Seine-Maritime,28.0,Normandie,50.0,4.0,2.0,2,2.0,28,Normandie,76,3,98,Saint-Étienne-du-Rouvray,28508,225,28733.0
202300038872,13,1,2023,07:40,2,76.0,76351,2,3,1.0,3.0,ARISTIDE BRIAND,"49,50046000","0,13845000",,76.076351,76351,Seine-Maritime,28.0,Normandie,30.0,4.0,1.0,1,2.0,28,Normandie,76,2,96,LeHavre,166058,1780,167838.0
202300038943,4,10,2023,11:55,1,76.0,76322,2,2,6.0,3.0,Boulevard Pierre Brossolette,"49,41861000","1,03175000",,76.076322,76322,Seine-Maritime,28.0,Normandie,30.0,7.0,2.0,2,1.0,28,Normandie,76,3,13,LeGrand-Quevilly,25975,225,26200.0
202300039127,24,7,2023,20:25,1,76.0,76270,1,1,1.0,6.0,RD 6382,"49,53067000","0,12540000",,76.076270,76270,Seine-Maritime,28.0,Normandie,70.0,3.0,3.0,2,2.0,28,Normandie,76,2,26,Fontaine-la-Mallet,2635,54,2689.0
202300039269,23,7,2023,15:00,1,76.0,76540,2,3,2.0,6.0,Quai de Boisguilbert,"49,44414000","1,07135000",,76.076540,76540,Seine-Maritime,28.0,Normandie,30.0,7.0,2.0,2,2.0,28,Normandie,76,3,97,Rouen,114083,1556,115639.0
202300039332,21,6,2023,07:50,1,76.0,76108,2,1,1.0,6.0,Avenue du Maréchal Juin,"49,46338000","1,13299000",,76.076108,76108,Seine-Maritime,28.0,Normandie,50.0,4.0,2.0,4,1.0,28,Normandie,76,3,2,Bois-Guillaume,14262,361,14623.0
202300039344,21,6,2023,18:15,1,76.0,76231,2,1,1.0,2.0,Rue de la République (Contre-allée),"49,29068000","1,00116000",,76.076231,76231,Seine-Maritime,28.0,Normandie,50.0,4.0,1.0,1,1.0,28,Normandie,76,3,9,Elbeuf,15951,138,16089.0
202300039345,21,6,2023,16:10,1,76.0,76216,2,1,1.0,4.0,Route de Dieppe,"49,47833000","1,04734000",,76.076216,76216,Seine-Maritime,28.0,Normandie,50.0,7.0,2.0,2,1.0,28,Normandie,76,3,22,Déville-lès-Rouen,10745,62,10807.0
202300039346,21,6,2023,02:25,5,76.0,76351,2,1,2.0,7.0,PIERRE MENDES FRANCE,"49,51531900","0,15415800",,76.076351,76351,Seine-Maritime,28.0,Normandie,50.0,4.0,3.0,2,2.0,28,Normandie,76,2,96,LeHavre,166058,1780,167838.0
202300039456,6,11,2023,21:45,5,76.0,76498,2,1,1.0,1.0,Boulevard du 11 Novembre,"49,42020000","1,06854000",,76.076498,76498,Seine-Maritime,28.0,Normandie,30.0,7.0,2.0,1,1.0,28,Normandie,76,3,27,LePetit-Quevilly,21782,274,22056.0
202300039457,6,11,2023,12:05,1,76.0,76498,2,1,6.0,6.0,Boulevard Stanislas Girardin,"49,41371000","1,06574000",,76.076498,76498,Seine-Maritime,28.0,Normandie,50.0,7.0,2.0,2,1.0,28,Normandie,76,3,27,LePetit-Quevilly,21782,274,22056.0
202300039458,4,11,2023,07:30,2,76.0,76351,2,1,1.0,3.0,MARCEAU (RUE),"49,48957000","0,13395000",,76.076351,76351,Seine-Maritime,28.0,Normandie,50.0,4.0,3.0,4,1.0,28,Normandie,76,2,96,LeHavre,166058,1780,167838.0
202300039459,3,11,2023,21:50,5,76.0,76351,2,3,1.0,2.0,FRANCOIS 1ER (BD),"49,49231000","0,09886000",,76.076351,76351,Seine-Maritime,28.0,Normandie,50.0,4.0,2.0,2,1.0,28,Normandie,76,2,96,LeHavre,166058,1780,167838.0
202300039460,4,11,2023,09:15,1,76.0,76351,2,1,1.0,1.0,JULES DURAND (BD),"49,48983000","0,15631000",,76.076351,76351,Seine-Maritime,28.0,Normandie,50.0,4.0,2.0,2,2.0,28,Normandie,76,2,96,LeHavre,166058,1780,167838.0
202300039461,4,11,2023,11:35,1,76.0,76351,2,6,2.0,6.0,ESTUAIRE (ROUTE DE L'),"49,46696400","0,18029900",,76.076351,76351,Seine-Maritime,28.0,Normandie,50.0,4.0,2.0,2,2.0,28,Normandie,76,2,96,LeHavre,166058,1780,167838.0
202300039462,3,11,2023,15:38,1,76.0,76351,2,3,1.0,6.0,VERDUN (RUE DE),"49,50226000","0,16060000",,76.076351,76351,Seine-Maritime,28.0,Normandie,50.0,3.0,2.0,2,1.0,28,Normandie,76,2,96,LeHavre,166058,1780,167838.0
202300039463,4,11,2023,16:30,1,76.0,76341,1,1,3.0,6.0,RD 6382,"49,51042000","0,19778000",,76.076341,76341,Seine-Maritime,28.0,Normandie,50.0,3.0,1.0,3,2.0,28,Normandie,76,2,15,Harfleur,8315,53,8368.0
202300039581,7,11,2023,14:20,1,76.0,76182,1,2,2.0,3.0,D149,"49,68120600","0,65534100",,76.076182,76182,Seine-Maritime,28.0,Normandie,80.0,3.0,2.0,2,2.0,28,Normandie,76,2,33,CliponvilLe252,2,254,
202300039641,7,11,2023,05:45,3,76.0,76099,1,1,1.0,6.0,Route du Manoir,"49,54974400","0,85470200",,76.076099,76099,Seine-Maritime,28.0,Normandie,70.0,3.0,2.0,2,1.0,28,Normandie,76,3,1,BlacquevilLe707,9,716,
202300039683,23,2,2023,12:30,1,76.0,76351,2,3,1.0,6.0,EUGENE SUE,"49,51736623","0,12308358",,76.076351,76351,Seine-Maritime,28.0,Normandie,30.0,4.0,2.0,2,1.0,28,Normandie,76,2,96,LeHavre,166058,1780,167838.0
202300039754,5,11,2023,20:50,3,76.0,76497,2,1,9.0,7.0,Rue John Kennedy,"49,38776200","1,03342900",,76.076497,76497,Seine-Maritime,28.0,Normandie,50.0,4.0,2.0,2,1.0,28,Normandie,76,3,13,Petit-Couronne,8688,175,8863.0
202300039858,16,5,2023,08:45,1,76.0,76108,2,1,1.0,3.0,Route de Neufchâtel,"49,45729050","1,10796073",,76.076108,76108,Seine-Maritime,28.0,Normandie,50.0,7.0,2.0,2,1.0,28,Normandie,76,3,2,Bois-Guillaume,14262,361,14623.0
202300039859,15,5,2023,08:50,1,76.0,76351,2,3,1.0,3.0,TRIGAUVILLE (DE),"49,50244000","0,13303000",,76.076351,76351,Seine-Maritime,28.0,Normandie,30.0,4.0,2.0,1,2.0,28,Normandie,76,2,96,LeHavre,166058,1780,167838.0
202300040022,23,2,2023,15:50,1,76.0,76114,2,1,1.0,2.0,DEBRAY  LOUIS (AVENUE),"49,59046000","0,48505000",,76.076114,76114,Seine-Maritime,28.0,Normandie,50.0,3.0,2.0,2,1.0,28,Normandie,76,2,3,Bolbec,11635,147,11782.0
202300040132,2,9,2023,14:30,1,76.0,76474,2,1,1.0,3.0,Route de Dieppe,"49,49391000","1,04865000",,76.076474,76474,Seine-Maritime,28.0,Normandie,50.0,7.0,2.0,2,1.0,28,Normandie,76,3,24,Notre-Dame-de-BondevilLe6957,82,7039,
202300040226,7,4,2023,07:35,1,76.0,76561,2,2,1.0,3.0,Avenue Louis Pasteur,"49,30998000","1,01322000",,76.076561,76561,Seine-Maritime,28.0,Normandie,50.0,4.0,2.0,2,1.0,28,Normandie,76,3,5,Saint-Aubin-lès-Elbeuf,8428,75,8503.0
202300040281,9,12,2023,20:15,5,76.0,76329,2,2,2.0,3.0,COTY RENE (RUE),"49,55775000","0,48535000",,76.076329,76329,Seine-Maritime,28.0,Normandie,30.0,4.0,2.0,2,2.0,28,Normandie,76,2,3,Gruchet-le-Valasse,3074,39,3113.0
202300040456,7,4,2023,07:35,1,76.0,76238,1,1,1.0,6.0,D489,"49,56987000","0,23974700",,76.076238,76238,Seine-Maritime,28.0,Normandie,110.0,3.0,3.0,0,1.0,28,Normandie,76,2,26,ÉpouvilLe2641,38,2679,
202300040489,8,12,2023,15:00,1,76.0,76020,1,2,8.0,3.0,D64,"49,45661400","0,91172900",,76.076020,76020,Seine-Maritime,28.0,Normandie,80.0,7.0,2.0,2,1.0,28,Normandie,76,3,1,Anneville-AmbourvilLe1168,18,1186,
202300040583,5,10,2023,12:35,1,76.0,76312,1,1,1.0,7.0,D916,"49,49263300","1,71923200",,76.076312,76312,Seine-Maritime,28.0,Normandie,80.0,3.0,2.0,2,1.0,28,Normandie,76,1,12,Gournay-en-Bray,5944,85,6029.0
202300040602,8,12,2023,18:15,3,76.0,76391,1,1,1.0,4.0,D438,"49,32367000","0,90544000",,76.076391,76391,Seine-Maritime,28.0,Normandie,80.0,7.0,2.0,2,1.0,28,Normandie,76,3,9,La Londe,2362,71,2433.0
202300040604,7,12,2023,17:40,5,76.0,76351,2,1,3.0,6.0,GRAVILLE (BD DE),"49,48699000","0,14952000",,76.076351,76351,Seine-Maritime,28.0,Normandie,50.0,4.0,2.0,4,2.0,28,Normandie,76,2,96,LeHavre,166058,1780,167838.0
202300040606,7,12,2023,18:50,5,76.0,76351,2,2,3.0,6.0,WINSTON CHURCHILL,"49,49418000","0,13826000",,76.076351,76351,Seine-Maritime,28.0,Normandie,50.0,4.0,2.0,6,2.0,28,Normandie,76,2,96,LeHavre,166058,1780,167838.0