Num_Acc,jour,mois,an,hrmn,lum,dep,com,agg,int,atm,col,adr,lat,long,gps,com_insee_temp,com_insee,departmentName,regionCode,regionName,vma,catr,circ,nbv,surf,Code,Region,Departement,Arrondissement,Code_Canton,Nom_Commune,Population_municipaLe,Population_comptee_a_part,Population_Totale
202300040607,7,12,2023,17:00,5,76.0,76351,2,2,3.0,3.0,EMILE ZOLA,"49,48860000","0,10684000",,76.076351,76351,Seine-Maritime,28.0,Normandie,50.0,4.0,2.0,2,2.0,28,Normandie,76,2,96,LeHavre,166058,1780,167838.0
202300040609,7,12,2023,18:30,3,76.0,76296,1,4,3.0,4.0,LIBERATION (RUE DE LA ),"49,51588000","0,23851000",,76.076296,76296,Seine-Maritime,28.0,Normandie,-1.0,3.0,2.0, -1,2.0,28,Normandie,76,2,16,GainnevilLe2511,39,2550,
202300040721,28,9,2023,18:00,1,76.0,76351,2,1,1.0,6.0,FOURRIER,"49,51374000","0,17479000",,76.076351,76351,Seine-Maritime,28.0,Normandie,50.0,4.0,2.0,2,1.0,28,Normandie,76,2,96,LeHavre,166058,1780,167838.0
202300040855,12,1,2023,08:50,1,76.0,76498,2,1,2.0,6.0,Rue Martial Spinneweber,"49,42008000","1,05947000",,76.076498,76498,Seine-Maritime,28.0,Normandie,30.0,4.0,2.0,2,2.0,28,Normandie,76,3,27,LePetit-Quevilly,21782,274,22056.0
202300040856,11,1,2023,19:30,3,76.0,76319,1,2,1.0,3.0,Avenue de Caen,"49,34390000","0,97922000",,76.076319,76319,Seine-Maritime,28.0,Normandie,80.0,7.0,2.0,2,1.0,28,Normandie,76,3,9,Grand-Couronne,9726,177,9903.0
202300040858,10,1,2023,17:00,2,76.0,76447,2,3,1.0,3.0,JACQUES PREVERT,"49,54726000","0,17732000",,76.076447,76447,Seine-Maritime,28.0,Normandie,30.0,4.0,2.0,2,1.0,28,Normandie,76,2,15,Montivilliers,15457,203,15660.0
202300041280,18,6,2023,07:00,2,76.0,76351,2,2,1.0,3.0,WINSTON CHURCHILL,"49,49415000","0,13858000",,76.076351,76351,Seine-Maritime,28.0,Normandie,50.0,4.0,3.0,8,1.0,28,Normandie,76,2,96,LeHavre,166058,1780,167838.0
202300041281,16,6,2023,09:45,1,76.0,76351,2,6,1.0,2.0,GRAND HAMEAU (Avenue du ),"49,52632000","0,09108000",,76.076351,76351,Seine-Maritime,28.0,Normandie,50.0,4.0,2.0,2,1.0,28,Normandie,76,2,96,LeHavre,166058,1780,167838.0
202300041346,6,11,2023,11:30,1,76.0,76275,1,1,1.0,5.0,Route Départementale 111,"49,57901200","0,17730500",,76.076275,76275,Seine-Maritime,28.0,Normandie,50.0,3.0,2.0,2,1.0,28,Normandie,76,2,26,Fontenay,1743,27,1770.0
202300041439,21,6,2023,08:20,1,76.0,76407,1,1,1.0,1.0,D925,"49,86352300","0,74222100",,76.076407,76407,Seine-Maritime,28.0,Normandie,80.0,3.0,2.0,2,1.0,28,Normandie,76,1,33,Manneville-ès-Plains,311,8,319.0
202300041520,17,5,2023,04:00,3,76.0,76482,1,1,1.0,3.0,Rue de la Libération,"49,86860700","1,05466800",,76.076482,76482,Seine-Maritime,28.0,Normandie,70.0,3.0,2.0,2,1.0,28,Normandie,76,1,7,OffranvilLe3191,211,3402,
202300041537,4,11,2023,18:20,2,76.0,76540,2,4,2.0,3.0,Rue Repainville,"49,43444000","1,13187000",,76.076540,76540,Seine-Maritime,28.0,Normandie,50.0,4.0,2.0,2,2.0,28,Normandie,76,3,97,Rouen,114083,1556,115639.0
202300041645,15,5,2023,23:50,5,76.0,76486,2,1,1.0,6.0,Rue d'Elbeuf,"49,30195900","0,99234300",,76.076486,76486,Seine-Maritime,28.0,Normandie,50.0,7.0,2.0,2,1.0,28,Normandie,76,3,9,Orival,860,5,865.0
202300041647,14,5,2023,21:00,1,76.0,76351,2,3,1.0,3.0,PIERRE MENDES FRANCE,"49,51462000","0,15365700",,76.076351,76351,Seine-Maritime,28.0,Normandie,50.0,4.0,2.0,2,1.0,28,Normandie,76,2,96,LeHavre,166058,1780,167838.0
202300041673,5,11,2023,07:00,2,76.0,76618,2,6,1.0,7.0,rd 925,"49,93982800","1,18403400",,76.076618,76618,Seine-Maritime,28.0,Normandie,-1.0,3.0,2.0,1,2.0,28,Normandie,76,1,8,Petit-Caux,9625,210,9835.0
202300041723,21,2,2023,18:00,1,76.0,76351,1,1,1.0,7.0,BOUTEILLERIE (DE LA),"49,52122000","0,17158000",,76.076351,76351,Seine-Maritime,28.0,Normandie,80.0,3.0,2.0,2,1.0,28,Normandie,76,2,96,LeHavre,166058,1780,167838.0
202300041840,16,5,2023,16:20,1,76.0,76367,1,2,1.0,1.0,Lieu Dit les Barettes,"49,51885700","1,10869100",,76.076367,76367,Seine-Maritime,28.0,Normandie,70.0,7.0,2.0,2,1.0,28,Normandie,76,3,24,HouppevilLe2884,51,2935,
202300041856,8,4,2023,15:30,1,76.0,76758,2,2,1.0,3.0,Avenue de Verdun,"49,61901000","0,75588900",,76.076758,76758,Seine-Maritime,28.0,Normandie,-1.0,3.0,1.0, -1,1.0,28,Normandie,76,3,35,Yvetot,11385,208,11593.0
202300041906,22,2,2023,07:10,2,76.0,76587,1,2,8.0,3.0,La Hetraie D.925,"49,77583200","0,46222000",,76.076587,76587,Seine-Maritime,28.0,Normandie,70.0,3.0,2.0,2,1.0,28,Normandie,76,2,11,Sainte-Hélène-BondevilLe715,19,734,
202300041908,23,2,2023,17:30,2,76.0,76035,2,3,8.0,3.0,DÉPARTEMENTALE 49 76390,"49,77599000","1,75451600",,76.076035,76035,Seine-Maritime,28.0,Normandie,50.0,3.0,2.0,2,1.0,28,Normandie,76,1,12,AumaLe1974,45,2019,
202300042070,23,2,2023,11:10,1,76.0,76192,1,1,1.0,6.0,D925,"50,02382100","1,34253400",,76.076192,76192,Seine-Maritime,28.0,Normandie,80.0,3.0,2.0,2,1.0,28,Normandie,76,1,10,Criel-sur-Mer,2596,54,2650.0
202300042238,8,12,2023,16:00,2,76.0,76372,1,2,7.0,3.0,D929,"49,75190900","1,65942900",,76.076372,76372,Seine-Maritime,28.0,Normandie,-1.0,3.0,2.0, -1,1.0,28,Normandie,76,1,12,Illois,401,5,406.0
202300042340,1,9,2023,16:45,1,76.0,76345,1,2,1.0,3.0,chemin départemental 8,"49,59157100","1,69303700",,76.076345,76345,Seine-Maritime,28.0,Normandie,80.0,3.0,2.0,2,1.0,28,Normandie,76,1,12,Haussez,279,2,281.0
202300042435,31,8,2023,13:50,1,76.0,76575,2,1,2.0,2.0,Rue Julian Grimau,"49,38989000","1,09407000",,76.076575,76575,Seine-Maritime,28.0,Normandie,50.0,4.0,2.0,2,2.0,28,Normandie,76,3,98,Saint-Étienne-du-Rouvray,28508,225,28733.0
202300042436,31,8,2023,13:55,1,76.0,76681,2,7,2.0,2.0,Pl des Martyrs de la Resistance,"49,41984344","1,07828289",,76.076681,76681,Seine-Maritime,28.0,Normandie,30.0,4.0,1.0,1,2.0,28,Normandie,76,3,99,Sotteville-lès-Rouen,28965,475,29440.0
202300042437,31,8,2023,15:00,1,76.0,76217,2,6,2.0,3.0,REPUBLIQUE (AVENUE DE LA),"49,92526089","1,10106289",,76.076217,76217,Seine-Maritime,28.0,Normandie,50.0,4.0,-1.0,1,2.0,28,Normandie,76,1,95,Dieppe,28358,455,28813.0
202300042709,2,10,2023,23:40,5,76.0,76540,2,1,1.0,1.0,Quai du Havre (Haut),"49,44103000","1,08231000",,76.076540,76540,Seine-Maritime,28.0,Normandie,30.0,7.0,1.0,2,1.0,28,Normandie,76,3,97,Rouen,114083,1556,115639.0
202300042712,2,10,2023,22:20,5,76.0,76231,2,1,1.0,3.0,Rue des Martyrs,"49,28900000","1,00576000",,76.076231,76231,Seine-Maritime,28.0,Normandie,50.0,4.0,2.0,2,1.0,28,Normandie,76,3,9,Elbeuf,15951,138,16089.0
202300042715,30,9,2023,20:20,5,76.0,76481,1,6,1.0,7.0,RD 6382,"49,53142000","0,10733000",,76.076481,76481,Seine-Maritime,28.0,Normandie,80.0,3.0,1.0,0,1.0,28,Normandie,76,2,26,Octeville-sur-Mer,6122,119,6241.0
202300042718,30,9,2023,00:05,5,76.0,76351,2,2,1.0,3.0,VERDUN (RUE DE),"49,50142000","0,15008000",,76.076351,76351,Seine-Maritime,28.0,Normandie,50.0,3.0,2.0,2,1.0,28,Normandie,76,2,96,LeHavre,166058,1780,167838.0
202300042784,12,1,2023,17:15,2,76.0,76223,2,1,2.0,5.0,Route Departementale 6015,"49,62759400","0,79879400",,76.076223,76223,Seine-Maritime,28.0,Normandie,-1.0,3.0,2.0,2,2.0,28,Normandie,76,3,24,Écalles-Alix,528,6,534.0
202300042975,22,7,2023,12:15,1,76.0,76263,1,1,1.0,2.0,D128,"49,49436800","1,53062900",,76.076263,76263,Seine-Maritime,28.0,Normandie,80.0,3.0,2.0,2,9.0,28,Normandie,76,1,12,La Feuillie,1262,28,1290.0
202300043063,23,7,2023,13:00,1,76.0,76684,2,1,2.0,6.0,Route départementale 982,"49,47525300","0,46235400",,76.076684,76684,Seine-Maritime,28.0,Normandie,50.0,3.0,2.0,2,2.0,28,Normandie,76,2,3,TancarvilLe1218,24,1242,
202300043087,10,1,2023,17:40,5,76.0,76575,2,1,2.0,4.0,Rue Fernand Léger,"49,39788400","1,10001291",,76.076575,76575,Seine-Maritime,28.0,Normandie,50.0,4.0,2.0,2,2.0,28,Normandie,76,3,98,Saint-Étienne-du-Rouvray,28508,225,28733.0
202300043089,10,1,2023,07:45,2,76.0,76540,2,2,2.0,3.0,Boulevard des Belges,"49,44423000","1,08531000",,76.076540,76540,Seine-Maritime,28.0,Normandie,30.0,7.0,2.0,2,2.0,28,Normandie,76,3,97,Rouen,114083,1556,115639.0
202300043112,17,7,2023,17:20,1,76.0,76486,2,1,1.0,1.0,Rue d'Elbeuf,"49,30105000","0,99252000",,76.076486,76486,Seine-Maritime,28.0,Normandie,50.0,7.0,2.0,2,1.0,28,Normandie,76,3,9,Orival,860,5,865.0
202300043232,18,6,2023,06:55,2,76.0,76351,2,1,1.0,6.0,IENA (D'),"49,49147000","0,13572000",,76.076351,76351,Seine-Maritime,28.0,Normandie,30.0,4.0,2.0,1,1.0,28,Normandie,76,2,96,LeHavre,166058,1780,167838.0
202300043233,18,6,2023,19:20,1,76.0,76447,1,1,2.0,6.0,RD 6382,"49,52516000","0,18294000",,76.076447,76447,Seine-Maritime,28.0,Normandie,70.0,3.0,3.0,2,3.0,28,Normandie,76,2,15,Montivilliers,15457,203,15660.0
202300043234,17,6,2023,15:45,1,76.0,76351,2,2,1.0,3.0,DEMIDOFF (RUE),"49,49761000","0,13743000",,76.076351,76351,Seine-Maritime,28.0,Normandie,50.0,4.0,1.0,2,1.0,28,Normandie,76,2,96,LeHavre,166058,1780,167838.0
202300043235,16,6,2023,21:05,1,76.0,76305,2,1,1.0,6.0,ELSA TRIOLET,"49,50434000","0,23527000",,76.076305,76305,Seine-Maritime,28.0,Normandie,50.0,4.0,2.0,2,1.0,28,Normandie,76,2,16,Gonfreville-l'Orcher,8961,44,9005.0
202300043664,13,5,2023,14:45,1,76.0,76540,2,1,1.0,6.0,Place Saint Sever,"49,43048000","1,08500000",,76.076540,76540,Seine-Maritime,28.0,Normandie,-1.0,4.0,-1.0,0,1.0,28,Normandie,76,3,97,Rouen,114083,1556,115639.0
202300043699,2,11,2023,23:45,5,76.0,76540,2,2,8.0,3.0,Quai Jean Moulin,"49,43686000","1,08750000",,76.076540,76540,Seine-Maritime,28.0,Normandie,50.0,4.0,2.0,4,2.0,28,Normandie,76,3,97,Rouen,114083,1556,115639.0
202300043906,21,2,2023,16:12,1,76.0,76257,1,1,1.0,6.0,"A28 vers Rouen, pk040.000","49,85716000","1,55375000",,76.076257,76257,Seine-Maritime,28.0,Normandie,130.0,1.0,3.0,2,1.0,28,Normandie,76,1,10,Fallencourt,183,2,185.0
202300044127,10,2,2023,09:00,1,76.0,76351,1,1,1.0,6.0,SPORTS,"49,51746000","0,13001000",,76.076351,76351,Seine-Maritime,28.0,Normandie,-1.0,5.0,2.0,1,2.0,28,Normandie,76,2,96,LeHavre,166058,1780,167838.0
202300044155,4,4,2023,13:50,1,76.0,76351,2,2,1.0,1.0,FRANCOIS 1ER (BD),"49,49191000","0,09917000",,76.076351,76351,Seine-Maritime,28.0,Normandie,-1.0,4.0,2.0, -1,1.0,28,Normandie,76,2,96,LeHavre,166058,1780,167838.0
202300044222,30,8,2023,18:00,1,76.0,76540,2,3,1.0,2.0,Route de Darnetal,"49,44042000","1,12755000",,76.076540,76540,Seine-Maritime,28.0,Normandie,50.0,7.0,2.0,2,1.0,28,Normandie,76,3,97,Rouen,114083,1556,115639.0
202300044456,5,12,2023,08:15,1,76.0,76351,2,3,1.0,6.0,IRENE JOLIOT CURIE (RUE),"49,51424000","0,10478000",,76.076351,76351,Seine-Maritime,28.0,Normandie,-1.0,4.0,-1.0, -1,1.0,28,Normandie,76,2,96,LeHavre,166058,1780,167838.0
202300044459,6,12,2023,08:10,2,76.0,76351,2,1,1.0,7.0,COLBERT (QUAI),"49,49249000","0,13097000",,76.076351,76351,Seine-Maritime,28.0,Normandie,50.0,4.0,1.0,2,7.0,28,Normandie,76,2,96,LeHavre,166058,1780,167838.0
202300044461,5,12,2023,18:25,5,76.0,76351,2,3,2.0,6.0,FELIX FAURE,"49,50203000","0,11728000",,76.076351,76351,Seine-Maritime,28.0,Normandie,-1.0,4.0,2.0, -1,2.0,28,Normandie,76,2,96,LeHavre,166058,1780,167838.0
202300044465,5,12,2023,16:50,4,76.0,76351,2,2,2.0,3.0,GERANIUMS (DES),"49,50528000","0,16126000",,76.076351,76351,Seine-Maritime,28.0,Normandie,50.0,4.0,2.0,1,2.0,28,Normandie,76,2,96,LeHavre,166058,1780,167838.0
202300044552,1,10,2023,16:12,1,76.0,76323,2,1,1.0,7.0,14 Route de Fayelle,"49,72867100","1,54078400",,76.076323,76323,Seine-Maritime,28.0,Normandie,50.0,3.0,2.0,2,1.0,28,Normandie,76,1,23,Graval,156,4,160.0
202300044605,8,1,2023,08:15,1,76.0,76481,1,6,1.0,6.0,RD 6382,"49,53125053","0,10814130",,76.076481,76481,Seine-Maritime,28.0,Normandie,90.0,3.0,3.0,4,2.0,28,Normandie,76,2,26,Octeville-sur-Mer,6122,119,6241.0
202300044607,7,1,2023,06:30,3,76.0,76351,1,1,1.0,6.0,SEIZIEME PORT (AVENUE DU),"49,48260000","0,16175000",,76.076351,76351,Seine-Maritime,28.0,Normandie,70.0,4.0,3.0,4,1.0,28,Normandie,76,2,96,LeHavre,166058,1780,167838.0
202300044610,9,1,2023,20:30,5,76.0,76217,1,3,1.0,2.0,Rue Jacques Monod,"49,92228903","1,11628550",,76.076217,76217,Seine-Maritime,28.0,Normandie,50.0,3.0,2.0,2,1.0,28,Normandie,76,1,95,Dieppe,28358,455,28813.0
202300044685,1,10,2023,06:35,4,76.0,76681,2,2,1.0,6.0,Rue Victor Hugo,"49,41387000","1,09515000",,76.076681,76681,Seine-Maritime,28.0,Normandie,50.0,4.0,2.0,2,1.0,28,Normandie,76,3,99,Sotteville-lès-Rouen,28965,475,29440.0
202300044690,29,9,2023,17:40,1,76.0,76384,1,1,1.0,5.0,PORT JEROME,"49,49757000","0,54617000",,76.076384,76384,Seine-Maritime,28.0,Normandie,80.0,3.0,2.0,3,1.0,28,Normandie,76,2,3,Lillebonne,8729,141,8870.0
202300044864,22,7,2023,12:34,1,76.0,76319,1,1,1.0,2.0,A13,"49,33855300","0,98306200",,76.076319,76319,Seine-Maritime,28.0,Normandie,130.0,1.0,3.0,6,1.0,28,Normandie,76,3,9,Grand-Couronne,9726,177,9903.0
202300044980,19,7,2023,17:40,1,76.0,76351,2,2,1.0,3.0,GERANIUMS (DES),"49,50602000","0,16334000",,76.076351,76351,Seine-Maritime,28.0,Normandie,50.0,4.0,2.0,2,1.0,28,Normandie,76,2,96,LeHavre,166058,1780,167838.0
202300044983,20,7,2023,23:00,4,76.0,76217,2,1,1.0,3.0,GAMBETTA (AVENUE),"49,92002000","1,07375000",,76.076217,76217,Seine-Maritime,28.0,Normandie,30.0,4.0,2.0,3,1.0,28,Normandie,76,1,95,Dieppe,28358,455,28813.0
202300045072,20,6,2023,09:50,1,76.0,76035,2,1,1.0,6.0,Rue Nationale,"49,76760100","1,75337800",,76.076035,76035,Seine-Maritime,28.0,Normandie,50.0,3.0,1.0,2,1.0,28,Normandie,76,1,12,AumaLe1974,45,2019,
202300045073,20,6,2023,16:50,1,76.0,76400,2,1,1.0,6.0,rue de la République,"49,82426459","0,91178804",,76.076400,76400,Seine-Maritime,28.0,Normandie,50.0,3.0,2.0,2,1.0,28,Normandie,76,1,20,Luneray,2170,36,2206.0
202300045113,19,6,2023,08:00,1,76.0,76753,1,1,1.0,5.0,D13,"49,34889100","1,16343500",,76.076753,76753,Seine-Maritime,28.0,Normandie,80.0,7.0,2.0,2,1.0,28,Normandie,76,3,6,Ymare,1212,22,1234.0
202300045142,16,6,2023,09:50,1,76.0,76462,1,1,1.0,2.0,A28,"49,73038800","1,46036600",,76.076462,76462,Seine-Maritime,28.0,Normandie,130.0,1.0,3.0,2,1.0,28,Normandie,76,1,23,Neufchâtel-en-Bray,4680,213,4893.0
202300045148,16,6,2023,02:00,3,76.0,76243,1,1,1.0,1.0,Route d?Ernemont,"49,55406000","1,36282000",,76.076243,76243,Seine-Maritime,28.0,Normandie,80.0,3.0,2.0,2,1.0,28,Normandie,76,3,21,Ernemont-sur-Buchy,294,2,296.0
202300045332,3,11,2023,15:45,1,76.0,76624,2,1,1.0,6.0,124 Rue du Thil,"49,87990000","1,20857000",,76.076624,76624,Seine-Maritime,28.0,Normandie,50.0,4.0,-1.0,2,1.0,28,Normandie,76,1,8,Saint-Nicolas-d'Aliermont,3764,59,3823.0
202300045452,2,11,2023,00:15,5,76.0,76231,2,2,2.0,3.0,Rue Boucher de Perthes,"49,29089000","0,99979000",,76.076231,76231,Seine-Maritime,28.0,Normandie,50.0,7.0,2.0,2,2.0,28,Normandie,76,3,9,Elbeuf,15951,138,16089.0
202300045454,31,10,2023,21:00,3,76.0,76576,1,1,2.0,5.0,D6015,"49,55370000","0,44804000",,76.076576,76576,Seine-Maritime,28.0,Normandie,80.0,3.0,2.0,3,2.0,28,Normandie,76,2,3,Saint-Eustache-la-Forêt,1233,16,1249.0
202300045473,12,5,2023,23:25,3,76.0,76231,2,6,1.0,6.0,Rue de Rouen,"49,29694000","0,99486000",,76.076231,76231,Seine-Maritime,28.0,Normandie,50.0,7.0,1.0,1,2.0,28,Normandie,76,3,9,Elbeuf,15951,138,16089.0
202300045641,5,4,2023,15:45,1,76.0,76657,1,1,1.0,6.0,A131 PK 024.400,"49,48091000","0,33714300",,76.076657,76657,Seine-Maritime,28.0,Normandie,110.0,1.0,1.0,2,1.0,28,Normandie,76,2,32,Saint-Vigor-d'YmonvilLe1167,24,1191,
202300045830,4,4,2023,12:20,1,76.0,76217,2,2,1.0,3.0,LOUIS BLERIOT (RUE ),"49,92225000","1,11636000",,76.076217,76217,Seine-Maritime,28.0,Normandie,70.0,3.0,2.0,2,1.0,28,Normandie,76,1,95,Dieppe,28358,455,28813.0
202300045835,4,4,2023,07:45,1,76.0,76324,1,6,1.0,3.0,RD 925,"49,93129000","1,14242000",,76.076324,76324,Seine-Maritime,28.0,Normandie,70.0,3.0,2.0,2,1.0,28,Normandie,76,1,8,Grèges,841,15,856.0
202300045877,18,2,2023,23:20,5,76.0,76349,2,2,1.0,6.0,GRIMALDI (RUE),"49,89782000","1,02997000",,76.076349,76349,Seine-Maritime,28.0,Normandie,-1.0,3.0,2.0, -1,2.0,28,Normandie,76,1,7,Hautot-sur-Mer,1887,46,1933.0
202300046259,5,12,2023,08:25,1,76.0,76351,2,1,2.0,7.0,DENIS PAPIN (PONT),"49,49459000","0,13801000",,76.076351,76351,Seine-Maritime,28.0,Normandie,50.0,4.0,2.0,2,2.0,28,Normandie,76,2,96,LeHavre,166058,1780,167838.0
202300046448,8,1,2023,16:28,1,76.0,76167,1,1,1.0,7.0,départementale 111,"49,61244800","0,16955900",,76.076167,76167,Seine-Maritime,28.0,Normandie,80.0,3.0,2.0,2,1.0,28,Normandie,76,2,26,Cauville-sur-Mer,1618,29,1647.0
202300046534,21,7,2023,15:30,1,76.0,76749,2,1,1.0,7.0,chemin de la plaine,"49,86065300","1,36694000",,76.076749,76749,Seine-Maritime,28.0,Normandie,50.0,4.0,2.0,1,1.0,28,Normandie,76,1,23,Wanchy-Capval,333,8,341.0
202300046682,9,1,2023,07:30,3,76.0,76456,1,1,3.0,2.0,RD 929,"49,64677500","0,84738000",,76.076456,76456,Seine-Maritime,28.0,Normandie,80.0,3.0,2.0,2,2.0,28,Normandie,76,3,35,MottevilLe771,11,782,
202300046706,20,7,2023,16:45,1,76.0,76475,2,2,1.0,1.0,Route de Paris,"49,40291000","1,15846800",,76.076475,76475,Seine-Maritime,28.0,Normandie,50.0,7.0,2.0,2,1.0,28,Normandie,76,3,21,Franqueville-Saint-Pierre,6067,195,6262.0
202300046727,19,7,2023,08:25,1,76.0,76540,2,2,1.0,6.0,Place Cauchoise,"49,44579000","1,08668000",,76.076540,76540,Seine-Maritime,28.0,Normandie,50.0,7.0,2.0,2,1.0,28,Normandie,76,3,97,Rouen,114083,1556,115639.0
202300046764,30,9,2023,07:30,2,76.0,76380,1,1,1.0,6.0,D152,"49,78727700","0,98748200",,76.076380,76380,Seine-Maritime,28.0,Normandie,80.0,3.0,2.0,2,1.0,28,Normandie,76,1,20,LammervilLe309,8,317,
202300046788,1,10,2023,13:40,1,76.0,76618,1,2,7.0,3.0,D925,"49,97013000","1,24634500",,76.076618,76618,Seine-Maritime,28.0,Normandie,-1.0,3.0,2.0, -1,1.0,28,Normandie,76,1,8,Petit-Caux,9625,210,9835.0
202300046793,18,7,2023,15:45,1,76.0,76351,2,1,1.0,6.0,EDOUARD VAILLANT,"49,51498000","0,17677000",,76.076351,76351,Seine-Maritime,28.0,Normandie,50.0,4.0,2.0,2,1.0,28,Normandie,76,2,96,LeHavre,166058,1780,167838.0
202300047075,15,6,2023,14:20,1,76.0,76523,1,1,1.0,7.0,RD116-PK006+000,"49,82527600","1,59700900",,76.076523,76523,Seine-Maritime,28.0,Normandie,80.0,3.0,2.0,2,1.0,28,Normandie,76,1,10,Rétonval,177,2,179.0
202300047201,31,10,2023,21:00,5,76.0,76540,2,3,2.0,1.0,Av du Cdt Bernard Bicheray,"49,44915000","1,04783000",,76.076540,76540,Seine-Maritime,28.0,Normandie,50.0,7.0,2.0,2,2.0,28,Normandie,76,3,97,Rouen,114083,1556,115639.0
202300047202,31,10,2023,16:15,1,76.0,76322,1,1,1.0,2.0,N338 - Sud 3,"49,41843000","1,04859000",,76.076322,76322,Seine-Maritime,28.0,Normandie,90.0,2.0,3.0,4,1.0,28,Normandie,76,3,13,LeGrand-Quevilly,25975,225,26200.0
202300047324,3,3,2023,18:45,5,76.0,76351,2,1,1.0,6.0,SOCRATE,"49,51303000","0,16233000",,76.076351,76351,Seine-Maritime,28.0,Normandie,30.0,4.0,-1.0,1,1.0,28,Normandie,76,2,96,LeHavre,166058,1780,167838.0
202300047385,11,5,2023,16:45,1,76.0,76484,1,1,1.0,6.0,D18 E,"49,35618000","1,08380000",,76.076484,76484,Seine-Maritime,28.0,Normandie,110.0,7.0,3.0,4,1.0,28,Normandie,76,3,31,Oissel,12367,83,12450.0
202300047459,31,3,2023,13:36,1,76.0,76351,2,3,1.0,6.0,MICHELET,"49,49238000","0,12158000",,76.076351,76351,Seine-Maritime,28.0,Normandie,50.0,4.0,2.0,2,2.0,28,Normandie,76,2,96,LeHavre,166058,1780,167838.0
202300047461,1,4,2023,01:25,5,76.0,76552,2,3,3.0,6.0,CAP ( RTE DU ),"49,50615974","0,07980645",,76.076552,76552,Seine-Maritime,28.0,Normandie,50.0,3.0,2.0,1,2.0,28,Normandie,76,2,19,Sainte-Adresse,7116,188,7304.0
202300047562,28,8,2023,09:30,1,76.0,76575,2,1,1.0,6.0,Rue du Madrillet,"49,40395400","1,07527400",,76.076575,76575,Seine-Maritime,28.0,Normandie,50.0,4.0,2.0,2,1.0,28,Normandie,76,3,98,Saint-Étienne-du-Rouvray,28508,225,28733.0
202300047567,24,8,2023,22:08,5,76.0,76351,2,1,1.0,6.0,DOCTEUR VIGNE,"49,49760000","0,11168000",,76.076351,76351,Seine-Maritime,28.0,Normandie,50.0,4.0,1.0,2,1.0,28,Normandie,76,2,96,LeHavre,166058,1780,167838.0
202300047660,6,12,2023,07:15,3,76.0,76612,1,1,5.0,6.0,départementale 26,"49,83218166","1,67040128",,76.076612,76612,Seine-Maritime,28.0,Normandie,80.0,3.0,2.0,2,2.0,28,Normandie,76,1,10,Saint-Martin-au-Bosc,269,6,275.0
202300047664,6,12,2023,19:00,3,76.0,76367,1,1,2.0,6.0,D121,"49,50383700","1,09828900",,76.076367,76367,Seine-Maritime,28.0,Normandie,80.0,7.0,2.0,2,2.0,28,Normandie,76,3,24,HouppevilLe2884,51,2935,
202300047801,29,8,2023,11:50,1,76.0,76258,1,2,1.0,3.0,Route départementale 109,"49,67638300","0,60868400",,76.076258,76258,Seine-Maritime,28.0,Normandie,80.0,3.0,2.0,1,1.0,28,Normandie,76,2,33,Terres-de-Caux,4208,112,4320.0
202300047803,2,4,2023,15:40,1,76.0,76540,2,1,1.0,6.0,Rue François Couperin,"49,45055000","1,13844000",,76.076540,76540,Seine-Maritime,28.0,Normandie,50.0,4.0,2.0,2,1.0,28,Normandie,76,3,97,Rouen,114083,1556,115639.0
202300047806,1,4,2023,16:43,1,76.0,76575,2,3,2.0,1.0,Rue Camille Saint-saens,"49,39431000","1,06297000",,76.076575,76575,Seine-Maritime,28.0,Normandie,50.0,4.0,2.0,2,2.0,28,Normandie,76,3,98,Saint-Étienne-du-Rouvray,28508,225,28733.0
202300047819,11,5,2023,15:25,1,76.0,76580,1,1,1.0,7.0,Rue du Bout d'Aval,"49,55487700","1,16296300",,76.076580,76580,Seine-Maritime,28.0,Normandie,30.0,6.0,-1.0, -1,1.0,28,Normandie,76,3,2,Saint-Georges-sur-Fontaine,919,18,937.0
202300047871,27,8,2023,11:16,1,76.0,76532,1,3,1.0,5.0,D928,"49,61007000","1,29572200",,76.076532,76532,Seine-Maritime,28.0,Normandie,-1.0,3.0,2.0, -1,1.0,28,Normandie,76,1,23,Rocquemont,778,17,795.0
202300047952,4,12,2023,10:40,1,76.0,76351,2,3,2.0,4.0,BIGNE A FOSSE,"49,52657000","0,11019000",,76.076351,76351,Seine-Maritime,28.0,Normandie,50.0,4.0,2.0,2,2.0,28,Normandie,76,2,96,LeHavre,166058,1780,167838.0
202300047954,1,12,2023,14:15,1,76.0,76351,2,3,1.0,3.0,Avenue Pablo Picasso,"49,50424000","0,16614000",,76.076351,76351,Seine-Maritime,28.0,Normandie,50.0,4.0,2.0,5,1.0,28,Normandie,76,2,96,LeHavre,166058,1780,167838.0
202300047957,3,12,2023,16:30,2,76.0,76351,2,4,1.0,3.0,JULES DELAMARE,"49,49200000","0,16142000",,76.076351,76351,Seine-Maritime,28.0,Normandie,50.0,3.0,-1.0,2,2.0,28,Normandie,76,2,96,LeHavre,166058,1780,167838.0