Num_Acc,jour,mois,an,hrmn,lum,dep,com,agg,int,atm,col,adr,lat,long,gps,com_insee_temp,com_insee,departmentName,regionCode,regionName,vma,catr,circ,nbv,surf,Code,Region,Departement,Arrondissement,Code_Canton,Nom_Commune,Population_municipaLe,Population_comptee_a_part,Population_Totale
202300047986,29,8,2023,17:00,1,76.0,76475,2,1,1.0,3.0,Route de Paris,"49,39623900","1,18200100",,76.076475,76475,Seine-Maritime,28.0,Normandie,50.0,7.0,2.0,2,1.0,28,Normandie,76,3,21,Franqueville-Saint-Pierre,6067,195,6262.0
202300048032,19,2,2023,03:15,3,76.0,76348,1,1,2.0,6.0,D110,"49,69283500","0,75200300",,76.076348,76348,Seine-Maritime,28.0,Normandie,80.0,3.0,2.0,2,2.0,28,Normandie,76,3,35,Hautot-Saint-Sulpice,690,8,698.0
202300048185,28,8,2023,16:00,1,76.0,76159,2,1,1.0,7.0,23 Rue du Hôme,"49,78880800","0,63357000",,76.076159,76159,Seine-Maritime,28.0,Normandie,30.0,4.0,2.0,2,1.0,28,Normandie,76,1,33,Cany-BarvilLe2947,46,2993,
202300048189,26,8,2023,15:30,1,76.0,76146,2,1,1.0,3.0,415 Rue Andre Auguste,"49,58809800","1,35561400",,76.076146,76146,Seine-Maritime,28.0,Normandie,50.0,3.0,2.0,2,1.0,28,Normandie,76,3,21,Buchy,2805,108,2913.0
202300048200,17,2,2023,18:25,5,76.0,76322,1,1,1.0,6.0,N338 - Sud 3,"49,40012000","1,03227000",,76.076322,76322,Seine-Maritime,28.0,Normandie,90.0,2.0,3.0,5,1.0,28,Normandie,76,3,13,LeGrand-Quevilly,25975,225,26200.0
202300048205,17,2,2023,02:00,3,76.0,76540,2,1,1.0,7.0,N28,"49,43870000","1,11581000",,76.076540,76540,Seine-Maritime,28.0,Normandie,70.0,2.0,3.0,6,1.0,28,Normandie,76,3,97,Rouen,114083,1556,115639.0
202300048290,29,9,2023,19:45,2,76.0,76498,2,3,1.0,3.0,Avenue Jean Jaurès,"49,42708000","1,06382000",,76.076498,76498,Seine-Maritime,28.0,Normandie,50.0,7.0,2.0,2,1.0,28,Normandie,76,3,27,LePetit-Quevilly,21782,274,22056.0
202300048407,14,6,2023,16:30,1,76.0,76540,2,1,1.0,3.0,Quai du Havre (Haut),"49,43903000","1,08830000",,76.076540,76540,Seine-Maritime,28.0,Normandie,50.0,7.0,2.0,4,1.0,28,Normandie,76,3,97,Rouen,114083,1556,115639.0
202300048437,6,1,2023,14:09,1,76.0,76157,2,3,2.0,1.0,Impasse du Clos aux Moines,"49,44763000","1,02022000",,76.076157,76157,Seine-Maritime,28.0,Normandie,30.0,4.0,2.0,2,6.0,28,Normandie,76,3,4,Canteleu,13966,360,14326.0
202300048442,6,1,2023,06:30,2,76.0,76474,2,4,2.0,2.0,Route de Dieppe,"49,48585000","1,04845000",,76.076474,76474,Seine-Maritime,28.0,Normandie,50.0,7.0,2.0,2,2.0,28,Normandie,76,3,24,Notre-Dame-de-BondevilLe6957,82,7039,
202300048443,16,7,2023,20:10,1,76.0,76178,1,1,3.0,6.0,Rue de Tourville,"49,31254000","1,05512000",,76.076178,76178,Seine-Maritime,28.0,Normandie,80.0,7.0,2.0,4,2.0,28,Normandie,76,3,5,Cléon,4907,30,4937.0
202300048449,15,6,2023,16:00,1,76.0,76351,2,4,1.0,3.0,VERDUN (RUE DE),"49,50244000","0,16816300",,76.076351,76351,Seine-Maritime,28.0,Normandie,50.0,3.0,2.0,2,1.0,28,Normandie,76,2,96,LeHavre,166058,1780,167838.0
202300048453,18,7,2023,01:00,3,76.0,76707,1,9,1.0,6.0,RD 915,"49,85730000","1,11600000",,76.076707,76707,Seine-Maritime,28.0,Normandie,50.0,3.0,1.0,2,1.0,28,Normandie,76,1,7,Tourville-sur-Arques,1193,35,1228.0
202300048792,8,1,2023,09:30,1,76.0,76222,2,1,1.0,6.0,Rue Louis Pasteur,"49,49125110","0,87547297",,76.076222,76222,Seine-Maritime,28.0,Normandie,50.0,7.0,2.0,2,1.0,28,Normandie,76,3,1,Duclair,4020,52,4072.0
202300048820,27,9,2023,20:30,3,76.0,76460,1,1,1.0,7.0,Route du Poteau Maitre Jean,"49,90223600","1,63857200",,76.076460,76460,Seine-Maritime,28.0,Normandie,80.0,3.0,2.0,2,1.0,28,Normandie,76,1,10,Nesle-Normandeuse,494,8,502.0
202300048892,7,1,2023,16:45,1,76.0,76558,1,1,1.0,1.0,D95,"49,39413300","1,17191100",,76.076558,76558,Seine-Maritime,28.0,Normandie,70.0,7.0,2.0,2,2.0,28,Normandie,76,3,6,Saint-Aubin-CellovilLe1181,8,1189,
202300048907,15,6,2023,14:00,1,76.0,76087,1,2,7.0,3.0,Rue de Bosc Mare,"49,71197800","0,81666000",,76.076087,76087,Seine-Maritime,28.0,Normandie,-1.0,3.0,2.0, -1,1.0,28,Normandie,76,3,35,Berville-en-Caux,694,10,704.0
202300048964,19,7,2023,13:30,1,76.0,76295,1,1,1.0,1.0,D 919 ,"49,65767000","1,63392000",,76.076295,76295,Seine-Maritime,28.0,Normandie,80.0,3.0,2.0,2,1.0,28,Normandie,76,1,12,Gaillefontaine,1183,13,1196.0
202300049099,30,10,2023,10:30,1,76.0,76305,1,6,2.0,7.0,Côte de l'Estuaire,"49,49804000","0,23120000",,76.076305,76305,Seine-Maritime,28.0,Normandie,50.0,3.0,2.0,1,2.0,28,Normandie,76,2,16,Gonfreville-l'Orcher,8961,44,9005.0
202300049100,29,10,2023,05:11,3,76.0,76259,1,1,1.0,7.0,D486,"49,73310000","0,38744000",,76.076259,76259,Seine-Maritime,28.0,Normandie,80.0,3.0,2.0,2,2.0,28,Normandie,76,2,11,Fécamp,18016,269,18285.0
202300049257,5,12,2023,07:56,3,76.0,76380,1,2,2.0,1.0,D152,"49,80316648","0,96910411",,76.076380,76380,Seine-Maritime,28.0,Normandie,-1.0,3.0,2.0, -1,2.0,28,Normandie,76,1,20,LammervilLe309,8,317,
202300049271,5,12,2023,09:35,1,76.0,76618,1,1,2.0,1.0,RD925,"49,98925600","1,27012300",,76.076618,76618,Seine-Maritime,28.0,Normandie,80.0,3.0,2.0,2,2.0,28,Normandie,76,1,8,Petit-Caux,9625,210,9835.0
202300049389,10,5,2023,07:15,1,76.0,76575,1,2,2.0,6.0,Boulevard Lénine,"49,38161000","1,10983000",,76.076575,76575,Seine-Maritime,28.0,Normandie,90.0,7.0,2.0,2,2.0,28,Normandie,76,3,98,Saint-Étienne-du-Rouvray,28508,225,28733.0
202300049407,9,5,2023,19:00,1,76.0,76351,2,3,1.0,6.0,IRENE JOLIOT CURIE (RUE),"49,52136000","0,10511000",,76.076351,76351,Seine-Maritime,28.0,Normandie,-1.0,4.0,2.0, -1,1.0,28,Normandie,76,2,96,LeHavre,166058,1780,167838.0
202300049509,25,2,2023,11:20,1,76.0,76414,2,2,2.0,2.0,ANCIEN PORT (RUE DE L'),"49,90825000","1,10965000",,76.076414,76414,Seine-Maritime,28.0,Normandie,-1.0,4.0,2.0, -1,2.0,28,Normandie,76,1,8,Martin-Église,1600,55,1655.0
202300049602,25,8,2023,15:45,1,76.0,76599,2,1,1.0,6.0,route de Lyons la Forêt,"49,43189000","1,15846000",,76.076599,76599,Seine-Maritime,28.0,Normandie,50.0,7.0,2.0,2,1.0,28,Normandie,76,3,6,Saint-Léger-du-Bourg-Denis,3641,42,3683.0
202300049606,25,8,2023,15:40,1,76.0,76481,1,1,1.0,1.0,GOLF (CHEMIN DU),"49,56853000","0,13463000",,76.076481,76481,Seine-Maritime,28.0,Normandie,50.0,4.0,2.0,1,1.0,28,Normandie,76,2,26,Octeville-sur-Mer,6122,119,6241.0
202300049608,24,8,2023,14:05,1,76.0,76351,2,1,1.0,7.0,PABLO PICASSO (AVENUE) ,"49,50420000","0,16415000",,76.076351,76351,Seine-Maritime,28.0,Normandie,50.0,4.0,2.0,4,1.0,28,Normandie,76,2,96,LeHavre,166058,1780,167838.0
202300049654,1,4,2023,06:00,3,76.0,76663,2,1,2.0,6.0,8 Cote des Petites Dalles,"49,80562300","0,53160300",,76.076663,76663,Seine-Maritime,28.0,Normandie,50.0,3.0,2.0,2,2.0,28,Normandie,76,2,11,Sassetot-le-Mauconduit,1011,19,1030.0
202300049776,9,5,2023,07:30,1,76.0,76351,2,6,2.0,3.0,PIERRE NAZE (PLACE),"49,49617600","0,10783200",,76.076351,76351,Seine-Maritime,28.0,Normandie,50.0,4.0,1.0,1,2.0,28,Normandie,76,2,96,LeHavre,166058,1780,167838.0
202300049786,6,5,2023,15:35,1,76.0,76351,2,4,2.0,5.0,GENERAL FERRIE (AVENUE),"49,50342000","0,17963000",,76.076351,76351,Seine-Maritime,28.0,Normandie,50.0,4.0,1.0,1,2.0,28,Normandie,76,2,96,LeHavre,166058,1780,167838.0
202300049795,5,5,2023,22:20,4,76.0,76351,1,1,1.0,4.0,VERDUN (RUE DE),"49,50275000","0,18954000",,76.076351,76351,Seine-Maritime,28.0,Normandie,70.0,3.0,3.0,0,1.0,28,Normandie,76,2,96,LeHavre,166058,1780,167838.0
202300049801,10,5,2023,15:15,1,76.0,76349,1,3,1.0,2.0,RD 925,"49,90008000","1,05120000",,76.076349,76349,Seine-Maritime,28.0,Normandie,80.0,3.0,2.0,2,1.0,28,Normandie,76,1,7,Hautot-sur-Mer,1887,46,1933.0
202300049809,9,5,2023,20:15,1,76.0,76217,2,5,1.0,6.0,CITE DE LIMES (RUE),"49,92752000","1,08789000",,76.076217,76217,Seine-Maritime,28.0,Normandie,-1.0,3.0,2.0, -1,1.0,28,Normandie,76,1,95,Dieppe,28358,455,28813.0
202300049814,16,7,2023,12:00,1,76.0,76231,1,1,2.0,1.0,Rue de la Saussaye,"49,27100000","0,99700000",,76.076231,76231,Seine-Maritime,28.0,Normandie,80.0,7.0,2.0,2,2.0,28,Normandie,76,3,9,Elbeuf,15951,138,16089.0
202300049904,31,3,2023,21:00,2,76.0,76540,2,6,1.0,6.0,Boulevard de l'Europe,"49,43097000","1,07900000",,76.076540,76540,Seine-Maritime,28.0,Normandie,50.0,4.0,2.0,4,1.0,28,Normandie,76,3,97,Rouen,114083,1556,115639.0
202300049912,30,3,2023,14:50,1,76.0,76351,2,2,1.0,3.0,JULES VALLES,"49,51384800","0,17601500",,76.076351,76351,Seine-Maritime,28.0,Normandie,50.0,4.0,2.0,4,1.0,28,Normandie,76,2,96,LeHavre,166058,1780,167838.0
202300049943,12,6,2023,11:40,1,76.0,76384,2,1,1.0,6.0,GOUBERMOULINS (RUE),"49,52947000","0,54623000",,76.076384,76384,Seine-Maritime,28.0,Normandie,50.0,4.0,2.0,2,1.0,28,Normandie,76,2,3,Lillebonne,8729,141,8870.0
202300050229,2,12,2023,19:15,4,76.0,76540,1,1,1.0,2.0,N28,"49,43882500","1,11696400",,76.076540,76540,Seine-Maritime,28.0,Normandie,70.0,2.0,3.0,4,1.0,28,Normandie,76,3,97,Rouen,114083,1556,115639.0
202300050293,27,9,2023,22:00,5,76.0,76351,2,1,1.0,1.0,GENERAL FERRIE (AVENUE),"49,50385599","0,17815590",,76.076351,76351,Seine-Maritime,28.0,Normandie,50.0,4.0,2.0,4,1.0,28,Normandie,76,2,96,LeHavre,166058,1780,167838.0
202300050300,28,9,2023,05:20,5,76.0,76351,2,2,1.0,7.0,COCHET,"49,50228000","0,09719000",,76.076351,76351,Seine-Maritime,28.0,Normandie,50.0,4.0,2.0,0,1.0,28,Normandie,76,2,96,LeHavre,166058,1780,167838.0
202300050309,26,9,2023,16:15,1,76.0,76305,1,2,1.0,6.0,BREQUE (ROUTE),"49,48771400","0,19622400",,76.076305,76305,Seine-Maritime,28.0,Normandie,50.0,4.0,2.0,5,1.0,28,Normandie,76,2,16,Gonfreville-l'Orcher,8961,44,9005.0
202300050408,16,2,2023,00:35,3,76.0,76497,1,1,1.0,2.0,N338 - Sud 3,"49,37529400","1,04690500",,76.076497,76497,Seine-Maritime,28.0,Normandie,110.0,2.0,3.0,4,1.0,28,Normandie,76,3,13,Petit-Couronne,8688,175,8863.0
202300050412,9,2,2023,20:20,3,76.0,76498,1,1,1.0,4.0,N338 - Sud 3,"49,43382000","1,06336000",,76.076498,76498,Seine-Maritime,28.0,Normandie,90.0,2.0,3.0,4,1.0,28,Normandie,76,3,27,LePetit-Quevilly,21782,274,22056.0
202300050549,13,6,2023,15:22,1,76.0,76156,1,1,7.0,7.0,Route de Butôt,"49,80792000","0,59696900",,76.076156,76156,Seine-Maritime,28.0,Normandie,80.0,3.0,2.0,2,1.0,28,Normandie,76,1,33,CanouvilLe345,9,354,
202300050726,14,6,2023,10:10,1,76.0,76055,1,2,1.0,1.0,D131,"49,63610146","0,73551178",,76.076055,76055,Seine-Maritime,28.0,Normandie,70.0,3.0,2.0, -1,1.0,28,Normandie,76,3,35,Baons-le-Comte,335,8,343.0
202300050803,6,1,2023,18:08,3,76.0,76115,1,1,2.0,5.0,D6015,"49,59385000","0,58318000",,76.076115,76115,Seine-Maritime,28.0,Normandie,80.0,3.0,2.0,2,2.0,28,Normandie,76,2,25,BollevilLe585,9,594,
202300050907,9,6,2023,22:25,1,76.0,76351,2,6,1.0,6.0,LOUIS BLANC,"49,50778000","0,13364000",,76.076351,76351,Seine-Maritime,28.0,Normandie,50.0,4.0,2.0,2,1.0,28,Normandie,76,2,96,LeHavre,166058,1780,167838.0
202300050929,6,1,2023,07:40,5,76.0,76758,2,1,2.0,1.0,Rue Pierre de Coubertin,"49,61376900","0,76110900",,76.076758,76758,Seine-Maritime,28.0,Normandie,30.0,4.0,2.0,1,2.0,28,Normandie,76,3,35,Yvetot,11385,208,11593.0
202300050960,3,1,2023,19:20,5,76.0,76351,2,3,2.0,6.0,PIERRE MENDES FRANCE,"49,51444000","0,15346000",,76.076351,76351,Seine-Maritime,28.0,Normandie,50.0,4.0,2.0,2,2.0,28,Normandie,76,2,96,LeHavre,166058,1780,167838.0
202300051067,25,8,2023,19:50,1,76.0,76675,1,1,1.0,3.0,A151,"49,60169900","1,04516000",,76.076675,76675,Seine-Maritime,28.0,Normandie,130.0,1.0,1.0,2,1.0,28,Normandie,76,3,2,SiervilLe1108,16,1124,
202300051232,28,10,2023,14:30,1,76.0,76216,2,1,2.0,2.0,A150,"49,45500000","1,05200000",,76.076216,76216,Seine-Maritime,28.0,Normandie,70.0,1.0,3.0,4,2.0,28,Normandie,76,3,22,Déville-lès-Rouen,10745,62,10807.0
202300051328,16,7,2023,03:30,3,76.0,76507,2,1,1.0,6.0,D49,"50,03940500","1,44437000",,76.076507,76507,Seine-Maritime,28.0,Normandie,80.0,3.0,2.0,2,1.0,28,Normandie,76,1,10,Ponts-et-Marais,819,15,834.0
202300051551,2,12,2023,12:20,1,76.0,76517,1,4,1.0,3.0,D47,"49,51670600","1,13934100",,76.076517,76517,Seine-Maritime,28.0,Normandie,70.0,3.0,2.0,2,1.0,28,Normandie,76,3,2,Quincampoix,3110,68,3178.0
202300051840,10,5,2023,15:10,1,76.0,76055,1,1,1.0,4.0,A29,"49,64128600","0,73212500",,76.076055,76055,Seine-Maritime,28.0,Normandie,130.0,1.0,3.0,4,1.0,28,Normandie,76,3,35,Baons-le-Comte,335,8,343.0
202300051843,2,12,2023,17:40,3,76.0,76464,1,1,1.0,6.0,D491,"49,39861600","1,23712100",,76.076464,76464,Seine-Maritime,28.0,Normandie,80.0,7.0,2.0,2,1.0,28,Normandie,76,3,21,La Neuville-Chant-d'Oisel,2377,38,2415.0
202300051929,9,5,2023,13:25,1,76.0,76219,2,1,1.0,1.0,Rue Cacheleu,"49,72070400","0,78163900",,76.076219,76219,Seine-Maritime,28.0,Normandie,-1.0,3.0,4.0,2,2.0,28,Normandie,76,3,35,DoudevilLe2460,51,2511,
202300052011,24,8,2023,11:10,1,76.0,76178,1,2,6.0,1.0,Rue de Tourville,"49,30983000","1,04393000",,76.076178,76178,Seine-Maritime,28.0,Normandie,50.0,7.0,2.0,2,1.0,28,Normandie,76,3,5,Cléon,4907,30,4937.0
202300052020,23,8,2023,13:30,1,76.0,76351,1,3,1.0,3.0,LENINGRAD (BD DE),"49,49977000","0,16621000",,76.076351,76351,Seine-Maritime,28.0,Normandie,30.0,4.0,2.0,4,1.0,28,Normandie,76,2,96,LeHavre,166058,1780,167838.0
202300052220,14,11,2023,18:40,5,76.0,76540,2,6,1.0,6.0,Boulevard Gambetta,"49,44186989","1,11266371",,76.076540,76540,Seine-Maritime,28.0,Normandie,50.0,4.0,2.0,4,1.0,28,Normandie,76,3,97,Rouen,114083,1556,115639.0
202300052224,1,12,2023,11:10,1,76.0,76575,1,1,1.0,2.0,D18 E,"49,36674000","1,09268000",,76.076575,76575,Seine-Maritime,28.0,Normandie,110.0,7.0,3.0,4,1.0,28,Normandie,76,3,98,Saint-Étienne-du-Rouvray,28508,225,28733.0
202300052233,30,11,2023,14:25,1,76.0,76296,1,1,1.0,1.0,LIBERATION (RUE DE LA ),"49,51769568","0,25179505",,76.076296,76296,Seine-Maritime,28.0,Normandie,80.0,3.0,2.0,2,2.0,28,Normandie,76,2,16,GainnevilLe2511,39,2550,
202300052429,4,1,2023,18:45,3,76.0,76057,1,1,3.0,2.0,Boulevard de Normandie,"49,53770522","0,96125364",,76.076057,76057,Seine-Maritime,28.0,Normandie,80.0,3.0,3.0,2,4.0,28,Normandie,76,3,1,Barentin,12154,238,12392.0
202300052488,16,2,2023,13:20,1,76.0,76344,1,3,1.0,3.0,D929,"49,75877800","1,71854500",,76.076344,76344,Seine-Maritime,28.0,Normandie,-1.0,3.0,2.0, -1,1.0,28,Normandie,76,1,12,Haudricourt,440,9,449.0
202300052560,3,1,2023,08:50,1,76.0,76217,2,1,1.0,7.0,CARENAGE (QUAI DU),"49,92715000","1,08296000",,76.076217,76217,Seine-Maritime,28.0,Normandie,30.0,3.0,2.0,2,2.0,28,Normandie,76,1,95,Dieppe,28358,455,28813.0
202300052694,14,2,2023,18:15,3,76.0,76410,1,1,1.0,1.0,Cote de la Valette,"49,48800000","1,03177000",,76.076410,76410,Seine-Maritime,28.0,Normandie,70.0,7.0,2.0,2,1.0,28,Normandie,76,3,4,Maromme,11024,122,11146.0
202300052697,14,2,2023,18:55,3,76.0,76705,1,1,1.0,2.0,D7,"49,33418000","1,10616000",,76.076705,76705,Seine-Maritime,28.0,Normandie,80.0,7.0,2.0,3,1.0,28,Normandie,76,3,5,Tourville-la-Rivière,2568,19,2587.0
202300052739,28,9,2023,16:15,1,76.0,76222,2,1,1.0,6.0,Avenue du Président Coty,"49,47916400","0,87081700",,76.076222,76222,Seine-Maritime,28.0,Normandie,50.0,7.0,2.0,2,1.0,28,Normandie,76,3,1,Duclair,4020,52,4072.0
202300053172,12,6,2023,15:19,1,76.0,76328,1,1,1.0,7.0,Route du Fort,"49,66535700","1,19429600",,76.076328,76328,Seine-Maritime,28.0,Normandie,70.0,3.0,2.0,2,1.0,28,Normandie,76,3,23,GrigneusevilLe376,5,381,
202300053185,18,1,2023,15:00,1,76.0,76743,1,1,4.0,4.0,Route des Campeaux,"49,52586300","0,93722800",,76.076743,76743,Seine-Maritime,28.0,Normandie,50.0,4.0,2.0,2,5.0,28,Normandie,76,3,1,Villers-ÉcalLes1734,12,1746,
202300053190,26,9,2023,07:30,2,76.0,76114,2,1,1.0,6.0,JACQUES FAUQUET (RUE),"49,56979000","0,47059000",,76.076114,76114,Seine-Maritime,28.0,Normandie,50.0,4.0,2.0,2,1.0,28,Normandie,76,2,3,Bolbec,11635,147,11782.0
202300053224,8,5,2023,20:50,1,76.0,76575,1,1,1.0,4.0,Boulevard Lénine,"49,39333000","1,11145000",,76.076575,76575,Seine-Maritime,28.0,Normandie,90.0,7.0,3.0,4,1.0,28,Normandie,76,3,98,Saint-Étienne-du-Rouvray,28508,225,28733.0
202300053227,3,1,2023,07:45,5,76.0,76159,2,3,1.0,1.0,Route de Veulettes,"49,78896000","0,63905000",,76.076159,76159,Seine-Maritime,28.0,Normandie,-1.0,3.0,2.0, -1,1.0,28,Normandie,76,1,33,Cany-BarvilLe2947,46,2993,
202300053233,3,1,2023,19:00,5,76.0,76452,2,1,3.0,6.0,170 Rue André Martin,"49,53609000","1,06161000",,76.076452,76452,Seine-Maritime,28.0,Normandie,50.0,3.0,2.0,2,2.0,28,Normandie,76,3,2,MontvilLe4595,51,4646,
202300053302,25,8,2023,18:26,1,76.0,76241,1,2,1.0,3.0,D37,"49,81058700","0,78846200",,76.076241,76241,Seine-Maritime,28.0,Normandie,-1.0,3.0,2.0, -1,1.0,28,Normandie,76,1,33,ErmenouvilLe139,6,145,
202300053348,30,3,2023,22:05,3,76.0,76415,1,1,2.0,1.0,D915,"49,68304100","1,37809800",,76.076415,76415,Seine-Maritime,28.0,Normandie,80.0,3.0,2.0,2,2.0,28,Normandie,76,1,23,Massy,320,5,325.0
202300053644,1,1,2023,18:30,3,76.0,76231,2,1,2.0,6.0,Chemin du Buquet,"49,29050800","0,98245000",,76.076231,76231,Seine-Maritime,28.0,Normandie,50.0,4.0,2.0,2,2.0,28,Normandie,76,3,9,Elbeuf,15951,138,16089.0
202300053655,1,1,2023,06:30,5,76.0,76366,2,2,1.0,1.0,Rue de la République,"49,50974000","1,03329000",,76.076366,76366,Seine-Maritime,28.0,Normandie,50.0,7.0,2.0,2,1.0,28,Normandie,76,3,24,LeHoulme,4133,32,4165.0
202300053705,26,10,2023,10:40,1,76.0,76351,2,1,1.0,6.0,GENERAL DE GAULLE (PLACE),"49,48988000","0,10754000",,76.076351,76351,Seine-Maritime,28.0,Normandie,50.0,4.0,2.0,6,1.0,28,Normandie,76,2,96,LeHavre,166058,1780,167838.0
202300053751,30,11,2023,17:20,2,76.0,76540,2,1,2.0,6.0,Rue Dufay,"49,42473000","1,07508000",,76.076540,76540,Seine-Maritime,28.0,Normandie,30.0,4.0,2.0,2,2.0,28,Normandie,76,3,97,Rouen,114083,1556,115639.0
202300053760,29,11,2023,18:20,5,76.0,76351,2,2,2.0,6.0,COLBERT (QUAI),"49,49095787","0,12317643",,76.076351,76351,Seine-Maritime,28.0,Normandie,-1.0,4.0,2.0, -1,2.0,28,Normandie,76,2,96,LeHavre,166058,1780,167838.0
202300054008,23,8,2023,14:25,1,76.0,76165,2,6,1.0,4.0,Rue Félix Faure,"49,28921200","1,03562800",,76.076165,76165,Seine-Maritime,28.0,Normandie,50.0,4.0,2.0,2,1.0,28,Normandie,76,3,5,Caudebec-lès-Elbeuf,10135,69,10204.0
202300054018,22,8,2023,11:15,1,76.0,76540,2,9,1.0,2.0,N1338,"49,43724000","1,07208000",,76.076540,76540,Seine-Maritime,28.0,Normandie,50.0,2.0,3.0,2,1.0,28,Normandie,76,3,97,Rouen,114083,1556,115639.0
202300054026,20,8,2023,13:10,1,76.0,76131,1,1,1.0,1.0,Cote de la Maison Brulee,"49,34652429","0,93302250",,76.076131,76131,Seine-Maritime,28.0,Normandie,80.0,7.0,-1.0,2,1.0,28,Normandie,76,3,9,La BouilLe710,10,720,
202300054039,21,8,2023,17:40,1,76.0,76351,2,3,1.0,5.0,LOUIS LUMIERE,"49,52702000","0,12994000",,76.076351,76351,Seine-Maritime,28.0,Normandie,50.0,3.0,2.0,2,1.0,28,Normandie,76,2,96,LeHavre,166058,1780,167838.0
202300054042,21,8,2023,03:15,5,76.0,76351,2,1,1.0,7.0,PASTEUR,"49,50384000","0,13057300",,76.076351,76351,Seine-Maritime,28.0,Normandie,50.0,4.0,2.0,2,1.0,28,Normandie,76,2,96,LeHavre,166058,1780,167838.0
202300054053,18,8,2023,14:35,1,76.0,76351,2,3,1.0,3.0,JEAN JAURES (AVENUE),"49,49769000","0,13690000",,76.076351,76351,Seine-Maritime,28.0,Normandie,50.0,4.0,2.0,5,1.0,28,Normandie,76,2,96,LeHavre,166058,1780,167838.0
202300054068,23,8,2023,05:40,5,76.0,76114,2,2,1.0,3.0,SAINT EUSTACHE (RUE DE),"49,56096200","0,47322300",,76.076114,76114,Seine-Maritime,28.0,Normandie,50.0,3.0,2.0,2,1.0,28,Normandie,76,2,3,Bolbec,11635,147,11782.0
202300054292,7,5,2023,22:30,5,76.0,76322,2,3,1.0,1.0,Rue de la République,"49,41380440","1,03430271",,76.076322,76322,Seine-Maritime,28.0,Normandie,50.0,4.0,2.0,2,1.0,28,Normandie,76,3,13,LeGrand-Quevilly,25975,225,26200.0
202300054299,7,5,2023,11:05,1,76.0,76681,1,1,3.0,7.0,Boulevard Industriel,"49,41007038","1,10852480",,76.076681,76681,Seine-Maritime,28.0,Normandie,90.0,7.0,3.0,4,3.0,28,Normandie,76,3,99,Sotteville-lès-Rouen,28965,475,29440.0
202300054351,28,3,2023,13:53,1,76.0,76377,2,3,1.0,6.0,23 Route de Dieppe,"49,49987600","1,15392700",,76.076377,76377,Seine-Maritime,28.0,Normandie,50.0,7.0,2.0,2,1.0,28,Normandie,76,3,2,IsneauvilLe3657,64,3721,
202300054646,28,10,2023,14:45,1,76.0,76676,1,1,2.0,3.0,Rue de Guilmesnil,"49,56446400","1,48197400",,76.076676,76676,Seine-Maritime,28.0,Normandie,80.0,3.0,2.0,2,2.0,28,Normandie,76,1,12,Sigy-en-Bray,488,8,496.0
202300054763,13,7,2023,08:15,1,76.0,76540,2,1,1.0,6.0,Avenue du Mont Riboudet,"49,44768000","1,06798000",,76.076540,76540,Seine-Maritime,28.0,Normandie,50.0,7.0,1.0,3,1.0,28,Normandie,76,3,97,Rouen,114083,1556,115639.0
202300054767,13,7,2023,12:40,1,76.0,76305,1,1,1.0,7.0,INDUSTRIELLE (ROUTE),"49,48663000","0,21788000",,76.076305,76305,Seine-Maritime,28.0,Normandie,70.0,9.0,3.0,4,1.0,28,Normandie,76,2,16,Gonfreville-l'Orcher,8961,44,9005.0
202200000065,22,10,2022,05:40,3,76.0,76621,1,1,1.0,6.0,autoroute A28,"49,6431298707","1,2667151729",,76.076621,76621,Seine-Maritime,28.0,Normandie,130.0,1.0,3.0,2,1.0,28,Normandie,76,1,23,Saint-Martin-OsmonvilLe1179,22,1201,
202200000070,21,10,2022,14:47,1,76.0,76417,1,1,1.0,1.0,"A28, PK 66.800","49,6888370000","1,3520320000",,76.076417,76417,Seine-Maritime,28.0,Normandie,90.0,1.0,3.0,4,1.0,28,Normandie,76,1,23,MaucombLe398,11,409,
202200000235,10,8,2022,02:40,3,76.0,76401,1,1,1.0,6.0,D913,"49,4181300000","0,7955500000",,76.076401,76401,Seine-Maritime,28.0,Normandie,80.0,3.0,2.0,2,1.0,28,Normandie,76,3,25,Arelaune-en-Seine,2518,43,2561.0
202200000297,8,8,2022,08:45,1,76.0,76540,2,2,1.0,6.0,Rue de Bapeaume,"49,4526500000","1,0565800000",,76.076540,76540,Seine-Maritime,28.0,Normandie,50.0,7.0,2.0,2,1.0,28,Normandie,76,3,97,Rouen,114083,1556,115639.0
202200000299,7,8,2022,21:15,5,76.0,76484,2,1,1.0,3.0,Avenue du Général de Gaulle,"49,3432530276","1,0908114910",,76.076484,76484,Seine-Maritime,28.0,Normandie,50.0,7.0,2.0,2,1.0,28,Normandie,76,3,31,Oissel,12367,83,12450.0
202200000301,6,8,2022,06:35,2,76.0,76351,2,1,1.0,6.0,Rue de Mulhouse,"49,4874500000","0,1421000000",,76.076351,76351,Seine-Maritime,28.0,Normandie,50.0,4.0,2.0,1,1.0,28,Normandie,76,2,96,LeHavre,166058,1780,167838.0