Num_Acc,jour,mois,an,hrmn,lum,dep,com,agg,int,atm,col,adr,lat,long,gps,com_insee_temp,com_insee,departmentName,regionCode,regionName,vma,catr,circ,nbv,surf,Code,Region,Departement,Arrondissement,Code_Canton,Nom_Commune,Population_municipaLe,Population_comptee_a_part,Population_Totale
202200000577,26,3,2022,16:37,1,76.0,76261,1,2,1.0,3.0,Route des Brouillards,"49,5642370000","1,5474110000",,76.076261,76261,Seine-Maritime,28.0,Normandie,80.0,3.0,2.0,2,1.0,28,Normandie,76,1,12,La Ferté-Saint-Samson,444,11,455.0
202200000811,17,10,2022,19:15,3,76.0,76481,1,6,1.0,6.0,MONTIVILLIERS (ROUTE DE),"49,5619500000","0,1164100000",,76.076481,76481,Seine-Maritime,28.0,Normandie,50.0,3.0,2.0,2,2.0,28,Normandie,76,2,26,Octeville-sur-Mer,6122,119,6241.0
202200000962,10,10,2022,09:10,1,76.0,76540,2,3,1.0,3.0,Boulevard de l'Yser,"49,4476400000","1,0975800000",,76.076540,76540,Seine-Maritime,28.0,Normandie,50.0,7.0,2.0,3,1.0,28,Normandie,76,3,97,Rouen,114083,1556,115639.0
202200000963,9,10,2022,15:15,1,76.0,76351,2,2,1.0,3.0,APLEMONT (D'),"49,5054100000","0,1693300000",,76.076351,76351,Seine-Maritime,28.0,Normandie,50.0,4.0,2.0,5,1.0,28,Normandie,76,2,96,LeHavre,166058,1780,167838.0
202200000964,6,10,2022,18:25,1,76.0,76351,1,1,1.0,4.0,RD 6015,"49,5004800000","0,1803600000",,76.076351,76351,Seine-Maritime,28.0,Normandie,70.0,3.0,3.0,3,1.0,28,Normandie,76,2,96,LeHavre,166058,1780,167838.0
202200000965,10,10,2022,10:45,1,76.0,76217,2,9,1.0,6.0,BOURSE (ARCADES DE LA),"49,9268100000","1,0796400000",,76.076217,76217,Seine-Maritime,28.0,Normandie,30.0,4.0,1.0,2,1.0,28,Normandie,76,1,95,Dieppe,28358,455,28813.0
202200000982,19,9,2022,18:50,2,76.0,76206,1,1,1.0,1.0,départementale 74,"49,6644520314","0,2474284172",,76.076206,76206,Seine-Maritime,28.0,Normandie,-1.0,3.0,2.0,2,1.0,28,Normandie,76,2,26,CuvervilLe342,8,350,
202200000983,18,9,2022,10:40,1,76.0,76141,1,1,1.0,7.0,D72,"49,6218600000","0,4252480000",,76.076141,76141,Seine-Maritime,28.0,Normandie,80.0,3.0,2.0,2,1.0,28,Normandie,76,2,32,Bréauté,1365,13,1378.0
202200001065,17,9,2022,11:45,1,76.0,76681,1,3,1.0,5.0,Boulevard Industriel,"49,4156000000","1,1072000000",,76.076681,76681,Seine-Maritime,28.0,Normandie,70.0,7.0,3.0,4,1.0,28,Normandie,76,3,99,Sotteville-lès-Rouen,28965,475,29440.0
202200001133,4,7,2022,08:15,1,76.0,76451,2,1,1.0,4.0,Boulevard Maurice de Broglie,"49,4616700000","1,0755400000",,76.076451,76451,Seine-Maritime,28.0,Normandie,30.0,4.0,2.0,2,1.0,28,Normandie,76,3,22,Mont-Saint-Aignan,20066,415,20481.0
202200001313,9,8,2022,20:00,2,76.0,76224,1,2,1.0,3.0,D925,"49,6344400000","0,3378700000",,76.076224,76224,Seine-Maritime,28.0,Normandie,80.0,3.0,2.0,1,1.0,28,Normandie,76,2,32,ÉcrainvilLe969,19,988,
202200001380,7,8,2022,10:15,1,76.0,76540,1,1,1.0,2.0,N28,"49,4385000000","1,1211300000",,76.076540,76540,Seine-Maritime,28.0,Normandie,70.0,2.0,3.0,6,1.0,28,Normandie,76,3,97,Rouen,114083,1556,115639.0
202200001510,30,4,2022,08:18,1,76.0,76540,2,3,6.0,6.0,Rue Martainville,"49,4392200000","1,1013000000",,76.076540,76540,Seine-Maritime,28.0,Normandie,30.0,4.0,1.0,1,1.0,28,Normandie,76,3,97,Rouen,114083,1556,115639.0
202200001511,29,4,2022,18:10,1,76.0,76540,2,1,1.0,3.0,Boulevard de l'Europe,"49,4285400000","1,0944100000",,76.076540,76540,Seine-Maritime,28.0,Normandie,50.0,4.0,2.0,5,1.0,28,Normandie,76,3,97,Rouen,114083,1556,115639.0
202200001512,22,4,2022,13:50,1,76.0,76391,1,1,1.0,6.0,Route de la Londe,"49,3105167585","0,9794837236",,76.076391,76391,Seine-Maritime,28.0,Normandie,80.0,7.0,2.0,2,1.0,28,Normandie,76,3,9,La Londe,2362,71,2433.0
202200001513,18,4,2022,00:15,3,76.0,76497,1,1,1.0,6.0,N138 - Sud 3,"49,3750900000","1,0458000000",,76.076497,76497,Seine-Maritime,28.0,Normandie,110.0,2.0,1.0,3,1.0,28,Normandie,76,3,13,Petit-Couronne,8688,175,8863.0
202200001514,2,5,2022,16:50,1,76.0,76351,2,2,1.0,3.0,COMMANDANT ABADIE,"49,5012800000","0,1699300000",,76.076351,76351,Seine-Maritime,28.0,Normandie,50.0,4.0,2.0,2,1.0,28,Normandie,76,2,96,LeHavre,166058,1780,167838.0
202200001515,30,4,2022,04:50,5,76.0,76351,2,1,1.0,3.0,Chaussée Lamandé,"49,4873000000","0,1161400000",,76.076351,76351,Seine-Maritime,28.0,Normandie,30.0,4.0,2.0,4,1.0,28,Normandie,76,2,96,LeHavre,166058,1780,167838.0
202200001633,3,5,2022,13:30,1,76.0,76288,1,1,1.0,7.0,D98,"49,8234010000","1,2259200000",,76.076288,76288,Seine-Maritime,28.0,Normandie,80.0,3.0,2.0,2,1.0,28,Normandie,76,1,8,FreullevilLe370,6,376,
202200001646,5,5,2022,11:25,1,76.0,76018,1,2,1.0,3.0,Route Departementale 101,"49,7203180000","1,0000990000",,76.076018,76018,Seine-Maritime,28.0,Normandie,80.0,3.0,2.0,1,1.0,28,Normandie,76,1,20,Val-de-Saâne,1476,33,1509.0
202200001829,23,3,2022,07:30,1,76.0,76351,2,1,1.0,6.0,JOSEPH MADEC,"49,5066497867","0,1411753893",,76.076351,76351,Seine-Maritime,28.0,Normandie,50.0,4.0,2.0,2,1.0,28,Normandie,76,2,96,LeHavre,166058,1780,167838.0
202200001832,22,3,2022,13:44,1,76.0,76351,2,1,1.0,6.0,SAINTE ADRESSE (DE),"49,5006200000","0,0915000000",,76.076351,76351,Seine-Maritime,28.0,Normandie,50.0,4.0,2.0,3,1.0,28,Normandie,76,2,96,LeHavre,166058,1780,167838.0
202200001847,27,11,2022,04:40,5,76.0,76069,2,1,2.0,6.0,Route de Paris,"49,3697640000","1,1277720000",,76.076069,76069,Seine-Maritime,28.0,Normandie,50.0,7.0,2.0,2,2.0,28,Normandie,76,3,6,Belbeuf,2249,48,2297.0
202200002055,24,11,2022,07:50,1,76.0,76322,2,6,1.0,1.0,Avenue Gal Leclerc,"49,4209507954","1,0513132811",,76.076322,76322,Seine-Maritime,28.0,Normandie,50.0,7.0,1.0,2,1.0,28,Normandie,76,3,13,LeGrand-Quevilly,25975,225,26200.0
202200002141,19,10,2022,14:54,1,76.0,76258,1,3,1.0,2.0,D926,"49,6467570000","0,6121870000",,76.076258,76258,Seine-Maritime,28.0,Normandie,80.0,3.0,2.0,2,1.0,28,Normandie,76,2,33,Terres-de-Caux,4208,112,4320.0
202200002306,19,10,2022,22:00,3,76.0,76001,1,1,1.0,6.0,D6015,"49,6131570000","0,6624410000",,76.076001,76001,Seine-Maritime,28.0,Normandie,80.0,3.0,2.0,2,1.0,28,Normandie,76,3,35,Allouville-Bellefosse,1150,19,1169.0
202200002311,20,10,2022,09:20,1,76.0,76647,1,1,1.0,2.0,D81,"49,5248460000","0,3728490000",,76.076647,76647,Seine-Maritime,28.0,Normandie,80.0,3.0,2.0,2,2.0,28,Normandie,76,2,32,Saint-Romain-de-Colbosc,4436,43,4479.0
202200002624,16,9,2022,17:30,1,76.0,76231,2,4,1.0,6.0,Rue du Neubourg,"49,2818835369","1,0077095030",,76.076231,76231,Seine-Maritime,28.0,Normandie,30.0,7.0,2.0,2,1.0,28,Normandie,76,3,9,Elbeuf,15951,138,16089.0
202200002625,16,9,2022,16:10,1,76.0,76322,2,1,1.0,2.0,Boulevard de Verdun,"49,4153880000","1,0524160000",,76.076322,76322,Seine-Maritime,28.0,Normandie,50.0,7.0,2.0,2,1.0,28,Normandie,76,3,13,LeGrand-Quevilly,25975,225,26200.0
202200002626,16,9,2022,11:35,1,76.0,76351,2,2,1.0,4.0,LOUIS LUMIERE,"49,5217200000","0,1174200000",,76.076351,76351,Seine-Maritime,28.0,Normandie,50.0,3.0,2.0,2,1.0,28,Normandie,76,2,96,LeHavre,166058,1780,167838.0
202200002740,6,7,2022,07:10,1,76.0,76484,1,1,1.0,2.0,A13,"49,3443760000","1,0492590000",,76.076484,76484,Seine-Maritime,28.0,Normandie,110.0,1.0,1.0,5,1.0,28,Normandie,76,3,31,Oissel,12367,83,12450.0
202200002820,4,7,2022,15:40,1,76.0,76540,2,2,1.0,6.0,Boulevard de l'Yser,"49,4466100000","1,1056900000",,76.076540,76540,Seine-Maritime,28.0,Normandie,50.0,7.0,2.0,3,1.0,28,Normandie,76,3,97,Rouen,114083,1556,115639.0
202200002821,4,7,2022,14:55,1,76.0,76108,2,1,1.0,2.0,Route de Neufchâtel,"49,4540300000","1,1049800000",,76.076108,76108,Seine-Maritime,28.0,Normandie,50.0,7.0,2.0,2,1.0,28,Normandie,76,3,2,Bois-Guillaume,14262,361,14623.0
202200002822,3,7,2022,19:18,1,76.0,76351,2,2,1.0,3.0,FLANDRES DUNKERQUE,"49,5133390000","0,1694200000",,76.076351,76351,Seine-Maritime,28.0,Normandie,50.0,4.0,2.0,1,1.0,28,Normandie,76,2,96,LeHavre,166058,1780,167838.0
202200002935,8,8,2022,18:30,1,76.0,76057,2,1,1.0,6.0,Rue Pierre et Marie Curie,"49,5363710000","0,9605100000",,76.076057,76057,Seine-Maritime,28.0,Normandie,50.0,3.0,2.0,2,1.0,28,Normandie,76,3,1,Barentin,12154,238,12392.0
202200003098,24,11,2022,18:10,3,76.0,76196,1,3,3.0,2.0,Route de Gonneville la Mallet,"49,6428070000","0,2556150000",,76.076196,76196,Seine-Maritime,28.0,Normandie,80.0,3.0,2.0,2,2.0,28,Normandie,76,2,26,Criquetot-l'Esneval,2567,82,2649.0
202200003146,27,4,2022,13:25,1,76.0,76681,2,1,1.0,3.0,Rue Francois Raspail,"49,4160100000","1,0957300000",,76.076681,76681,Seine-Maritime,28.0,Normandie,50.0,4.0,2.0,2,1.0,28,Normandie,76,3,99,Sotteville-lès-Rouen,28965,475,29440.0
202200003150,25,4,2022,17:10,1,76.0,76486,1,1,1.0,4.0,D938,"49,3345900000","1,0118500000",,76.076486,76486,Seine-Maritime,28.0,Normandie,70.0,7.0,2.0,2,1.0,28,Normandie,76,3,9,Orival,860,5,865.0
202200003155,16,4,2022,16:30,1,76.0,76498,1,1,1.0,2.0,N338 - Sud 3,"49,4346200000","1,0692900000",,76.076498,76498,Seine-Maritime,28.0,Normandie,90.0,2.0,3.0,4,1.0,28,Normandie,76,3,27,LePetit-Quevilly,21782,274,22056.0
202200003398,5,6,2022,18:35,1,76.0,76681,2,2,2.0,7.0,Boulevard Industriel,"49,4158100000","1,1074100000",,76.076681,76681,Seine-Maritime,28.0,Normandie,70.0,7.0,3.0,4,2.0,28,Normandie,76,3,99,Sotteville-lès-Rouen,28965,475,29440.0
202200003399,21,3,2022,11:10,1,76.0,76351,2,1,1.0,6.0,HUIT MAI 1945 (AVENUE DU),"49,5159800000","0,1701000000",,76.076351,76351,Seine-Maritime,28.0,Normandie,50.0,4.0,2.0,2,1.0,28,Normandie,76,2,96,LeHavre,166058,1780,167838.0
202200003404,5,6,2022,09:05,1,76.0,76216,2,3,8.0,3.0,Route de Dieppe,"49,4588900000","1,0554600000",,76.076216,76216,Seine-Maritime,28.0,Normandie,50.0,7.0,2.0,2,1.0,28,Normandie,76,3,22,Déville-lès-Rouen,10745,62,10807.0
202200003405,3,5,2022,17:15,1,76.0,76624,2,1,1.0,7.0,429 Rue de Croixmare,"49,8793780000","1,2278720000",,76.076624,76624,Seine-Maritime,28.0,Normandie,50.0,4.0,2.0,2,9.0,28,Normandie,76,1,8,Saint-Nicolas-d'Aliermont,3764,59,3823.0
202200003408,3,6,2022,19:50,1,76.0,76474,2,1,1.0,1.0,Route de Dieppe,"49,4933000000","1,0487500000",,76.076474,76474,Seine-Maritime,28.0,Normandie,50.0,7.0,2.0,2,1.0,28,Normandie,76,3,24,Notre-Dame-de-BondevilLe6957,82,7039,
202200003413,3,6,2022,18:15,1,76.0,76231,2,1,2.0,3.0,Rue du Général de Gaulle,"49,2857537370","1,0111096501",,76.076231,76231,Seine-Maritime,28.0,Normandie,50.0,4.0,1.0,1,2.0,28,Normandie,76,3,9,Elbeuf,15951,138,16089.0
202200003417,3,6,2022,12:00,1,76.0,76351,2,2,1.0,6.0,PARIS (DE),"49,4899100000","0,1075700000",,76.076351,76351,Seine-Maritime,28.0,Normandie,50.0,4.0,2.0,2,1.0,28,Normandie,76,2,96,LeHavre,166058,1780,167838.0
202200003421,3,6,2022,10:40,1,76.0,76351,2,2,1.0,6.0,JEAN WEBER (Rue),"49,5127000000","0,1041800000",,76.076351,76351,Seine-Maritime,28.0,Normandie,50.0,4.0,2.0,2,1.0,28,Normandie,76,2,96,LeHavre,166058,1780,167838.0
202200003470,19,3,2022,14:45,1,76.0,76305,1,1,1.0,5.0,N 282,"49,4990000000","0,2029100000",,76.076305,76305,Seine-Maritime,28.0,Normandie,80.0,2.0,2.0,2,1.0,28,Normandie,76,2,16,Gonfreville-l'Orcher,8961,44,9005.0
202200003767,23,11,2022,20:45,5,76.0,76217,2,3,2.0,1.0,BONNE NOUVELLE (ROUTE),"49,9218268023","1,0931643248",,76.076217,76217,Seine-Maritime,28.0,Normandie,50.0,3.0,2.0,2,2.0,28,Normandie,76,1,95,Dieppe,28358,455,28813.0
202200003897,31,12,2022,02:10,3,76.0,76341,2,1,2.0,2.0,ROBERT ANCEL,"49,5178400000","0,2032300000",,76.076341,76341,Seine-Maritime,28.0,Normandie,50.0,3.0,2.0,1,2.0,28,Normandie,76,2,15,Harfleur,8315,53,8368.0
202200003900,30,12,2022,15:00,1,76.0,76351,2,1,2.0,3.0,CAPUCHET (DU),"49,5233000000","0,1005000000",,76.076351,76351,Seine-Maritime,28.0,Normandie,30.0,4.0,2.0,1,2.0,28,Normandie,76,2,96,LeHavre,166058,1780,167838.0
202200004055,31,12,2022,18:00,5,76.0,76165,2,6,1.0,7.0,Zone industrielle de l'Oison,"49,2898600000","1,0364100000",,76.076165,76165,Seine-Maritime,28.0,Normandie,50.0,4.0,2.0,1,1.0,28,Normandie,76,3,5,Caudebec-lès-Elbeuf,10135,69,10204.0
202200004260,15,9,2022,18:20,1,76.0,76486,1,1,1.0,1.0,D132,"49,3193550000","0,9887980000",,76.076486,76486,Seine-Maritime,28.0,Normandie,80.0,7.0,2.0,2,1.0,28,Normandie,76,3,9,Orival,860,5,865.0
202200004262,14,9,2022,16:20,1,76.0,76351,2,3,1.0,3.0,DIEPPEDALLE (PASSAGE),"49,5000200000","0,1289000000",,76.076351,76351,Seine-Maritime,28.0,Normandie,50.0,4.0,1.0,1,1.0,28,Normandie,76,2,96,LeHavre,166058,1780,167838.0
202200004264,14,9,2022,09:55,1,76.0,76351,2,2,1.0,3.0,JOHANN STRAUSS,"49,5059600000","0,1103100000",,76.076351,76351,Seine-Maritime,28.0,Normandie,50.0,4.0,2.0,1,1.0,28,Normandie,76,2,96,LeHavre,166058,1780,167838.0
202200004266,9,9,2022,23:50,5,76.0,76351,2,2,1.0,3.0,JEAN MACE,"49,4891800000","0,1086700000",,76.076351,76351,Seine-Maritime,28.0,Normandie,50.0,4.0,2.0,2,2.0,28,Normandie,76,2,96,LeHavre,166058,1780,167838.0
202200004267,15,9,2022,17:15,1,76.0,76329,2,9,1.0,3.0,ABBAYE (RUE DE L'),"49,5487100000","0,4931900000",,76.076329,76329,Seine-Maritime,28.0,Normandie,50.0,3.0,2.0,3,1.0,28,Normandie,76,2,3,Gruchet-le-Valasse,3074,39,3113.0
202200004287,16,10,2022,11:40,1,76.0,76341,2,1,1.0,7.0,FRIEDRICH ENGELS,"49,5125600000","0,1919200000",,76.076341,76341,Seine-Maritime,28.0,Normandie,50.0,4.0,2.0,2,1.0,28,Normandie,76,2,15,Harfleur,8315,53,8368.0
202200004289,9,10,2022,04:58,5,76.0,76351,2,1,1.0,2.0,MONT GAILLARD (AVENUE DU),"49,5232600000","0,1111100000",,76.076351,76351,Seine-Maritime,28.0,Normandie,50.0,4.0,2.0,2,1.0,28,Normandie,76,2,96,LeHavre,166058,1780,167838.0
202200004383,16,10,2022,22:30,3,76.0,76319,1,4,1.0,7.0,N138 - Sud 3,"49,3445500000","1,0112200000",,76.076319,76319,Seine-Maritime,28.0,Normandie,110.0,2.0,1.0,3,1.0,28,Normandie,76,3,9,Grand-Couronne,9726,177,9903.0
202200004385,14,10,2022,20:20,5,76.0,76384,2,9,2.0,1.0,MARRECHAL LECLERC (AVENUE DU),"49,5162100000","0,5309200000",,76.076384,76384,Seine-Maritime,28.0,Normandie,50.0,3.0,2.0,2,2.0,28,Normandie,76,2,3,Lillebonne,8729,141,8870.0
202200004450,5,7,2022,17:20,1,76.0,76591,2,1,1.0,4.0,1085 Route de Gournay,"49,4417260000","1,1840650000",,76.076591,76591,Seine-Maritime,28.0,Normandie,50.0,2.0,2.0,2,1.0,28,Normandie,76,3,6,Saint-Jacques-sur-Darnétal,3152,49,3201.0
202200004648,5,8,2022,17:22,1,76.0,76561,2,1,1.0,3.0,Rue Aristide Briand,"49,3070500000","1,0023210000",,76.076561,76561,Seine-Maritime,28.0,Normandie,50.0,4.0,2.0,2,1.0,28,Normandie,76,3,5,Saint-Aubin-lès-Elbeuf,8428,75,8503.0
202200004728,5,8,2022,13:00,1,76.0,76244,1,2,1.0,3.0,A28 / D915,"49,6992510000","1,3619080000",,76.076244,76244,Seine-Maritime,28.0,Normandie,70.0,1.0,1.0,1,1.0,28,Normandie,76,1,23,EsclavelLes386,6,392,
202200004734,5,7,2022,11:30,1,76.0,76689,1,3,1.0,3.0,CD 17,"49,7284530000","0,5124200000",,76.076689,76689,Seine-Maritime,28.0,Normandie,80.0,3.0,2.0,2,1.0,28,Normandie,76,2,11,ThiétrevilLe373,33,406,
202200005230,20,3,2022,19:10,1,76.0,76351,2,3,1.0,3.0,ARISTIDE BRIAND,"49,5002900000","0,1359000000",,76.076351,76351,Seine-Maritime,28.0,Normandie,50.0,4.0,2.0,2,1.0,28,Normandie,76,2,96,LeHavre,166058,1780,167838.0
202200005234,20,3,2022,18:35,1,76.0,76351,2,1,1.0,6.0,JULES DELAMARE,"49,4933500000","0,1594400000",,76.076351,76351,Seine-Maritime,28.0,Normandie,50.0,4.0,2.0,2,1.0,28,Normandie,76,2,96,LeHavre,166058,1780,167838.0
202200005239,18,3,2022,09:10,1,76.0,76351,2,6,1.0,3.0,SUEDE (QUAI DE),"49,4917700000","0,1325600000",,76.076351,76351,Seine-Maritime,28.0,Normandie,50.0,4.0,2.0,2,2.0,28,Normandie,76,2,96,LeHavre,166058,1780,167838.0
202200005272,31,12,2022,01:20,5,76.0,76484,1,6,2.0,6.0,D18E,"49,3458600000","1,0768600000",,76.076484,76484,Seine-Maritime,28.0,Normandie,70.0,7.0,4.0,2,2.0,28,Normandie,76,3,31,Oissel,12367,83,12450.0
202200005277,30,12,2022,14:15,1,76.0,76486,1,1,1.0,1.0,Rue de la Gare,"49,3189040000","0,9912060000",,76.076486,76486,Seine-Maritime,28.0,Normandie,70.0,7.0,2.0,2,2.0,28,Normandie,76,3,9,Orival,860,5,865.0
202200005929,1,5,2022,18:39,1,76.0,76203,1,1,1.0,7.0,route de duclair - RD 5,"49,5901830000","0,7991270000",,76.076203,76203,Seine-Maritime,28.0,Normandie,80.0,3.0,-1.0,2,1.0,28,Normandie,76,3,24,Croix-Mare,719,8,727.0
202200005997,15,9,2022,13:30,1,76.0,76489,2,1,1.0,7.0,Route des Falaises,"49,4948350000","0,2845180000",,76.076489,76489,Seine-Maritime,28.0,Normandie,50.0,3.0,2.0,2,1.0,28,Normandie,76,2,32,OudalLe479,12,491,
202200006064,17,10,2022,21:45,3,76.0,76459,1,1,1.0,6.0,pk 1+900 D135,"49,6982480000","1,5171330000",,76.076459,76459,Seine-Maritime,28.0,Normandie,80.0,3.0,2.0,2,1.0,28,Normandie,76,1,23,Nesle-Hodeng,339,5,344.0
202200006072,13,9,2022,13:50,1,76.0,76351,2,1,1.0,6.0,FRISSARD (QUAI),"49,4892500000","0,1231000000",,76.076351,76351,Seine-Maritime,28.0,Normandie,30.0,4.0,2.0,4,1.0,28,Normandie,76,2,96,LeHavre,166058,1780,167838.0
202200006074,6,9,2022,13:30,1,76.0,76447,2,1,1.0,6.0,PIERRE ROUSSEAU,"49,5435400000","0,1892400000",,76.076447,76447,Seine-Maritime,28.0,Normandie,30.0,4.0,1.0,1,1.0,28,Normandie,76,2,15,Montivilliers,15457,203,15660.0
202200006223,15,9,2022,04:05,3,76.0,76574,1,1,5.0,6.0,Route départementale 22,"49,7105640000","1,0963150000",,76.076574,76574,Seine-Maritime,28.0,Normandie,80.0,3.0,2.0,2,2.0,28,Normandie,76,1,20,Saint-Denis-sur-Scie,682,8,690.0
202200006352,2,7,2022,17:30,1,76.0,76540,2,1,1.0,6.0,Rue Louette,"49,4511800000","1,0874100000",,76.076540,76540,Seine-Maritime,28.0,Normandie,50.0,4.0,1.0,1,1.0,28,Normandie,76,3,97,Rouen,114083,1556,115639.0
202200006353,1,7,2022,01:10,5,76.0,76351,2,2,1.0,2.0,PAUL VERLAINE (AVENUE),"49,5091300000","0,1591300000",,76.076351,76351,Seine-Maritime,28.0,Normandie,50.0,4.0,3.0,4,1.0,28,Normandie,76,2,96,LeHavre,166058,1780,167838.0
202200006437,3,7,2022,07:00,1,76.0,76025,1,1,1.0,6.0,Route des Vallons,"49,5458460000","1,5123260000",,76.076025,76025,Seine-Maritime,28.0,Normandie,80.0,3.0,2.0,2,1.0,28,Normandie,76,1,12,Argueil,348,5,353.0
202200006443,1,7,2022,14:45,1,76.0,76711,2,1,1.0,6.0,2 Avenue Jean Moulin,"50,0554750000","1,3659150000",,76.076711,76711,Seine-Maritime,28.0,Normandie,30.0,4.0,1.0,1,1.0,28,Normandie,76,1,10,LeTréport,4424,91,4515.0
202200006594,12,2,2022,05:15,3,76.0,76220,1,1,1.0,1.0,Route de Londinieres,"49,8845150000","1,2886400000",,76.076220,76220,Seine-Maritime,28.0,Normandie,80.0,3.0,2.0,2,1.0,28,Normandie,76,1,8,Douvrend,523,12,535.0
202200006714,10,2,2022,18:20,5,76.0,76681,2,2,2.0,6.0,Rue Marcel Lechevallier,"49,4094900000","1,0837900000",,76.076681,76681,Seine-Maritime,28.0,Normandie,50.0,7.0,2.0,2,2.0,28,Normandie,76,3,99,Sotteville-lès-Rouen,28965,475,29440.0
202200006716,8,2,2022,19:50,5,76.0,76351,2,2,1.0,3.0,MARECHAL JOFFRE (RUE),"49,4985400000","0,1179600000",,76.076351,76351,Seine-Maritime,28.0,Normandie,50.0,4.0,2.0,2,1.0,28,Normandie,76,2,96,LeHavre,166058,1780,167838.0
202200006717,10,2,2022,18:30,3,76.0,76565,1,1,2.0,7.0,D915,"49,8740000000","1,0990000000",,76.076565,76565,Seine-Maritime,28.0,Normandie,50.0,3.0,2.0,2,2.0,28,Normandie,76,1,7,Saint-Aubin-sur-Scie,1202,101,1303.0
202200006771,21,9,2022,10:45,1,76.0,76255,2,2,1.0,6.0,Chaussée de Picardie,"50,0541550000","1,4226010000",,76.076255,76255,Seine-Maritime,28.0,Normandie,50.0,3.0,3.0,2,1.0,28,Normandie,76,1,10,Eu,6591,197,6788.0
202200006804,19,9,2022,16:50,1,76.0,76363,1,1,1.0,1.0,D49,"49,8707840000","1,7118500000",,76.076363,76363,Seine-Maritime,28.0,Normandie,80.0,3.0,2.0,2,1.0,28,Normandie,76,1,10,Hodeng-au-Bosc,572,9,581.0
202200006809,19,11,2022,21:20,5,76.0,76351,2,2,1.0,7.0,ALBERT ANDRE HUET,"49,4948800000","0,1112200000",,76.076351,76351,Seine-Maritime,28.0,Normandie,50.0,4.0,2.0,2,1.0,28,Normandie,76,2,96,LeHavre,166058,1780,167838.0
202200006814,19,9,2022,08:30,1,76.0,76057,1,6,1.0,3.0,départementale 67,"49,5239970000","0,9620550000",,76.076057,76057,Seine-Maritime,28.0,Normandie,80.0,3.0,1.0,2,1.0,28,Normandie,76,3,1,Barentin,12154,238,12392.0
202200006829,17,9,2022,11:30,1,76.0,76351,2,2,1.0,3.0,PAUL BERT (AVENUE).,"49,5054900000","0,1711400000",,76.076351,76351,Seine-Maritime,28.0,Normandie,50.0,4.0,2.0,2,1.0,28,Normandie,76,2,96,LeHavre,166058,1780,167838.0
202200006848,5,8,2022,15:00,1,76.0,76714,1,1,1.0,6.0,11 La Mare Heberge,"49,5414780000","0,4093100000",,76.076714,76714,Seine-Maritime,28.0,Normandie,80.0,3.0,2.0,2,1.0,28,Normandie,76,2,32,LesTrois-Pierres,797,15,812.0
202200006922,2,8,2022,17:15,1,76.0,76351,2,1,1.0,2.0,SALVADOR ALLENDE (RUE),"49,5043800000","0,1472200000",,76.076351,76351,Seine-Maritime,28.0,Normandie,50.0,4.0,2.0,2,1.0,28,Normandie,76,2,96,LeHavre,166058,1780,167838.0
202200006925,2,8,2022,12:58,1,76.0,76351,2,2,1.0,3.0,ETRETAT (D'),"49,4989200000","0,0946800000",,76.076351,76351,Seine-Maritime,28.0,Normandie,50.0,4.0,2.0,2,1.0,28,Normandie,76,2,96,LeHavre,166058,1780,167838.0
202200007201,17,4,2022,19:00,1,76.0,76474,1,1,1.0,6.0,Le Mont Cauvel,"49,4868030000","1,0377100000",,76.076474,76474,Seine-Maritime,28.0,Normandie,50.0,5.0,-1.0, -1,1.0,28,Normandie,76,3,24,Notre-Dame-de-BondevilLe6957,82,7039,
202200007203,17,4,2022,10:15,1,76.0,76561,2,1,1.0,3.0,Rue Jean Jaurès,"49,2973220000","1,0133330000",,76.076561,76561,Seine-Maritime,28.0,Normandie,50.0,4.0,2.0,2,1.0,28,Normandie,76,3,5,Saint-Aubin-lès-Elbeuf,8428,75,8503.0
202200007210,28,4,2022,23:07,5,76.0,76259,2,9,1.0,3.0,GARE ( PLACE DE LA),"49,7591100000","0,3756900000",,76.076259,76259,Seine-Maritime,28.0,Normandie,30.0,9.0,2.0,4,1.0,28,Normandie,76,2,11,Fécamp,18016,269,18285.0
202200007274,21,5,2022,07:00,1,76.0,76351,2,1,1.0,6.0,IENA (D'),"49,4915500000","0,1357500000",,76.076351,76351,Seine-Maritime,28.0,Normandie,50.0,4.0,2.0,2,1.0,28,Normandie,76,2,96,LeHavre,166058,1780,167838.0
202200007400,21,3,2022,17:15,1,76.0,76647,2,2,1.0,3.0,vieille route,"49,5236900000","0,3609070000",,76.076647,76647,Seine-Maritime,28.0,Normandie,50.0,3.0,2.0,2,1.0,28,Normandie,76,2,32,Saint-Romain-de-Colbosc,4436,43,4479.0
202200007536,19,3,2022,21:15,5,76.0,76681,2,1,1.0,6.0,Rue de Paris,"49,4127200000","1,0987490000",,76.076681,76681,Seine-Maritime,28.0,Normandie,50.0,7.0,2.0,2,1.0,28,Normandie,76,3,99,Sotteville-lès-Rouen,28965,475,29440.0