Num_Acc,jour,mois,an,hrmn,lum,dep,com,agg,int,atm,col,adr,lat,long,gps,com_insee_temp,com_insee,departmentName,regionCode,regionName,vma,catr,circ,nbv,surf,Code,Region,Departement,Arrondissement,Code_Canton,Nom_Commune,Population_municipaLe,Population_comptee_a_part,Population_Totale
202200015806,25,6,2022,07:15,1,76.0,76270,2,3,1.0,6.0,ERABLES (DES),"49,5363900000","0,1432200000",,76.076270,76270,Seine-Maritime,28.0,Normandie,50.0,4.0,2.0,2,1.0,28,Normandie,76,2,26,Fontaine-la-Mallet,2635,54,2689.0
202200016010,28,6,2022,12:25,1,76.0,76391,1,1,1.0,1.0,A13,"49,3409440000","0,9369060000",,76.076391,76391,Seine-Maritime,28.0,Normandie,130.0,1.0,3.0,8,1.0,28,Normandie,76,3,9,La Londe,2362,71,2433.0
202200016143,22,4,2022,18:20,1,76.0,76540,2,1,1.0,1.0,Boulevard Ferdinand de Lesseps,"49,4448300000","1,0682900000",,76.076540,76540,Seine-Maritime,28.0,Normandie,50.0,7.0,2.0,4,1.0,28,Normandie,76,3,97,Rouen,114083,1556,115639.0
202200016160,12,10,2022,03:30,5,76.0,76550,2,2,5.0,6.0,2 Route de la Forêt,"49,3584410000","0,9456610000",,76.076550,76550,Seine-Maritime,28.0,Normandie,50.0,7.0,2.0,2,1.0,28,Normandie,76,3,4,Sahurs,1219,17,1236.0
202200016266,19,9,2022,08:45,1,76.0,76503,2,3,1.0,3.0,Rue du Verger,"49,5327317827","0,9956462340",,76.076503,76503,Seine-Maritime,28.0,Normandie,50.0,3.0,-1.0,2,1.0,28,Normandie,76,3,24,Pissy-PôvilLe1281,20,1301,
202200016304,11,10,2022,08:40,2,76.0,76743,1,1,7.0,2.0,D88,"49,5344770000","0,9240750000",,76.076743,76743,Seine-Maritime,28.0,Normandie,80.0,3.0,2.0,2,1.0,28,Normandie,76,3,1,Villers-ÉcalLes1734,12,1746,
202200016473,13,7,2022,13:10,5,76.0,76475,2,6,1.0,3.0,Rue du Marechal Leclerc,"49,4028680000","1,1665570000",,76.076475,76475,Seine-Maritime,28.0,Normandie,50.0,7.0,2.0,2,1.0,28,Normandie,76,3,21,Franqueville-Saint-Pierre,6067,195,6262.0
202200016537,27,7,2022,17:20,1,76.0,76414,1,1,1.0,3.0,ARQUES (GIRATOIRE DE L'),"49,9074300000","1,1073700000",,76.076414,76414,Seine-Maritime,28.0,Normandie,50.0,3.0,1.0,3,1.0,28,Normandie,76,1,8,Martin-Église,1600,55,1655.0
202200016583,15,11,2022,18:20,5,76.0,76486,2,6,2.0,6.0,Rue Pierre et Thomas Corneille,"49,3095800000","0,9954900000",,76.076486,76486,Seine-Maritime,28.0,Normandie,50.0,7.0,2.0,2,2.0,28,Normandie,76,3,9,Orival,860,5,865.0
202200016584,8,11,2022,16:10,1,76.0,76351,2,3,1.0,2.0,FLORIMOND LAURENT (RUE),"49,5156106890","0,1126527786",,76.076351,76351,Seine-Maritime,28.0,Normandie,50.0,4.0,2.0,2,1.0,28,Normandie,76,2,96,LeHavre,166058,1780,167838.0
202200016586,11,11,2022,06:45,5,76.0,76341,2,3,1.0,6.0,BELLOT ( QUAI ),"49,5022800000","0,1989400000",,76.076341,76341,Seine-Maritime,28.0,Normandie,50.0,4.0,2.0,2,1.0,28,Normandie,76,2,15,Harfleur,8315,53,8368.0
202200016738,31,1,2022,07:27,3,76.0,76259,1,1,1.0,6.0,D486,"49,7461527852","0,3959899396",,76.076259,76259,Seine-Maritime,28.0,Normandie,80.0,3.0,2.0,3,1.0,28,Normandie,76,2,11,Fécamp,18016,269,18285.0
202200016946,13,3,2022,06:45,2,76.0,76212,2,1,2.0,1.0,Route de Lyons-la-forêt,"49,4354800000","1,1456900000",,76.076212,76212,Seine-Maritime,28.0,Normandie,50.0,7.0,2.0,2,2.0,28,Normandie,76,3,6,Darnétal,9738,74,9812.0
202200017121,18,12,2022,16:10,1,76.0,76540,2,2,3.0,6.0,Rue d'Amiens,"49,4403000000","1,1022000000",,76.076540,76540,Seine-Maritime,28.0,Normandie,30.0,4.0,2.0,2,2.0,28,Normandie,76,3,97,Rouen,114083,1556,115639.0
202200017125,17,12,2022,16:10,1,76.0,76351,2,3,1.0,6.0,Rue Fourier,"49,5137100000","0,1748500000",,76.076351,76351,Seine-Maritime,28.0,Normandie,50.0,4.0,2.0,1,1.0,28,Normandie,76,2,96,LeHavre,166058,1780,167838.0
202200017132,16,12,2022,17:55,3,76.0,76351,2,1,1.0,6.0,JOSEPH MADEC,"49,5063310000","0,1417500000",,76.076351,76351,Seine-Maritime,28.0,Normandie,50.0,4.0,-1.0,1,1.0,28,Normandie,76,2,96,LeHavre,166058,1780,167838.0
202200017136,18,12,2022,17:50,5,76.0,76351,2,3,2.0,6.0,PIERRE MENDES FRANCE,"49,5146500000","0,1536500000",,76.076351,76351,Seine-Maritime,28.0,Normandie,50.0,4.0,2.0,2,2.0,28,Normandie,76,2,96,LeHavre,166058,1780,167838.0
202200017139,20,12,2022,11:10,1,76.0,76217,2,9,2.0,6.0,ACADIENS (RUE DES),"49,9100000000","1,0780000000",,76.076217,76217,Seine-Maritime,28.0,Normandie,30.0,6.0,-1.0, -1,2.0,28,Normandie,76,1,95,Dieppe,28358,455,28813.0
202200017143,16,12,2022,16:05,1,76.0,76414,1,9,8.0,3.0,ARQUES (GIRATOIRE DE L'),"49,9071700000","1,1059600000",,76.076414,76414,Seine-Maritime,28.0,Normandie,90.0,3.0,3.0,4,1.0,28,Normandie,76,1,8,Martin-Église,1600,55,1655.0
202200017175,27,5,2022,04:53,5,76.0,76540,1,1,1.0,6.0,A150 (Bretelle),"49,4493000000","1,0628500000",,76.076540,76540,Seine-Maritime,28.0,Normandie,50.0,1.0,1.0,2,1.0,28,Normandie,76,3,97,Rouen,114083,1556,115639.0
202200017181,24,5,2022,10:15,1,76.0,76705,1,1,1.0,3.0,Rue Emile Zola,"49,3309500000","1,1045780000",,76.076705,76705,Seine-Maritime,28.0,Normandie,80.0,4.0,3.0,2,1.0,28,Normandie,76,3,5,Tourville-la-Rivière,2568,19,2587.0
202200017184,27,5,2022,13:35,1,76.0,76351,2,1,1.0,7.0,GRAND HAMEAU (Avenue du ),"49,5212021197","0,1090983152",,76.076351,76351,Seine-Maritime,28.0,Normandie,50.0,3.0,3.0,4,1.0,28,Normandie,76,2,96,LeHavre,166058,1780,167838.0
202200017190,28,5,2022,12:50,1,76.0,76217,2,2,1.0,3.0,REPUBLIQUE (AVENUE DE LA),"49,9245600000","1,1034500000",,76.076217,76217,Seine-Maritime,28.0,Normandie,50.0,4.0,2.0,3,1.0,28,Normandie,76,1,95,Dieppe,28358,455,28813.0
202200017243,2,2,2022,08:30,1,76.0,76682,2,1,1.0,7.0,Rue du Village,"49,3189109254","1,1162106693",,76.076682,76682,Seine-Maritime,28.0,Normandie,50.0,7.0,2.0,2,1.0,28,Normandie,76,3,5,Sotteville-sous-le-Val,742,4,746.0
202200017424,2,9,2022,15:10,1,76.0,76035,1,1,1.0,6.0,Route de Picardie,"49,7669453857","1,7579552163",,76.076035,76035,Seine-Maritime,28.0,Normandie,80.0,3.0,2.0,2,1.0,28,Normandie,76,1,12,AumaLe1974,45,2019,
202200017517,7,9,2022,21:52,5,76.0,76341,2,1,1.0,1.0,D6382,"49,5116190000","0,1967560000",,76.076341,76341,Seine-Maritime,28.0,Normandie,70.0,3.0,1.0,4,2.0,28,Normandie,76,2,15,Harfleur,8315,53,8368.0
202200017592,6,9,2022,16:10,1,76.0,76540,2,1,1.0,2.0,Rue Guillaume le Conquerant,"49,4401100000","1,0808700000",,76.076540,76540,Seine-Maritime,28.0,Normandie,50.0,7.0,2.0,5,1.0,28,Normandie,76,3,97,Rouen,114083,1556,115639.0
202200017594,6,9,2022,10:40,1,76.0,76217,2,1,1.0,6.0,32 Avenue de la Libération,"49,9247800000","1,1093100000",,76.076217,76217,Seine-Maritime,28.0,Normandie,50.0,4.0,2.0,0,1.0,28,Normandie,76,1,95,Dieppe,28358,455,28813.0
202200017758,23,4,2022,22:30,3,76.0,76210,1,1,1.0,3.0,Route de Saint Nicolas,"49,8630520000","1,1988830000",,76.076210,76210,Seine-Maritime,28.0,Normandie,80.0,3.0,-1.0,2,1.0,28,Normandie,76,1,8,Dampierre-Saint-Nicolas,450,10,460.0
202200017933,25,6,2022,06:20,2,76.0,76575,1,1,1.0,6.0,Boulevard Lénine,"49,3703300000","1,1145200000",,76.076575,76575,Seine-Maritime,28.0,Normandie,90.0,7.0,3.0,4,2.0,28,Normandie,76,3,98,Saint-Étienne-du-Rouvray,28508,225,28733.0
202200018050,8,10,2022,17:00,1,76.0,76565,2,1,1.0,6.0,AVENUE DE LA LIBERATION,"49,8942800000","1,0768400000",,76.076565,76565,Seine-Maritime,28.0,Normandie,50.0,6.0,-1.0,0,1.0,28,Normandie,76,1,7,Saint-Aubin-sur-Scie,1202,101,1303.0
202200018170,8,10,2022,08:45,1,76.0,76410,2,1,1.0,1.0,Rue Paul Painleve,"49,4840455357","1,0420512139",,76.076410,76410,Seine-Maritime,28.0,Normandie,10.0,9.0,2.0,1,1.0,28,Normandie,76,3,4,Maromme,11024,122,11146.0
202200018250,11,11,2022,16:40,1,76.0,76259,2,9,1.0,6.0,LEBORGNE ( RUE CHARLES),"49,7531400000","0,3718500000",,76.076259,76259,Seine-Maritime,28.0,Normandie,50.0,4.0,1.0,1,1.0,28,Normandie,76,2,11,Fécamp,18016,269,18285.0
202200018292,10,11,2022,23:25,5,76.0,76540,2,3,1.0,3.0,Route de Bonsecours,"49,4317300000","1,1095800000",,76.076540,76540,Seine-Maritime,28.0,Normandie,50.0,7.0,2.0,2,1.0,28,Normandie,76,3,97,Rouen,114083,1556,115639.0
202200018293,13,11,2022,12:55,1,76.0,76341,1,4,1.0,2.0,RD 6015,"49,5036600000","0,1936500000",,76.076341,76341,Seine-Maritime,28.0,Normandie,70.0,3.0,3.0,4,1.0,28,Normandie,76,2,15,Harfleur,8315,53,8368.0
202200018294,11,11,2022,05:19,5,76.0,76351,2,1,1.0,6.0,GEORGE V (QUAI),"49,4911400000","0,1140500000",,76.076351,76351,Seine-Maritime,28.0,Normandie,50.0,4.0,1.0,3,1.0,28,Normandie,76,2,96,LeHavre,166058,1780,167838.0
202200018295,11,11,2022,17:00,1,76.0,76351,2,3,1.0,6.0,CLEMENCEAU (BD),"49,4917100000","0,0968500000",,76.076351,76351,Seine-Maritime,28.0,Normandie,30.0,4.0,2.0,2,1.0,28,Normandie,76,2,96,LeHavre,166058,1780,167838.0
202200018296,9,11,2022,15:20,1,76.0,76351,2,3,1.0,3.0,REPUBLIQUE (COURS DE LA),"49,4976500791","0,1279145479",,76.076351,76351,Seine-Maritime,28.0,Normandie,50.0,4.0,3.0,6,1.0,28,Normandie,76,2,96,LeHavre,166058,1780,167838.0
202200018595,27,7,2022,20:10,1,76.0,76231,2,1,1.0,2.0,Rue Jean de la Fontaine,"49,2916424371","1,0145643353",,76.076231,76231,Seine-Maritime,28.0,Normandie,30.0,4.0,2.0,2,1.0,28,Normandie,76,3,9,Elbeuf,15951,138,16089.0
202200018802,29,1,2022,19:15,5,76.0,76540,2,3,2.0,3.0,Avenue du Mont Riboudet,"49,4482700000","1,0667700000",,76.076540,76540,Seine-Maritime,28.0,Normandie,50.0,7.0,1.0,3,2.0,28,Normandie,76,3,97,Rouen,114083,1556,115639.0
202200018807,28,1,2022,19:30,5,76.0,76351,2,1,1.0,6.0,GUSTAVE BRINDEAU (RUE),"49,4926300000","0,1396100000",,76.076351,76351,Seine-Maritime,28.0,Normandie,5.0,4.0,2.0,2,1.0,28,Normandie,76,2,96,LeHavre,166058,1780,167838.0
202200019113,11,3,2022,14:44,1,76.0,76540,2,4,2.0,3.0,Route du Havre,"49,4506100000","1,0588600000",,76.076540,76540,Seine-Maritime,28.0,Normandie,50.0,7.0,1.0,4,2.0,28,Normandie,76,3,97,Rouen,114083,1556,115639.0
202200019255,21,12,2022,10:15,1,76.0,76233,1,1,1.0,1.0,D49,"49,7911830000","1,7471270000",,76.076233,76233,Seine-Maritime,28.0,Normandie,80.0,3.0,2.0,2,2.0,28,Normandie,76,1,12,Ellecourt,154,4,158.0
202200019374,12,3,2022,10:30,1,76.0,76101,1,9,1.0,6.0,A28 PK 029+600,"49,9240540000","1,6390870000",,76.076101,76101,Seine-Maritime,28.0,Normandie,130.0,1.0,3.0,4,1.0,28,Normandie,76,1,10,Blangy-sur-BresLe2862,28,2890,
202200019495,3,9,2022,22:43,5,76.0,76351,2,2,1.0,3.0,GEORGE V (QUAI),"49,4907700000","0,1166500000",,76.076351,76351,Seine-Maritime,28.0,Normandie,50.0,4.0,1.0,3,1.0,28,Normandie,76,2,96,LeHavre,166058,1780,167838.0
202200019859,9,10,2022,10:55,1,76.0,76698,2,3,1.0,3.0,Route de Dieppe,"49,8157140000","1,1724140000",,76.076698,76698,Seine-Maritime,28.0,Normandie,-1.0,3.0,2.0,2,1.0,28,Normandie,76,1,20,Torcy-le-Petit,508,8,516.0
202200020007,8,10,2022,16:00,1,76.0,76465,1,1,1.0,5.0,D1314,"49,7221050000","1,4682980000",,76.076465,76465,Seine-Maritime,28.0,Normandie,-1.0,3.0,2.0,2,1.0,28,Normandie,76,1,23,Neuville-Ferrières,546,9,555.0
202200020047,29,9,2022,09:10,1,76.0,76351,2,2,1.0,6.0,HILAIRE COLOMBEL,"49,4967000000","0,1343400000",,76.076351,76351,Seine-Maritime,28.0,Normandie,50.0,4.0,2.0,1,2.0,28,Normandie,76,2,96,LeHavre,166058,1780,167838.0
202200020049,28,9,2022,10:15,1,76.0,76351,2,1,2.0,6.0,VERDUN (RUE DE),"49,5024742327","0,1661982703",,76.076351,76351,Seine-Maritime,28.0,Normandie,50.0,4.0,2.0,3,2.0,28,Normandie,76,2,96,LeHavre,166058,1780,167838.0
202200020084,7,10,2022,14:10,1,76.0,76575,1,3,1.0,2.0,Boulevard Lénine,"49,3941300000","1,1116900000",,76.076575,76575,Seine-Maritime,28.0,Normandie,90.0,7.0,3.0,4,1.0,28,Normandie,76,3,98,Saint-Étienne-du-Rouvray,28508,225,28733.0
202200020362,14,11,2022,08:30,3,76.0,76503,1,1,5.0,5.0,A 151 - PK 03+500 sens DIEPPE - ROUEN,"49,5224260000","1,0039830000",,76.076503,76503,Seine-Maritime,28.0,Normandie,130.0,1.0,3.0,4,1.0,28,Normandie,76,3,24,Pissy-PôvilLe1281,20,1301,
202200020391,14,11,2022,07:00,3,76.0,76469,1,1,5.0,6.0,CD921,"49,4873850000","1,4874030000",,76.076469,76469,Seine-Maritime,28.0,Normandie,70.0,3.0,2.0,2,2.0,28,Normandie,76,1,12,Nolléval,420,5,425.0
202200020432,1,2,2022,18:45,3,76.0,76484,1,1,2.0,7.0,A13,"49,3437680000","1,0455570000",,76.076484,76484,Seine-Maritime,28.0,Normandie,110.0,1.0,3.0,4,2.0,28,Normandie,76,3,31,Oissel,12367,83,12450.0
202200020436,5,11,2022,00:30,3,76.0,76314,1,1,1.0,6.0,Autoroute A 29,"49,5690154040","0,3495614501",,76.076314,76314,Seine-Maritime,28.0,Normandie,130.0,1.0,1.0,4,1.0,28,Normandie,76,2,32,GraimbouvilLe612,13,625,
202200020509,31,1,2022,17:00,1,76.0,76562,1,1,1.0,3.0,D149,"49,8625710000","1,1750490000",,76.076562,76562,Seine-Maritime,28.0,Normandie,80.0,3.0,2.0,2,1.0,28,Normandie,76,1,8,Saint-Aubin-le-Cauf,835,22,857.0
202200020517,1,2,2022,16:15,1,76.0,76655,1,1,1.0,6.0,D20,"49,8564840000","0,7222100000",,76.076655,76655,Seine-Maritime,28.0,Normandie,80.0,3.0,2.0,2,1.0,28,Normandie,76,1,33,Saint-Valery-en-Caux,3915,162,4077.0
202200020524,26,7,2022,21:10,5,76.0,76216,2,1,1.0,6.0,Rue Jean Richard,"49,4642300000","1,0471100000",,76.076216,76216,Seine-Maritime,28.0,Normandie,50.0,7.0,2.0,2,1.0,28,Normandie,76,3,22,Déville-lès-Rouen,10745,62,10807.0
202200020526,26,7,2022,08:35,1,76.0,76322,1,1,1.0,6.0,N338 - Sud 3,"49,3994700000","1,0325700000",,76.076322,76322,Seine-Maritime,28.0,Normandie,50.0,2.0,3.0,3,1.0,28,Normandie,76,3,13,LeGrand-Quevilly,25975,225,26200.0
202200020529,23,7,2022,17:19,1,76.0,76305,2,3,1.0,3.0,OUDALLE (ROUTE),"49,5033900000","0,2071500000",,76.076305,76305,Seine-Maritime,28.0,Normandie,50.0,3.0,2.0,2,1.0,28,Normandie,76,2,16,Gonfreville-l'Orcher,8961,44,9005.0
202200020531,28,1,2022,14:00,1,76.0,76181,1,1,5.0,6.0,autoroute a29,"49,6284733750","0,6105975062",,76.076181,76181,Seine-Maritime,28.0,Normandie,130.0,1.0,3.0,2,1.0,28,Normandie,76,2,33,ClévilLe144,3,147,
202200020808,21,3,2022,01:13,5,76.0,76540,2,1,1.0,2.0,Avenue du Grand Cours,"49,4266000000","1,1043500000",,76.076540,76540,Seine-Maritime,28.0,Normandie,70.0,7.0,2.0,6,1.0,28,Normandie,76,3,97,Rouen,114083,1556,115639.0
202200020810,24,7,2022,16:00,1,76.0,76351,2,2,1.0,3.0,LOUIS EUDIER,"49,4852100000","0,1303800000",,76.076351,76351,Seine-Maritime,28.0,Normandie,50.0,4.0,2.0,2,1.0,28,Normandie,76,2,96,LeHavre,166058,1780,167838.0
202200020811,22,7,2022,23:43,3,76.0,76576,1,1,1.0,3.0,SCHWOB JAMES (RUE),"49,5516000000","0,4462000000",,76.076576,76576,Seine-Maritime,28.0,Normandie,50.0,4.0,2.0,1,1.0,28,Normandie,76,2,3,Saint-Eustache-la-Forêt,1233,16,1249.0
202200020829,26,5,2022,02:10,3,76.0,76540,2,1,1.0,7.0,Rampe Saint Hilaire,"49,4451500000","1,1109400000",,76.076540,76540,Seine-Maritime,28.0,Normandie,30.0,4.0,1.0,1,1.0,28,Normandie,76,3,97,Rouen,114083,1556,115639.0
202200020831,5,5,2022,09:15,1,76.0,76165,2,1,1.0,6.0,Rue Félix Faure,"49,2872600000","1,0240700000",,76.076165,76165,Seine-Maritime,28.0,Normandie,30.0,4.0,2.0,2,1.0,28,Normandie,76,3,5,Caudebec-lès-Elbeuf,10135,69,10204.0
202200020834,21,5,2022,06:50,1,76.0,76351,2,2,1.0,3.0,VERDUN (RUE DE),"49,5013900000","0,1500100000",,76.076351,76351,Seine-Maritime,28.0,Normandie,50.0,3.0,2.0,2,1.0,28,Normandie,76,2,96,LeHavre,166058,1780,167838.0
202200020901,5,12,2022,19:00,3,76.0,76533,1,9,2.0,5.0,A 131,"49,4949990000","0,2637630000",,76.076533,76533,Seine-Maritime,28.0,Normandie,130.0,1.0,3.0,4,2.0,28,Normandie,76,2,16,RogervilLe1706,19,1725,
202200021165,18,12,2022,17:50,3,76.0,76392,2,1,3.0,6.0,Rue du Maréchal Leclerc,"49,8343910000","1,4004670000",,76.076392,76392,Seine-Maritime,28.0,Normandie,50.0,3.0,-1.0,2,2.0,28,Normandie,76,1,23,Londinières,1243,20,1263.0
202200021279,11,3,2022,07:40,1,76.0,76377,2,1,1.0,6.0,2199 Route de Neufchatel,"49,5023550000","1,1566860000",,76.076377,76377,Seine-Maritime,28.0,Normandie,50.0,7.0,2.0,2,1.0,28,Normandie,76,3,2,IsneauvilLe3657,64,3721,
202200021360,4,9,2022,03:20,5,76.0,76540,2,2,1.0,6.0,Avenue de Caen,"49,4290200000","1,0716400000",,76.076540,76540,Seine-Maritime,28.0,Normandie,50.0,7.0,2.0,2,1.0,28,Normandie,76,3,97,Rouen,114083,1556,115639.0
202200021448,4,9,2022,16:45,1,76.0,76647,1,1,1.0,6.0,Route de la Gare,"49,5407120000","0,3432640000",,76.076647,76647,Seine-Maritime,28.0,Normandie,80.0,4.0,-1.0,2,1.0,28,Normandie,76,2,32,Saint-Romain-de-Colbosc,4436,43,4479.0
202200021496,17,4,2022,18:30,1,76.0,76351,2,1,1.0,6.0,JEAN JAURES (AVENUE),"49,5009200000","0,1795900000",,76.076351,76351,Seine-Maritime,28.0,Normandie,50.0,4.0,2.0,2,1.0,28,Normandie,76,2,96,LeHavre,166058,1780,167838.0
202200021498,16,4,2022,19:40,1,76.0,76351,2,1,1.0,6.0,Boulevard François 1er,"49,4869200000","0,1036000000",,76.076351,76351,Seine-Maritime,28.0,Normandie,50.0,4.0,3.0,4,1.0,28,Normandie,76,2,96,LeHavre,166058,1780,167838.0
202200021500,14,4,2022,18:45,1,76.0,76481,2,4,1.0,6.0,SAINT ANDRIEUX (CHEMIN DE),"49,5448000000","0,1007500000",,76.076481,76481,Seine-Maritime,28.0,Normandie,50.0,4.0,2.0,2,1.0,28,Normandie,76,2,26,Octeville-sur-Mer,6122,119,6241.0
202200021524,24,6,2022,13:55,1,76.0,76227,1,1,1.0,2.0,A29,"49,6602610000","0,9122230000",,76.076227,76227,Seine-Maritime,28.0,Normandie,130.0,1.0,1.0,2,1.0,28,Normandie,76,3,35,Ectot-l'Auber,703,10,713.0
202200021539,21,6,2022,02:45,4,76.0,76196,1,1,1.0,6.0,Route de Turretot,"49,6285854641","0,2604453563",,76.076196,76196,Seine-Maritime,28.0,Normandie,80.0,3.0,2.0,2,1.0,28,Normandie,76,2,26,Criquetot-l'Esneval,2567,82,2649.0
202200021605,24,6,2022,18:55,1,76.0,76164,2,1,1.0,7.0,11 Route de Norville,"49,4974480000","0,6659070000",,76.076164,76164,Seine-Maritime,28.0,Normandie,70.0,3.0,2.0,2,1.0,28,Normandie,76,3,25,Rives-en-Seine,4078,66,4144.0
202200021658,20,4,2022,18:41,1,76.0,76340,1,1,1.0,3.0,Route de Doudeville,"49,7015160000","0,7856890000",,76.076340,76340,Seine-Maritime,28.0,Normandie,80.0,3.0,2.0,2,1.0,28,Normandie,76,3,35,HarcanvilLe527,9,536,
202200021802,19,4,2022,16:55,1,76.0,76719,2,1,1.0,3.0,Rue Albert Bellavoine,"49,7459480000","0,5125270000",,76.076719,76719,Seine-Maritime,28.0,Normandie,30.0,3.0,1.0,1,1.0,28,Normandie,76,2,11,Valmont,867,15,882.0
202200021947,7,10,2022,17:20,1,76.0,76621,1,2,1.0,3.0,D41,"49,6368051084","1,3106564870",,76.076621,76621,Seine-Maritime,28.0,Normandie,80.0,3.0,2.0,2,1.0,28,Normandie,76,1,23,Saint-Martin-OsmonvilLe1179,22,1201,
202200022029,5,10,2022,17:40,1,76.0,76351,2,1,1.0,7.0,MARCEAU (RUE),"49,4889900000","0,1347100000",,76.076351,76351,Seine-Maritime,28.0,Normandie,50.0,4.0,2.0,4,2.0,28,Normandie,76,2,96,LeHavre,166058,1780,167838.0
202200022111,12,11,2022,22:30,5,76.0,76217,1,1,1.0,6.0,ESCARPE (RUE DE L'),"49,9052501556","1,0868622663",,76.076217,76217,Seine-Maritime,28.0,Normandie,30.0,4.0,2.0,2,1.0,28,Normandie,76,1,95,Dieppe,28358,455,28813.0
202200022254,12,11,2022,10:45,1,76.0,76094,2,2,5.0,3.0,Rue de l'Eglise,"49,5398760000","1,2762700000",,76.076094,76094,Seine-Maritime,28.0,Normandie,-1.0,3.0,2.0,2,1.0,28,Normandie,76,3,21,BiervilLe326,5,331,
202200022268,29,1,2022,19:35,5,76.0,76540,2,2,2.0,6.0,Boulevard de l’Europe,"49,4322200000","1,0788100000",,76.076540,76540,Seine-Maritime,28.0,Normandie,50.0,4.0,3.0,6,2.0,28,Normandie,76,3,97,Rouen,114083,1556,115639.0
202200022345,13,11,2022,14:38,2,76.0,76666,1,1,5.0,6.0,D915,"49,5717814924","1,6080379484",,76.076666,76666,Seine-Maritime,28.0,Normandie,80.0,3.0,2.0,2,1.0,28,Normandie,76,1,12,Saumont-la-Poterie,414,16,430.0
202200022347,14,11,2022,11:30,1,76.0,76434,1,1,5.0,2.0,6014,"49,3864380000","1,2696930000",,76.076434,76434,Seine-Maritime,28.0,Normandie,80.0,3.0,2.0,2,1.0,28,Normandie,76,3,21,Mesnil-Raoul,1171,8,1179.0
202200022469,12,11,2022,13:20,1,76.0,76486,1,1,1.0,6.0,Rue de la Gare,"49,3176812070","0,9893703461",,76.076486,76486,Seine-Maritime,28.0,Normandie,80.0,7.0,2.0,2,2.0,28,Normandie,76,3,9,Orival,860,5,865.0
202200022471,12,11,2022,10:30,1,76.0,76540,2,1,8.0,1.0,Avenue de la Grand Mare,"49,4433800000","1,1309400000",,76.076540,76540,Seine-Maritime,28.0,Normandie,50.0,7.0,2.0,2,1.0,28,Normandie,76,3,97,Rouen,114083,1556,115639.0
202200022806,22,5,2022,11:28,1,76.0,76518,1,2,1.0,3.0,D30 - route de bolbec,"49,5916300000","0,5033760000",,76.076518,76518,Seine-Maritime,28.0,Normandie,80.0,3.0,2.0,2,1.0,28,Normandie,76,2,3,Raffetot,498,9,507.0
202200022834,24,7,2022,20:20,1,76.0,76493,1,1,1.0,6.0,D79,"49,8477210000","0,6197140000",,76.076493,76493,Seine-Maritime,28.0,Normandie,80.0,3.0,2.0,2,1.0,28,Normandie,76,1,33,Paluel,395,12,407.0
202200022884,16,12,2022,14:30,1,76.0,76540,2,2,1.0,6.0,Boulevard de l'Europe,"49,4285300000","1,0944700000",,76.076540,76540,Seine-Maritime,28.0,Normandie,50.0,4.0,3.0,6,1.0,28,Normandie,76,3,97,Rouen,114083,1556,115639.0
202200022885,15,12,2022,21:00,5,76.0,76498,2,1,1.0,6.0,Rue Albert Einstein,"49,4181500000","1,0628200000",,76.076498,76498,Seine-Maritime,28.0,Normandie,30.0,4.0,2.0,2,1.0,28,Normandie,76,3,27,LePetit-Quevilly,21782,274,22056.0
202200022887,16,12,2022,08:30,2,76.0,76484,2,1,8.0,6.0,Avenue du Général de Gaulle,"49,3432790000","1,0908200000",,76.076484,76484,Seine-Maritime,28.0,Normandie,50.0,4.0,2.0,2,1.0,28,Normandie,76,3,31,Oissel,12367,83,12450.0
202200023034,16,12,2022,07:15,2,76.0,76533,1,1,4.0,4.0,A29 PK28.400,"49,5096900000","0,2880050000",,76.076533,76533,Seine-Maritime,28.0,Normandie,110.0,1.0,1.0,2,7.0,28,Normandie,76,2,16,RogervilLe1706,19,1725,
202200023191,3,9,2022,15:10,1,76.0,76082,2,6,2.0,6.0,Rue de l'Eglise,"49,6161770000","0,4757170000",,76.076082,76082,Seine-Maritime,28.0,Normandie,50.0,3.0,-1.0,2,2.0,28,Normandie,76,2,3,Bernières,637,11,648.0
202200023222,4,9,2022,06:47,2,76.0,76357,1,1,1.0,1.0,Rd 925,"49,5928470000","0,2633390000",,76.076357,76357,Seine-Maritime,28.0,Normandie,80.0,3.0,2.0,1,1.0,28,Normandie,76,2,26,HermevilLe351,16,367,
202200023224,4,9,2022,13:00,1,76.0,76050,2,2,1.0,3.0,2087 Rue des Tisserands,"49,8488300000","0,9525030000",,76.076050,76050,Seine-Maritime,28.0,Normandie,50.0,4.0,2.0,2,1.0,28,Normandie,76,1,20,Avremesnil,1006,27,1033.0
202200023234,8,3,2022,07:03,2,76.0,76351,1,2,1.0,3.0,ERABLES (DES),"49,5091400000","0,1453300000",,76.076351,76351,Seine-Maritime,28.0,Normandie,50.0,4.0,2.0,2,1.0,28,Normandie,76,2,96,LeHavre,166058,1780,167838.0