Num_Acc,jour,mois,an,hrmn,lum,dep,com,agg,int,atm,col,adr,lat,long,gps,com_insee_temp,com_insee,departmentName,regionCode,regionName,vma,catr,circ,nbv,surf,Code,Region,Departement,Arrondissement,Code_Canton,Nom_Commune,Population_municipaLe,Population_comptee_a_part,Population_Totale
202200023237,6,3,2022,21:00,5,76.0,76351,2,2,1.0,3.0,PAUL VERONESE,"49,5170300000","0,1162700000",,76.076351,76351,Seine-Maritime,28.0,Normandie,50.0,4.0,2.0,2,1.0,28,Normandie,76,2,96,LeHavre,166058,1780,167838.0
202200023312,2,9,2022,16:50,1,76.0,76212,2,7,1.0,6.0,Place du Marechal Foch,"49,4404000000","1,1455800000",,76.076212,76212,Seine-Maritime,28.0,Normandie,30.0,7.0,2.0,2,1.0,28,Normandie,76,3,6,Darnétal,9738,74,9812.0
202200023338,2,9,2022,20:50,5,76.0,76681,2,1,1.0,6.0,Rue du Madrillet,"49,4078200000","1,0763200000",,76.076681,76681,Seine-Maritime,28.0,Normandie,50.0,4.0,2.0, -1,1.0,28,Normandie,76,3,99,Sotteville-lès-Rouen,28965,475,29440.0
202200023339,2,9,2022,13:50,1,76.0,76212,2,3,1.0,6.0,Rue Gustave Flaubert,"49,4400200000","1,1456800000",,76.076212,76212,Seine-Maritime,28.0,Normandie,50.0,7.0,2.0,3,1.0,28,Normandie,76,3,6,Darnétal,9738,74,9812.0
202200023340,2,9,2022,07:15,2,76.0,76351,1,1,2.0,6.0,RD 6382,"49,5253800000","0,1592600000",,76.076351,76351,Seine-Maritime,28.0,Normandie,90.0,3.0,3.0,4,2.0,28,Normandie,76,2,96,LeHavre,166058,1780,167838.0
202200023341,1,9,2022,20:10,5,76.0,76481,2,6,2.0,6.0,RD 6382,"49,5316600000","0,1031200000",,76.076481,76481,Seine-Maritime,28.0,Normandie,70.0,3.0,3.0,4,2.0,28,Normandie,76,2,26,Octeville-sur-Mer,6122,119,6241.0
202200023441,16,4,2022,08:30,1,76.0,76259,2,1,1.0,6.0,MARCHAND ( RUE EUGENE),"49,7578286600","0,3798443824",,76.076259,76259,Seine-Maritime,28.0,Normandie,50.0,4.0,1.0,1,1.0,28,Normandie,76,2,11,Fécamp,18016,269,18285.0
202200023508,8,6,2022,13:57,1,76.0,76693,1,2,1.0,3.0,D940,"49,6780220000","0,1987460000",,76.076693,76693,Seine-Maritime,28.0,Normandie,70.0,3.0,2.0,2,1.0,28,Normandie,76,2,26,LeTilleul,676,11,687.0
202200023533,17,4,2022,22:45,3,76.0,76312,1,1,1.0,6.0,Route de Formerie,"49,4927440000","1,7191240000",,76.076312,76312,Seine-Maritime,28.0,Normandie,80.0,3.0,2.0,2,1.0,28,Normandie,76,1,12,Gournay-en-Bray,5944,85,6029.0
202200023609,19,4,2022,10:25,1,76.0,76610,1,2,1.0,3.0,D131e,"49,6237430000","0,7897600000",,76.076610,76610,Seine-Maritime,28.0,Normandie,80.0,3.0,2.0,2,1.0,28,Normandie,76,3,35,Sainte-Marie-des-Champs,1579,13,1592.0
202200023647,22,6,2022,17:50,1,76.0,76322,2,3,1.0,6.0,Rue Antoine Laurent de Lavoisier,"49,4183000000","1,0447700000",,76.076322,76322,Seine-Maritime,28.0,Normandie,50.0,4.0,2.0,4,1.0,28,Normandie,76,3,13,LeGrand-Quevilly,25975,225,26200.0
202200023649,5,5,2022,09:50,1,76.0,76351,2,3,1.0,2.0,Rue Georges Braque,"49,4952900000","0,1018500000",,76.076351,76351,Seine-Maritime,28.0,Normandie,50.0,4.0,2.0,2,1.0,28,Normandie,76,2,96,LeHavre,166058,1780,167838.0
202200023929,28,1,2022,18:46,5,76.0,76178,2,1,6.0,5.0,Rue de Tourville,"49,3062838370","1,0262395110",,76.076178,76178,Seine-Maritime,28.0,Normandie,50.0,7.0,2.0,2,1.0,28,Normandie,76,3,5,Cléon,4907,30,4937.0
202200023930,28,1,2022,20:20,5,76.0,76216,2,1,8.0,2.0,Rue des Grosses Pierres,"49,4690000000","1,0380000000",,76.076216,76216,Seine-Maritime,28.0,Normandie,50.0,7.0,2.0,2,1.0,28,Normandie,76,3,22,Déville-lès-Rouen,10745,62,10807.0
202200023931,27,1,2022,08:20,1,76.0,76351,2,3,1.0,7.0,Boulevard Jules Durand,"49,4911000000","0,1621200000",,76.076351,76351,Seine-Maritime,28.0,Normandie,50.0,4.0,2.0,2,1.0,28,Normandie,76,2,96,LeHavre,166058,1780,167838.0
202200023933,28,1,2022,00:15,5,76.0,76447,2,3,2.0,6.0,Avenue Pierre Mendès France,"49,5282700000","0,1825000000",,76.076447,76447,Seine-Maritime,28.0,Normandie,50.0,3.0,2.0,2,2.0,28,Normandie,76,2,15,Montivilliers,15457,203,15660.0
202200023934,28,1,2022,23:10,5,76.0,76259,2,3,2.0,2.0,Rue Robert Lilly,"49,7466691398","0,3684234352",,76.076259,76259,Seine-Maritime,28.0,Normandie,30.0,4.0,2.0,2,2.0,28,Normandie,76,2,11,Fécamp,18016,269,18285.0
202200023943,30,9,2022,15:30,1,76.0,76540,2,9,1.0,3.0,Rue Robert Schuman,"49,4381340000","1,1050490000",,76.076540,76540,Seine-Maritime,28.0,Normandie,50.0,4.0,2.0,2,1.0,28,Normandie,76,3,97,Rouen,114083,1556,115639.0
202200024070,11,11,2022,21:50,5,76.0,76157,2,1,1.0,6.0,Boulevard Claude Monet,"49,4580450000","1,0366530000",,76.076157,76157,Seine-Maritime,28.0,Normandie,20.0,9.0,-1.0,0,1.0,28,Normandie,76,3,4,Canteleu,13966,360,14326.0
202200024073,11,11,2022,18:55,5,76.0,76540,2,2,1.0,3.0,Rue d'Amiens,"49,4403700000","1,1021800000",,76.076540,76540,Seine-Maritime,28.0,Normandie,50.0,4.0,2.0,2,1.0,28,Normandie,76,3,97,Rouen,114083,1556,115639.0
202200024105,5,10,2022,19:00,2,76.0,76410,2,1,1.0,6.0,Avenue du Val aux Dames,"49,4767800000","1,0348700000",,76.076410,76410,Seine-Maritime,28.0,Normandie,50.0,7.0,2.0,2,1.0,28,Normandie,76,3,4,Maromme,11024,122,11146.0
202200024316,27,1,2022,12:50,1,76.0,76108,2,1,1.0,6.0,Route de Darnetal,"49,4695100000","1,1256100000",,76.076108,76108,Seine-Maritime,28.0,Normandie,50.0,4.0,2.0,2,1.0,28,Normandie,76,3,2,Bois-Guillaume,14262,361,14623.0
202200024318,25,1,2022,07:10,5,76.0,76351,2,6,1.0,2.0,route de l'estuaire,"49,4667100000","0,1805900000",,76.076351,76351,Seine-Maritime,28.0,Normandie,50.0,4.0,2.0,2,2.0,28,Normandie,76,2,96,LeHavre,166058,1780,167838.0
202200024319,27,1,2022,16:35,1,76.0,76565,1,1,2.0,2.0,D915,"49,8913000000","1,0815800000",,76.076565,76565,Seine-Maritime,28.0,Normandie,80.0,3.0,2.0,2,2.0,28,Normandie,76,1,7,Saint-Aubin-sur-Scie,1202,101,1303.0
202200024342,12,11,2022,06:30,3,76.0,76557,1,1,5.0,6.0,Route du Havre,"49,5250876286","0,7118153572",,76.076557,76557,Seine-Maritime,28.0,Normandie,50.0,3.0,2.0,2,1.0,28,Normandie,76,3,25,Saint-Arnoult,1453,23,1476.0
202200024670,15,12,2022,07:30,5,76.0,76231,2,1,1.0,1.0,Rue Jean Jaurès,"49,2917042479","1,0099898279",,76.076231,76231,Seine-Maritime,28.0,Normandie,50.0,7.0,2.0,2,2.0,28,Normandie,76,3,9,Elbeuf,15951,138,16089.0
202200024673,15,12,2022,02:40,5,76.0,76561,2,2,1.0,6.0,Rue de la Republique,"49,2974800000","1,0110100000",,76.076561,76561,Seine-Maritime,28.0,Normandie,50.0,7.0,2.0,2,1.0,28,Normandie,76,3,5,Saint-Aubin-lès-Elbeuf,8428,75,8503.0
202200024756,21,5,2022,20:10,1,76.0,76351,2,3,1.0,6.0,BOURDALOUE,"49,4997000000","0,1436700000",,76.076351,76351,Seine-Maritime,28.0,Normandie,50.0,4.0,2.0,2,1.0,28,Normandie,76,2,96,LeHavre,166058,1780,167838.0
202200024759,22,5,2022,15:40,1,76.0,76217,2,1,1.0,1.0,AVENUE JEAN RIBLET,"49,9216451533","1,0938526325",,76.076217,76217,Seine-Maritime,28.0,Normandie,50.0,4.0,-1.0,2,1.0,28,Normandie,76,1,95,Dieppe,28358,455,28813.0
202200024761,22,5,2022,14:20,1,76.0,76414,2,1,1.0,6.0,RD 485,"49,9129100000","1,1054900000",,76.076414,76414,Seine-Maritime,28.0,Normandie,90.0,3.0,1.0,4,1.0,28,Normandie,76,1,8,Martin-Église,1600,55,1655.0
202200025064,6,3,2022,16:08,1,76.0,76447,2,4,1.0,6.0,FAUBOURG ASSIQUET,"49,5470500000","0,1958500000",,76.076447,76447,Seine-Maritime,28.0,Normandie,50.0,3.0,2.0,2,1.0,28,Normandie,76,2,15,Montivilliers,15457,203,15660.0
202200025149,3,9,2022,15:35,1,76.0,76711,2,1,1.0,2.0,9 Rue du Docteur Pépin,"50,0598579563","1,3772138566",,76.076711,76711,Seine-Maritime,28.0,Normandie,50.0,3.0,2.0,2,2.0,28,Normandie,76,1,10,LeTréport,4424,91,4515.0
202200025225,1,9,2022,11:00,1,76.0,76108,2,4,1.0,3.0,Route de Neufchâtel,"49,4668700000","1,1169800000",,76.076108,76108,Seine-Maritime,28.0,Normandie,50.0,7.0,2.0,2,1.0,28,Normandie,76,3,2,Bois-Guillaume,14262,361,14623.0
202200025226,30,8,2022,19:15,1,76.0,76351,2,2,1.0,3.0,Rue Frédéric Bellanger,"49,4953200000","0,1010300000",,76.076351,76351,Seine-Maritime,28.0,Normandie,50.0,4.0,2.0,2,1.0,28,Normandie,76,2,96,LeHavre,166058,1780,167838.0
202200025227,19,8,2022,15:45,1,76.0,76351,2,3,2.0,6.0,SOUTHAMPTON (QUAI DE),"49,4862900000","0,1103600000",,76.076351,76351,Seine-Maritime,28.0,Normandie,50.0,4.0,2.0,3,2.0,28,Normandie,76,2,96,LeHavre,166058,1780,167838.0
202200025504,9,5,2022,12:40,1,76.0,76497,1,1,1.0,7.0,N338 - Sud 3,"49,3752573389","1,0469198227",,76.076497,76497,Seine-Maritime,28.0,Normandie,110.0,2.0,3.0,6,1.0,28,Normandie,76,3,13,Petit-Couronne,8688,175,8863.0
202200025506,19,6,2022,04:00,5,76.0,76351,2,2,2.0,3.0,REPUBLIQUE (COURS DE LA),"49,4919800000","0,1239200000",,76.076351,76351,Seine-Maritime,28.0,Normandie,50.0,4.0,3.0,8,2.0,28,Normandie,76,2,96,LeHavre,166058,1780,167838.0
202200025528,13,4,2022,12:08,1,76.0,76351,2,1,1.0,6.0,PONT VII (ROUTE DU),"49,4938300000","0,1800100000",,76.076351,76351,Seine-Maritime,28.0,Normandie,50.0,4.0,2.0,2,1.0,28,Normandie,76,2,96,LeHavre,166058,1780,167838.0
202200025681,17,4,2022,20:10,1,76.0,76220,2,1,1.0,6.0,84 Rue de la Chaussee,"49,8695670000","1,3223670000",,76.076220,76220,Seine-Maritime,28.0,Normandie,50.0,3.0,2.0,2,1.0,28,Normandie,76,1,8,Douvrend,523,12,535.0
202200025694,17,4,2022,08:20,1,76.0,76612,1,1,7.0,7.0,2 Route d Edruchon,"49,8337240000","1,6851350000",,76.076612,76612,Seine-Maritime,28.0,Normandie,80.0,3.0,2.0,2,1.0,28,Normandie,76,1,10,Saint-Martin-au-Bosc,269,6,275.0
202200025879,26,1,2022,15:55,1,76.0,76681,2,4,1.0,1.0,Rue Andre Poirier,"49,4035000000","1,1005000000",,76.076681,76681,Seine-Maritime,28.0,Normandie,30.0,4.0,2.0,2,1.0,28,Normandie,76,3,99,Sotteville-lès-Rouen,28965,475,29440.0
202200026045,9,11,2022,22:00,5,76.0,76231,2,6,1.0,3.0,Place Francois Mitterrand,"49,2870100000","1,0090000000",,76.076231,76231,Seine-Maritime,28.0,Normandie,50.0,4.0,1.0,2,1.0,28,Normandie,76,3,9,Elbeuf,15951,138,16089.0
202200026046,9,11,2022,17:50,3,76.0,76165,2,1,9.0,6.0,Rue de la Commune 1871,"49,2744800000","1,0177500000",,76.076165,76165,Seine-Maritime,28.0,Normandie,30.0,6.0,-1.0, -1,2.0,28,Normandie,76,3,5,Caudebec-lès-Elbeuf,10135,69,10204.0
202200026102,4,10,2022,16:50,1,76.0,76540,2,3,1.0,3.0,Avenue de la Libération,"49,4261200000","1,0691900000",,76.076540,76540,Seine-Maritime,28.0,Normandie,50.0,7.0,2.0,2,1.0,28,Normandie,76,3,97,Rouen,114083,1556,115639.0
202200026104,4,10,2022,08:30,1,76.0,76322,1,1,1.0,5.0,N338 - Sud 3,"49,4120000000","1,0410000000",,76.076322,76322,Seine-Maritime,28.0,Normandie,90.0,2.0,3.0,5,1.0,28,Normandie,76,3,13,LeGrand-Quevilly,25975,225,26200.0
202200026106,4,10,2022,09:00,1,76.0,76540,2,9,1.0,6.0,Place Jacques Lelieur,"49,4399700000","1,0916200000",,76.076540,76540,Seine-Maritime,28.0,Normandie,5.0,4.0,-1.0, -1,1.0,28,Normandie,76,3,97,Rouen,114083,1556,115639.0
202200026108,4,10,2022,10:00,1,76.0,76231,2,3,1.0,2.0,Rue du Neubourg,"49,2799740000","1,0072830000",,76.076231,76231,Seine-Maritime,28.0,Normandie,50.0,7.0,2.0,2,1.0,28,Normandie,76,3,9,Elbeuf,15951,138,16089.0
202200026110,3,10,2022,17:20,1,76.0,76351,2,2,1.0,3.0,GRAVILLE (BD DE),"49,4924900000","0,1484400000",,76.076351,76351,Seine-Maritime,28.0,Normandie,50.0,4.0,2.0,4,1.0,28,Normandie,76,2,96,LeHavre,166058,1780,167838.0
202200026112,2,10,2022,03:28,5,76.0,76447,2,1,1.0,1.0,MARECHAL FOCH,"49,5403600000","0,1874800000",,76.076447,76447,Seine-Maritime,28.0,Normandie,50.0,3.0,2.0,2,2.0,28,Normandie,76,2,15,Montivilliers,15457,203,15660.0
202200026252,10,11,2022,17:40,1,76.0,76503,1,1,1.0,1.0,Route d'Eslettes,"49,5413630000","1,0109140000",,76.076503,76503,Seine-Maritime,28.0,Normandie,80.0,3.0,2.0,2,1.0,28,Normandie,76,3,24,Pissy-PôvilLe1281,20,1301,
202200026352,22,7,2022,16:20,1,76.0,76498,2,2,1.0,6.0,Rue Pierre Corneille,"49,4270200000","1,0524900000",,76.076498,76498,Seine-Maritime,28.0,Normandie,50.0,4.0,2.0,2,1.0,28,Normandie,76,3,27,LePetit-Quevilly,21782,274,22056.0
202200026353,22,7,2022,07:00,1,76.0,76319,1,1,1.0,3.0,N138 - Sud 3,"49,3609879030","1,0355953410",,76.076319,76319,Seine-Maritime,28.0,Normandie,110.0,2.0,1.0,3,1.0,28,Normandie,76,3,9,Grand-Couronne,9726,177,9903.0
202200026356,20,7,2022,20:35,1,76.0,76351,2,4,1.0,4.0,VERDUN (RUE DE),"49,5022400000","0,1867400000",,76.076351,76351,Seine-Maritime,28.0,Normandie,50.0,3.0,2.0,3,1.0,28,Normandie,76,2,96,LeHavre,166058,1780,167838.0
202200026455,14,12,2022,10:30,1,76.0,76486,1,1,4.0,1.0,Route de Moulineaux,"49,3208340000","0,9910160000",,76.076486,76486,Seine-Maritime,28.0,Normandie,80.0,4.0,2.0,2,7.0,28,Normandie,76,3,9,Orival,860,5,865.0
202200026458,14,12,2022,07:15,5,76.0,76498,2,1,4.0,6.0,Avenue des Canadiens,"49,4136540000","1,0737310000",,76.076498,76498,Seine-Maritime,28.0,Normandie,50.0,4.0,2.0,2,5.0,28,Normandie,76,3,27,LePetit-Quevilly,21782,274,22056.0
202200026619,23,7,2022,07:30,1,76.0,76509,1,2,1.0,3.0,D15,"49,4935600000","1,2285380000",,76.076509,76509,Seine-Maritime,28.0,Normandie,80.0,3.0,2.0,2,1.0,28,Normandie,76,3,21,Préaux,1863,32,1895.0
202200026622,23,7,2022,10:50,1,76.0,76179,2,1,1.0,6.0,Rue Pierre Mauger,"49,5986970000","1,1106950000",,76.076179,76179,Seine-Maritime,28.0,Normandie,50.0,3.0,2.0,2,1.0,28,Normandie,76,3,2,Clères,1380,15,1395.0
202200026762,10,12,2022,22:41,5,76.0,76341,1,1,1.0,6.0,RD 6382,"49,5034309847","0,1941972971",,76.076341,76341,Seine-Maritime,28.0,Normandie,90.0,3.0,3.0,4,1.0,28,Normandie,76,2,15,Harfleur,8315,53,8368.0
202200026776,22,7,2022,22:08,2,76.0,76276,2,1,1.0,6.0,106 Avenue des Sources,"49,6094020000","1,5343600000",,76.076276,76276,Seine-Maritime,28.0,Normandie,50.0,3.0,2.0,2,1.0,28,Normandie,76,1,12,Forges-les-Eaux,3702,157,3859.0
202200026904,6,3,2022,15:45,1,76.0,76600,2,1,1.0,6.0,RTE D EPREVILLE,"49,7343210000","0,3555650000",,76.076600,76600,Seine-Maritime,28.0,Normandie,70.0,3.0,2.0,2,1.0,28,Normandie,76,2,11,Saint-Léonard,1713,34,1747.0
202200027017,6,3,2022,00:40,5,76.0,76540,2,1,9.0,6.0,Avenue du mont Riboudet,"49,4443000000","1,0752000000",,76.076540,76540,Seine-Maritime,28.0,Normandie,50.0,7.0,1.0,2,1.0,28,Normandie,76,3,97,Rouen,114083,1556,115639.0
202200027075,1,9,2022,07:55,1,76.0,76516,1,1,1.0,1.0,D928,"49,7208170000","1,4254760000",,76.076516,76516,Seine-Maritime,28.0,Normandie,70.0,3.0,3.0,2,1.0,28,Normandie,76,1,23,Quièvrecourt,406,18,424.0
202200027076,28,8,2022,23:15,3,76.0,76415,1,1,1.0,6.0,D 915,"49,6848530000","1,3759090000",,76.076415,76415,Seine-Maritime,28.0,Normandie,80.0,3.0,2.0,2,1.0,28,Normandie,76,1,23,Massy,320,5,325.0
202200027112,30,8,2022,21:45,3,76.0,76447,2,4,1.0,2.0,MANOIR (DU),"49,5555000000","0,1679800000",,76.076447,76447,Seine-Maritime,28.0,Normandie,50.0,3.0,2.0,2,1.0,28,Normandie,76,2,15,Montivilliers,15457,203,15660.0
202200027113,31,8,2022,18:09,1,76.0,76329,1,1,1.0,1.0,VALLEE DE LA FONTAINE MUREE (LA),"49,5406200000","0,5118600000",,76.076329,76329,Seine-Maritime,28.0,Normandie,70.0,4.0,2.0,1,1.0,28,Normandie,76,2,3,Gruchet-le-Valasse,3074,39,3113.0
202200027221,17,4,2022,15:00,1,76.0,76305,1,1,1.0,2.0,A131,"49,4969880000","0,2303080000",,76.076305,76305,Seine-Maritime,28.0,Normandie,130.0,1.0,3.0,4,1.0,28,Normandie,76,2,16,Gonfreville-l'Orcher,8961,44,9005.0
202200027331,13,4,2022,17:15,1,76.0,76351,2,1,1.0,6.0,FREDERIC BELLANGER,"49,4954300000","0,0994200000",,76.076351,76351,Seine-Maritime,28.0,Normandie,50.0,4.0,2.0,2,1.0,28,Normandie,76,2,96,LeHavre,166058,1780,167838.0
202200027332,12,4,2022,19:05,1,76.0,76351,2,2,1.0,3.0,GLYCINES (DES),"49,5065800000","0,1589400000",,76.076351,76351,Seine-Maritime,28.0,Normandie,50.0,4.0,2.0,2,1.0,28,Normandie,76,2,96,LeHavre,166058,1780,167838.0
202200027336,20,6,2022,14:20,1,76.0,76657,1,1,1.0,2.0,A131,"49,4850310000","0,3229350000",,76.076657,76657,Seine-Maritime,28.0,Normandie,110.0,1.0,1.0,4,1.0,28,Normandie,76,2,32,Saint-Vigor-d'YmonvilLe1167,24,1191,
202200027485,18,6,2022,19:00,1,76.0,76552,2,2,1.0,6.0,CAP ( RTE DU ),"49,5058100000","0,0812900000",,76.076552,76552,Seine-Maritime,28.0,Normandie,50.0,3.0,2.0,2,1.0,28,Normandie,76,2,19,Sainte-Adresse,7116,188,7304.0
202200027486,17,6,2022,17:35,1,76.0,76270,1,1,1.0,2.0,Route Départementale 31,"49,5525000000","0,1431200000",,76.076270,76270,Seine-Maritime,28.0,Normandie,70.0,3.0,2.0,4,1.0,28,Normandie,76,2,26,Fontaine-la-Mallet,2635,54,2689.0
202200027631,21,6,2022,13:55,1,76.0,76592,1,1,1.0,5.0,La Grand Route,"49,5058850000","0,5026940000",,76.076592,76592,Seine-Maritime,28.0,Normandie,70.0,3.0,-1.0,2,1.0,28,Normandie,76,2,3,Saint-Jean-de-FollevilLe800,26,826,
202200027636,21,6,2022,12:45,1,76.0,76030,1,3,2.0,7.0,D915,"49,8463510000","1,1270860000",,76.076030,76030,Seine-Maritime,28.0,Normandie,80.0,3.0,2.0,2,2.0,28,Normandie,76,1,7,Aubermesnil-Beaumais,518,3,521.0
202200027685,21,1,2022,14:35,1,76.0,76447,2,3,1.0,6.0,ANTOINE DE SAINT EXUPERY,"49,5493000000","0,1786700000",,76.076447,76447,Seine-Maritime,28.0,Normandie,50.0,3.0,2.0,2,1.0,28,Normandie,76,2,15,Montivilliers,15457,203,15660.0
202200027686,24,1,2022,08:15,2,76.0,76217,2,3,1.0,6.0,REPUBLIQUE (DE LA),"49,9217800000","1,0737600000",,76.076217,76217,Seine-Maritime,28.0,Normandie,50.0,4.0,1.0,1,1.0,28,Normandie,76,1,95,Dieppe,28358,455,28813.0
202200027858,10,11,2022,11:15,1,76.0,76624,2,3,1.0,3.0,Rue du Docteur Vitet,"49,8770290000","1,2209570000",,76.076624,76624,Seine-Maritime,28.0,Normandie,50.0,4.0,2.0,2,1.0,28,Normandie,76,1,8,Saint-Nicolas-d'Aliermont,3764,59,3823.0
202200027890,27,9,2022,13:40,1,76.0,76231,2,3,2.0,6.0,Rue Camille Randoing,"49,2875110000","1,0061400000",,76.076231,76231,Seine-Maritime,28.0,Normandie,50.0,4.0,2.0,2,2.0,28,Normandie,76,3,9,Elbeuf,15951,138,16089.0
202200027892,12,9,2022,21:50,5,76.0,76540,2,4,1.0,6.0,Avenue Jean Rondeaux,"49,4336670000","1,0754940000",,76.076540,76540,Seine-Maritime,28.0,Normandie,50.0,7.0,2.0,2,1.0,28,Normandie,76,3,97,Rouen,114083,1556,115639.0
202200027918,9,11,2022,07:50,1,76.0,76164,1,3,7.0,3.0,D982 route de caudebec,"49,5225360000","0,7556000000",,76.076164,76164,Seine-Maritime,28.0,Normandie,70.0,3.0,1.0,2,1.0,28,Normandie,76,3,25,Rives-en-Seine,4078,66,4144.0
202200028045,8,11,2022,10:50,1,76.0,76540,2,1,1.0,6.0,Quai Pierre Corneille,"49,4376100000","1,0940100000",,76.076540,76540,Seine-Maritime,28.0,Normandie,50.0,7.0,2.0,5,1.0,28,Normandie,76,3,97,Rouen,114083,1556,115639.0
202200028153,20,5,2022,12:20,1,76.0,76305,1,1,3.0,2.0,INDUSTRIELLE (ROUTE),"49,4817000000","0,2436100000",,76.076305,76305,Seine-Maritime,28.0,Normandie,70.0,4.0,3.0,4,2.0,28,Normandie,76,2,16,Gonfreville-l'Orcher,8961,44,9005.0
202200028155,18,5,2022,23:29,3,76.0,76476,2,9,1.0,6.0,1965 Route de l’Abbaye,"49,5139900000","0,6187900000",,76.076476,76476,Seine-Maritime,28.0,Normandie,70.0,3.0,2.0,1,1.0,28,Normandie,76,2,25,Port-Jérôme-sur-Seine,10387,172,10559.0
202200028238,18,9,2022,04:30,4,76.0,76006,2,1,1.0,1.0,Route de la Fosse au Loup,"49,6970830000","0,8216030000",,76.076006,76006,Seine-Maritime,28.0,Normandie,50.0,3.0,2.0,2,1.0,28,Normandie,76,3,35,Amfreville-les-Champs,184,4,188.0
202200028551,21,8,2022,19:45,2,76.0,76271,2,1,1.0,6.0,Rue du Rombosc,"49,5672480000","1,1503640000",,76.076271,76271,Seine-Maritime,28.0,Normandie,80.0,4.0,-1.0,1,1.0,28,Normandie,76,3,2,Fontaine-le-Bourg,1843,18,1861.0
202200028610,12,12,2022,11:45,1,76.0,76484,1,1,1.0,4.0,Pont de Tourville,"49,3386100000","1,1020600000",,76.076484,76484,Seine-Maritime,28.0,Normandie,70.0,7.0,2.0,2,1.0,28,Normandie,76,3,31,Oissel,12367,83,12450.0
202200028612,11,12,2022,02:00,5,76.0,76540,2,2,1.0,6.0,Rue de la Petite Chartreuse,"49,4364000000","1,1270100000",,76.076540,76540,Seine-Maritime,28.0,Normandie,50.0,4.0,1.0,2,1.0,28,Normandie,76,3,97,Rouen,114083,1556,115639.0
202200028614,11,12,2022,01:30,5,76.0,76540,1,1,8.0,7.0,N28,"49,4370800000","1,1098300000",,76.076540,76540,Seine-Maritime,28.0,Normandie,70.0,2.0,3.0,8,1.0,28,Normandie,76,3,97,Rouen,114083,1556,115639.0
202200028686,20,7,2022,17:20,1,76.0,76575,2,1,1.0,6.0,Avenue de Felling,"49,3932300000","1,0664500000",,76.076575,76575,Seine-Maritime,28.0,Normandie,30.0,4.0,2.0,2,1.0,28,Normandie,76,3,98,Saint-Étienne-du-Rouvray,28508,225,28733.0
202200028801,6,3,2022,18:55,2,76.0,76344,1,1,1.0,7.0,D9,"49,7094960000","1,6651150000",,76.076344,76344,Seine-Maritime,28.0,Normandie,80.0,3.0,2.0,2,1.0,28,Normandie,76,1,12,Haudricourt,440,9,449.0
202200028875,3,3,2022,23:30,3,76.0,76341,1,1,1.0,6.0,RD 6382,"49,5205200000","0,1904200000",,76.076341,76341,Seine-Maritime,28.0,Normandie,70.0,3.0,3.0,4,2.0,28,Normandie,76,2,15,Harfleur,8315,53,8368.0
202200028956,28,8,2022,17:15,1,76.0,76447,2,1,1.0,6.0,REPUBLIQUE,"49,5445500000","0,1902700000",,76.076447,76447,Seine-Maritime,28.0,Normandie,50.0,4.0,1.0,1,1.0,28,Normandie,76,2,15,Montivilliers,15457,203,15660.0
202200029112,27,8,2022,12:45,1,76.0,76351,2,2,1.0,6.0,Rue Guillemard,"49,4990000000","0,0945800000",,76.076351,76351,Seine-Maritime,28.0,Normandie,50.0,4.0,2.0,2,1.0,28,Normandie,76,2,96,LeHavre,166058,1780,167838.0
202200029126,28,8,2022,13:10,1,76.0,76319,1,1,1.0,7.0,N138 - Sud 3,"49,3573262763","1,0331803308",,76.076319,76319,Seine-Maritime,28.0,Normandie,110.0,2.0,1.0,2,1.0,28,Normandie,76,3,9,Grand-Couronne,9726,177,9903.0
202200029156,16,4,2022,05:20,3,76.0,76533,1,1,1.0,7.0,Route de Saint Aubin,"49,5095500000","0,2727480000",,76.076533,76533,Seine-Maritime,28.0,Normandie,80.0,4.0,2.0,2,1.0,28,Normandie,76,2,16,RogervilLe1706,19,1725,
202200029312,21,6,2022,17:20,1,76.0,76660,1,1,1.0,6.0,La Grande Côte,"49,5003820000","0,3116510000",,76.076660,76660,Seine-Maritime,28.0,Normandie,80.0,3.0,2.0,2,1.0,28,Normandie,76,2,32,SandouvilLe800,11,811,
202200029406,19,6,2022,18:11,1,76.0,76681,2,5,1.0,2.0,Rue Leon Blum,"49,4196500000","1,0901860000",,76.076681,76681,Seine-Maritime,28.0,Normandie,50.0,4.0,1.0,1,1.0,28,Normandie,76,3,99,Sotteville-lès-Rouen,28965,475,29440.0
202200029408,19,6,2022,02:20,5,76.0,76565,2,9,2.0,1.0,AVENUE DE LA LIBERATION,"49,8927800000","1,0748500000",,76.076565,76565,Seine-Maritime,28.0,Normandie,50.0,2.0,2.0,0,2.0,28,Normandie,76,1,7,Saint-Aubin-sur-Scie,1202,101,1303.0