Num_Acc,jour,mois,an,hrmn,lum,dep,com,agg,int,atm,col,adr,lat,long,gps,com_insee_temp,com_insee,departmentName,regionCode,regionName,vma,catr,circ,nbv,surf,Code,Region,Departement,Arrondissement,Code_Canton,Nom_Commune,Population_municipaLe,Population_comptee_a_part,Population_Totale
202200044141,11,7,2022,15:50,1,76.0,76103,2,3,1.0,3.0,Route de Paris,"49,4279900000","1,1176000000",,76.076103,76103,Seine-Maritime,28.0,Normandie,30.0,7.0,2.0,2,1.0,28,Normandie,76,3,6,Bonsecours,6455,95,6550.0
202200044143,10,7,2022,01:30,3,76.0,76270,1,1,1.0,4.0,D6382,"49,5292300000","0,1479100000",,76.076270,76270,Seine-Maritime,28.0,Normandie,90.0,3.0,3.0,4,1.0,28,Normandie,76,2,26,Fontaine-la-Mallet,2635,54,2689.0
202200044145,8,7,2022,13:50,1,76.0,76351,2,2,1.0,3.0,CASIMIR DELAVIGNE,"49,4938600000","0,1183700000",,76.076351,76351,Seine-Maritime,28.0,Normandie,50.0,4.0,2.0,2,1.0,28,Normandie,76,2,96,LeHavre,166058,1780,167838.0
202200044367,18,8,2022,11:45,1,76.0,76540,2,1,1.0,6.0,Rampe Saint Hilaire,"49,4461200000","1,1081700000",,76.076540,76540,Seine-Maritime,28.0,Normandie,50.0,4.0,2.0,3,1.0,28,Normandie,76,3,97,Rouen,114083,1556,115639.0
202200044371,17,8,2022,19:50,1,76.0,76322,1,1,2.0,3.0,N338 - Sud 3,"49,4046900000","1,0348800000",,76.076322,76322,Seine-Maritime,28.0,Normandie,90.0,2.0,3.0,6,2.0,28,Normandie,76,3,13,LeGrand-Quevilly,25975,225,26200.0
202200044373,17,8,2022,02:25,5,76.0,76447,2,4,1.0,6.0,FAUBOURG ASSIQUET,"49,5469700000","0,1957500000",,76.076447,76447,Seine-Maritime,28.0,Normandie,50.0,3.0,2.0,2,1.0,28,Normandie,76,2,15,Montivilliers,15457,203,15660.0
202200044380,18,8,2022,10:30,1,76.0,76217,2,4,1.0,3.0,Avenue Leon Gambetta,"49,9177000000","1,0742800000",,76.076217,76217,Seine-Maritime,28.0,Normandie,50.0,3.0,2.0,3,1.0,28,Normandie,76,1,95,Dieppe,28358,455,28813.0
202200044405,18,2,2022,07:25,2,76.0,76351,2,2,1.0,3.0,PONTS (DES),"49,5209483681","0,1245074719",,76.076351,76351,Seine-Maritime,28.0,Normandie,50.0,4.0,2.0,2,1.0,28,Normandie,76,2,96,LeHavre,166058,1780,167838.0
202200044553,12,7,2022,08:50,1,76.0,76558,2,1,1.0,1.0,17 Rue de l'Eglise,"49,3664540000","1,1583710000",,76.076558,76558,Seine-Maritime,28.0,Normandie,30.0,7.0,2.0,2,1.0,28,Normandie,76,3,6,Saint-Aubin-CellovilLe1181,8,1189,
202200044654,1,4,2022,14:50,1,76.0,76351,2,1,9.0,6.0,JULES DURAND (BD),"49,4899000000","0,1567700000",,76.076351,76351,Seine-Maritime,28.0,Normandie,50.0,3.0,2.0,2,2.0,28,Normandie,76,2,96,LeHavre,166058,1780,167838.0
202200044658,1,4,2022,10:00,1,76.0,76351,2,9,2.0,3.0,ROBERT SCHUMAN (PLACE),"49,5139300000","0,1619800000",,76.076351,76351,Seine-Maritime,28.0,Normandie,50.0,6.0,-1.0, -1,2.0,28,Normandie,76,2,96,LeHavre,166058,1780,167838.0
202200044806,12,6,2022,18:45,1,76.0,76146,2,3,1.0,3.0,Grande Rue,"49,5844420000","1,3570420000",,76.076146,76146,Seine-Maritime,28.0,Normandie,50.0,3.0,2.0,2,1.0,28,Normandie,76,3,21,Buchy,2805,108,2913.0
202200044810,11,6,2022,15:00,1,76.0,76100,2,1,1.0,7.0,D7,"49,5024700000","1,2974610000",,76.076100,76100,Seine-Maritime,28.0,Normandie,50.0,3.0,2.0,2,1.0,28,Normandie,76,3,21,Blainville-Crevon,1227,19,1246.0
202200045040,14,8,2022,06:35,1,76.0,76351,2,4,1.0,7.0,INGOUVILLE (RUE),"49,4986900000","0,1070900000",,76.076351,76351,Seine-Maritime,28.0,Normandie,50.0,4.0,2.0,2,1.0,28,Normandie,76,2,96,LeHavre,166058,1780,167838.0
202200045044,17,8,2022,19:09,1,76.0,76114,2,9,1.0,3.0,MICHEL LOUISE (RUE),"49,5683164873","0,4854100943",,76.076114,76114,Seine-Maritime,28.0,Normandie,50.0,4.0,1.0,2,1.0,28,Normandie,76,2,3,Bolbec,11635,147,11782.0
202200045137,26,10,2022,18:25,1,76.0,76351,2,1,1.0,6.0,VERDUN (RUE DE),"49,5023600000","0,1866800000",,76.076351,76351,Seine-Maritime,28.0,Normandie,50.0,3.0,-1.0,3,1.0,28,Normandie,76,2,96,LeHavre,166058,1780,167838.0
202200045141,27,10,2022,18:15,1,76.0,76217,2,1,1.0,3.0,GAMBETTA (AVENUE),"49,9217300000","1,0732400000",,76.076217,76217,Seine-Maritime,28.0,Normandie,30.0,3.0,3.0,3,1.0,28,Normandie,76,1,95,Dieppe,28358,455,28813.0
202200045147,27,10,2022,15:45,1,76.0,76217,2,2,1.0,3.0,Normandie Sussex (Avenue),"49,9181800000","1,0872000000",,76.076217,76217,Seine-Maritime,28.0,Normandie,50.0,4.0,3.0,4,1.0,28,Normandie,76,1,95,Dieppe,28358,455,28813.0
202200045151,27,10,2022,08:00,2,76.0,76217,2,6,2.0,3.0,POISSONNERIE (ARCADES DE LA ),"49,9264200000","1,0800500000",,76.076217,76217,Seine-Maritime,28.0,Normandie,30.0,3.0,1.0,2,2.0,28,Normandie,76,1,95,Dieppe,28358,455,28813.0
202200045283,31,3,2022,17:05,1,76.0,76540,2,2,2.0,6.0,Avenue du Mont Riboudet,"49,4464130000","1,0707940000",,76.076540,76540,Seine-Maritime,28.0,Normandie,50.0,7.0,1.0,3,2.0,28,Normandie,76,3,97,Rouen,114083,1556,115639.0
202200045459,8,5,2022,04:00,5,76.0,76165,2,1,1.0,6.0,Rue de la Porte Verte,"49,2849700000","1,0276900000",,76.076165,76165,Seine-Maritime,28.0,Normandie,50.0,4.0,2.0,2,1.0,28,Normandie,76,3,5,Caudebec-lès-Elbeuf,10135,69,10204.0
202200045460,10,5,2022,17:40,1,76.0,76351,2,4,1.0,4.0,BERNARD LACHEVRE,"49,5196400000","0,1106300000",,76.076351,76351,Seine-Maritime,28.0,Normandie,50.0,4.0,2.0,2,1.0,28,Normandie,76,2,96,LeHavre,166058,1780,167838.0
202200045592,12,1,2022,19:55,3,76.0,76618,1,1,5.0,6.0,43 rue des champs,"49,9350430000","1,2779440000",,76.076618,76618,Seine-Maritime,28.0,Normandie,80.0,3.0,-1.0,2,6.0,28,Normandie,76,1,8,Petit-Caux,9625,210,9835.0
202200045652,10,1,2022,21:10,3,76.0,76540,2,1,1.0,6.0,Boulevard Gambetta,"49,4372917489","1,1035922170",,76.076540,76540,Seine-Maritime,28.0,Normandie,30.0,4.0,2.0,2,1.0,28,Normandie,76,3,97,Rouen,114083,1556,115639.0
202200045653,9,1,2022,04:30,3,76.0,76447,1,1,1.0,1.0,RAOUL DUFY,"49,5635430046","0,1596826315",,76.076447,76447,Seine-Maritime,28.0,Normandie,70.0,3.0,2.0,2,2.0,28,Normandie,76,2,15,Montivilliers,15457,203,15660.0
202200045810,23,9,2022,10:45,1,76.0,76686,1,2,1.0,3.0,Intersection D10 / rue des pivoines,"49,7534690000","0,5389680000",,76.076686,76686,Seine-Maritime,28.0,Normandie,80.0,3.0,2.0,1,1.0,28,Normandie,76,2,11,Theuville-aux-Maillots,530,8,538.0
202200045878,23,9,2022,22:50,3,76.0,76164,1,1,2.0,6.0,D490,"49,5328820000","0,7547090000",,76.076164,76164,Seine-Maritime,28.0,Normandie,80.0,3.0,2.0,2,2.0,28,Normandie,76,3,25,Rives-en-Seine,4078,66,4144.0
202200045981,22,9,2022,21:15,5,76.0,76178,2,6,1.0,1.0,Rue de la Résistance,"49,3200600000","1,0444600000",,76.076178,76178,Seine-Maritime,28.0,Normandie,30.0,7.0,1.0,1,1.0,28,Normandie,76,3,5,Cléon,4907,30,4937.0
202200045984,22,9,2022,10:15,1,76.0,76351,2,6,1.0,6.0,GEORGES BRAQUE (RUE),"49,4952100000","0,1053500000",,76.076351,76351,Seine-Maritime,28.0,Normandie,50.0,4.0,2.0,2,1.0,28,Normandie,76,2,96,LeHavre,166058,1780,167838.0
202200046151,18,8,2022,15:30,1,76.0,76100,2,3,1.0,3.0,Route de Saint-Arnoult,"49,4943540000","1,2876430000",,76.076100,76100,Seine-Maritime,28.0,Normandie,70.0,3.0,2.0,2,1.0,28,Normandie,76,3,21,Blainville-Crevon,1227,19,1246.0
202200046216,10,6,2022,13:00,1,76.0,76484,2,2,1.0,1.0,Avenue du Général de Gaulle,"49,3428330000","1,0903600000",,76.076484,76484,Seine-Maritime,28.0,Normandie,50.0,7.0,2.0,2,1.0,28,Normandie,76,3,31,Oissel,12367,83,12450.0
202200046221,10,6,2022,08:00,1,76.0,76322,2,6,1.0,2.0,Avenue Franklin Roosevelt,"49,3996223985","1,0561949225",,76.076322,76322,Seine-Maritime,28.0,Normandie,50.0,4.0,1.0,1,1.0,28,Normandie,76,3,13,LeGrand-Quevilly,25975,225,26200.0
202200046232,10,7,2022,08:08,1,76.0,76322,2,2,1.0,2.0,Boulevard Maurice Ravel,"49,4080100000","1,0458500000",,76.076322,76322,Seine-Maritime,28.0,Normandie,50.0,7.0,2.0,2,1.0,28,Normandie,76,3,13,LeGrand-Quevilly,25975,225,26200.0
202200046234,9,7,2022,18:15,1,76.0,76319,2,1,1.0,6.0,Rue des Mesliers,"49,3578070000","1,0133770000",,76.076319,76319,Seine-Maritime,28.0,Normandie,50.0,4.0,2.0,2,1.0,28,Normandie,76,3,9,Grand-Couronne,9726,177,9903.0
202200046240,9,7,2022,06:15,1,76.0,76540,2,2,1.0,1.0,Rue du Vieux Palais,"49,4418400000","1,0862200000",,76.076540,76540,Seine-Maritime,28.0,Normandie,5.0,4.0,1.0,1,1.0,28,Normandie,76,3,97,Rouen,114083,1556,115639.0
202200046245,9,7,2022,09:00,1,76.0,76108,2,1,7.0,2.0,Route de Neufchâtel,"49,4845400000","1,1354500000",,76.076108,76108,Seine-Maritime,28.0,Normandie,50.0,7.0,2.0,2,1.0,28,Normandie,76,3,2,Bois-Guillaume,14262,361,14623.0
202200046255,7,7,2022,18:15,1,76.0,76540,2,2,1.0,3.0,Avenue Jean Rondeaux,"49,4389400000","1,0800200000",,76.076540,76540,Seine-Maritime,28.0,Normandie,50.0,7.0,2.0,4,1.0,28,Normandie,76,3,97,Rouen,114083,1556,115639.0
202200046259,5,7,2022,18:00,1,76.0,76351,2,1,1.0,3.0,VERDUN (RUE DE),"49,5024020000","0,1766700000",,76.076351,76351,Seine-Maritime,28.0,Normandie,50.0,4.0,2.0,3,1.0,28,Normandie,76,2,96,LeHavre,166058,1780,167838.0
202200046264,12,6,2022,17:20,1,76.0,76351,2,6,1.0,3.0,VAUBAN,"49,4889400000","0,1198700000",,76.076351,76351,Seine-Maritime,28.0,Normandie,50.0,4.0,2.0,2,1.0,28,Normandie,76,2,96,LeHavre,166058,1780,167838.0
202200046268,10,6,2022,13:10,1,76.0,76481,1,1,1.0,2.0,D6382,"49,5329507937","0,1153805852",,76.076481,76481,Seine-Maritime,28.0,Normandie,90.0,3.0,3.0,4,1.0,28,Normandie,76,2,26,Octeville-sur-Mer,6122,119,6241.0
202200046377,16,8,2022,11:00,1,76.0,76322,2,1,1.0,6.0,Avenue des Provinces,"49,4083400000","1,0507300000",,76.076322,76322,Seine-Maritime,28.0,Normandie,50.0,4.0,2.0,3,1.0,28,Normandie,76,3,13,LeGrand-Quevilly,25975,225,26200.0
202200046382,13,8,2022,13:50,1,76.0,76351,2,1,1.0,6.0,CLEMENCEAU (BD),"49,4904100000","0,0973800000",,76.076351,76351,Seine-Maritime,28.0,Normandie,50.0,4.0,2.0,2,1.0,28,Normandie,76,2,96,LeHavre,166058,1780,167838.0
202200046625,16,8,2022,20:25,1,76.0,76688,2,1,1.0,7.0,Route de Valmont,"49,7415520000","0,5108210000",,76.076688,76688,Seine-Maritime,28.0,Normandie,50.0,3.0,2.0,2,1.0,28,Normandie,76,2,11,ThiergevilLe399,11,410,
202200046629,16,8,2022,22:20,5,76.0,76550,1,1,1.0,6.0,La Grande Voie,"49,3761000000","0,9289240000",,76.076550,76550,Seine-Maritime,28.0,Normandie,50.0,7.0,2.0,2,1.0,28,Normandie,76,3,4,Sahurs,1219,17,1236.0
202200046664,28,10,2022,09:50,1,76.0,76243,1,1,1.0,3.0,Rue des Prairies,"49,5321720000","1,3613820000",,76.076243,76243,Seine-Maritime,28.0,Normandie,80.0,3.0,2.0,2,1.0,28,Normandie,76,3,21,Ernemont-sur-Buchy,294,2,296.0
202200046753,11,6,2022,16:03,1,76.0,76594,1,3,1.0,3.0,rd6015 rk23+500,"49,4946540000","1,0118690000",,76.076594,76594,Seine-Maritime,28.0,Normandie,80.0,3.0,2.0,3,1.0,28,Normandie,76,3,24,Saint-Jean-du-Cardonnay,1340,27,1367.0
202200046892,30,3,2022,12:29,1,76.0,76217,2,1,8.0,6.0,REPUBLIQUE (AVENUE DE LA),"49,9267000000","1,0954000000",,76.076217,76217,Seine-Maritime,28.0,Normandie,50.0,4.0,4.0,3,1.0,28,Normandie,76,1,95,Dieppe,28358,455,28813.0
202200046896,21,3,2022,01:15,5,76.0,76681,2,1,2.0,2.0,Boulevard Industriel,"49,4217400000","1,1065100000",,76.076681,76681,Seine-Maritime,28.0,Normandie,70.0,7.0,3.0,4,2.0,28,Normandie,76,3,99,Sotteville-lès-Rouen,28965,475,29440.0
202200047009,26,10,2022,10:20,1,76.0,76540,2,7,6.0,6.0,Place du General de Gaulle,"49,4437300000","1,0953300000",,76.076540,76540,Seine-Maritime,28.0,Normandie,30.0,4.0,2.0,2,1.0,28,Normandie,76,3,97,Rouen,114083,1556,115639.0
202200047012,25,10,2022,20:05,3,76.0,76447,2,1,2.0,2.0,RD 489,"49,5326600000","0,1863500000",,76.076447,76447,Seine-Maritime,28.0,Normandie,50.0,3.0,1.0,1,2.0,28,Normandie,76,2,15,Montivilliers,15457,203,15660.0
202200047014,25,10,2022,17:00,1,76.0,76305,2,1,1.0,7.0,INDUSTRIELLE (ROUTE),"49,4875700000","0,2081100000",,76.076305,76305,Seine-Maritime,28.0,Normandie,50.0,4.0,2.0,2,1.0,28,Normandie,76,2,16,Gonfreville-l'Orcher,8961,44,9005.0
202200047196,29,3,2022,22:05,5,76.0,76351,2,1,1.0,7.0,FRANCOIS 1ER (BD),"49,4953400000","0,0961400000",,76.076351,76351,Seine-Maritime,28.0,Normandie,50.0,4.0,2.0,2,1.0,28,Normandie,76,2,96,LeHavre,166058,1780,167838.0
202200047200,29,3,2022,17:07,1,76.0,76351,2,9,1.0,3.0,CAVEE VERTE (RUE DE LA),"49,5067600000","0,1200500000",,76.076351,76351,Seine-Maritime,28.0,Normandie,50.0,4.0,2.0,2,1.0,28,Normandie,76,2,96,LeHavre,166058,1780,167838.0
202200047203,30,3,2022,21:00,5,76.0,76026,2,1,1.0,6.0,CHAUSSEE (RUE DE LA),"49,8805500000","1,1299900000",,76.076026,76026,Seine-Maritime,28.0,Normandie,50.0,4.0,-1.0,2,1.0,28,Normandie,76,1,8,Arques-la-BatailLe2480,44,2524,
202200047374,6,5,2022,12:30,1,76.0,76540,2,1,1.0,6.0,Rue Jean Lecanuet,"49,4439000000","1,0962500000",,76.076540,76540,Seine-Maritime,28.0,Normandie,30.0,4.0,2.0,2,1.0,28,Normandie,76,3,97,Rouen,114083,1556,115639.0
202200047375,20,4,2022,16:06,1,76.0,76540,2,2,1.0,2.0,Avenue du Grand Cours,"49,4255400000","1,1057700000",,76.076540,76540,Seine-Maritime,28.0,Normandie,70.0,7.0,3.0,4,1.0,28,Normandie,76,3,97,Rouen,114083,1556,115639.0
202200047376,9,5,2022,17:26,1,76.0,76217,2,1,1.0,6.0,VICTOIRE (DE LA),"49,9262100000","1,0986600000",,76.076217,76217,Seine-Maritime,28.0,Normandie,30.0,4.0,1.0,1,1.0,28,Normandie,76,1,95,Dieppe,28358,455,28813.0
202200047377,4,5,2022,14:50,1,76.0,76217,2,3,1.0,3.0,VERDUN (BOULEVARD DE),"49,9304900000","1,0821300000",,76.076217,76217,Seine-Maritime,28.0,Normandie,30.0,4.0,2.0,2,1.0,28,Normandie,76,1,95,Dieppe,28358,455,28813.0
202200047486,8,1,2022,15:55,1,76.0,76259,2,1,3.0,2.0,Rue Gustave Couturier,"49,7527000000","0,3917500000",,76.076259,76259,Seine-Maritime,28.0,Normandie,50.0,4.0,3.0,2,2.0,28,Normandie,76,2,11,Fécamp,18016,269,18285.0
202200047513,10,1,2022,13:15,1,76.0,76624,2,9,1.0,6.0,rue robert le franc,"49,8759400000","1,2382870000",,76.076624,76624,Seine-Maritime,28.0,Normandie,50.0,3.0,3.0,2,1.0,28,Normandie,76,1,8,Saint-Nicolas-d'Aliermont,3764,59,3823.0
202200047524,8,1,2022,18:15,3,76.0,76667,1,1,3.0,5.0,rn 27,"49,8494330000","1,0712740000",,76.076667,76667,Seine-Maritime,28.0,Normandie,90.0,2.0,2.0,2,3.0,28,Normandie,76,1,7,SauquevilLe346,10,356,
202200047581,8,1,2022,11:20,1,76.0,76005,2,1,2.0,6.0,Route de Paris,"49,4182900000","1,1178900000",,76.076005,76005,Seine-Maritime,28.0,Normandie,30.0,7.0,2.0,2,2.0,28,Normandie,76,3,6,Amfreville-la-Mi-Voie,3296,30,3326.0
202200047762,21,9,2022,10:30,1,76.0,76709,2,1,1.0,6.0,280 Rue Raymond Brétéché,"49,4829460000","0,8079010000",,76.076709,76709,Seine-Maritime,28.0,Normandie,50.0,7.0,2.0,2,1.0,28,Normandie,76,3,1,LeTrait,4780,38,4818.0
202200047765,17,9,2022,17:10,1,76.0,76312,2,1,1.0,6.0,Boulevard des Capucins,"49,4845690000","1,7172570000",,76.076312,76312,Seine-Maritime,28.0,Normandie,50.0,2.0,2.0,2,1.0,28,Normandie,76,1,12,Gournay-en-Bray,5944,85,6029.0
202200047842,18,2,2022,18:00,2,76.0,76391,1,1,6.0,1.0,Rue Frété,"49,3021080000","0,9717720000",,76.076391,76391,Seine-Maritime,28.0,Normandie,80.0,4.0,2.0,2,1.0,28,Normandie,76,3,9,La Londe,2362,71,2433.0
202200047846,18,2,2022,01:00,5,76.0,76231,2,9,2.0,6.0,Rue Sevestre Aine,"49,2899100000","1,0009400000",,76.076231,76231,Seine-Maritime,28.0,Normandie,50.0,4.0,2.0,2,2.0,28,Normandie,76,3,9,Elbeuf,15951,138,16089.0
202200047973,9,6,2022,17:20,1,76.0,76540,2,1,1.0,6.0,Rue d'Emendreville,"49,4290400000","1,0951800000",,76.076540,76540,Seine-Maritime,28.0,Normandie,30.0,4.0,1.0,1,1.0,28,Normandie,76,3,97,Rouen,114083,1556,115639.0
202200048230,18,2,2022,10:15,1,76.0,76258,2,2,6.0,6.0,Rue Charles de Gaulle,"49,6521200000","0,5920710000",,76.076258,76258,Seine-Maritime,28.0,Normandie,50.0,3.0,2.0,2,2.0,28,Normandie,76,2,33,Terres-de-Caux,4208,112,4320.0
202200048309,16,8,2022,14:10,1,76.0,76647,1,3,1.0,2.0,D6015,"49,5378540000","0,3719260000",,76.076647,76647,Seine-Maritime,28.0,Normandie,70.0,3.0,2.0,2,1.0,28,Normandie,76,2,32,Saint-Romain-de-Colbosc,4436,43,4479.0
202200048320,11,2,2022,16:55,1,76.0,76618,2,1,7.0,3.0,Rue de la Grand Mare,"49,9360130000","1,3175120000",,76.076618,76618,Seine-Maritime,28.0,Normandie,50.0,3.0,2.0,2,1.0,28,Normandie,76,1,8,Petit-Caux,9625,210,9835.0
202200048342,27,10,2022,04:50,3,76.0,76647,1,1,1.0,1.0,D6015,"49,5392390000","0,3759380000",,76.076647,76647,Seine-Maritime,28.0,Normandie,-1.0,3.0,2.0,2,1.0,28,Normandie,76,2,32,Saint-Romain-de-Colbosc,4436,43,4479.0
202200048360,14,8,2022,23:20,4,76.0,76165,2,3,1.0,3.0,Rue de la République,"49,2837200000","1,0168500000",,76.076165,76165,Seine-Maritime,28.0,Normandie,30.0,4.0,1.0,1,1.0,28,Normandie,76,3,5,Caudebec-lès-Elbeuf,10135,69,10204.0
202200048483,19,2,2022,10:30,1,76.0,76261,1,1,1.0,6.0,D921,"49,5774880000","1,5427500000",,76.076261,76261,Seine-Maritime,28.0,Normandie,80.0,3.0,2.0,2,2.0,28,Normandie,76,1,12,La Ferté-Saint-Samson,444,11,455.0
202200048577,24,10,2022,08:05,1,76.0,76217,2,6,2.0,3.0,ARQUES (CHAUSSEE DE L'),"49,9154250000","1,0947790000",,76.076217,76217,Seine-Maritime,28.0,Normandie,50.0,4.0,1.0,2,2.0,28,Normandie,76,1,95,Dieppe,28358,455,28813.0
202200048714,15,8,2022,19:35,1,76.0,76381,1,1,1.0,1.0,D7,"49,7745483535","1,6181015968",,76.076381,76381,Seine-Maritime,28.0,Normandie,80.0,3.0,2.0,2,1.0,28,Normandie,76,1,12,Landes-Vieilles-et-Neuves,127,1,128.0
202200048719,14,8,2022,14:30,1,76.0,76245,1,1,1.0,7.0,Zone d'activité du Polen,"49,5504050000","1,0474990000",,76.076245,76245,Seine-Maritime,28.0,Normandie,50.0,5.0,2.0,2,1.0,28,Normandie,76,3,24,Eslettes,1641,16,1657.0
202200048737,15,2,2022,19:45,5,76.0,76351,2,2,2.0,6.0,WINSTON CHURCHILL,"49,4940800000","0,1384600000",,76.076351,76351,Seine-Maritime,28.0,Normandie,50.0,4.0,2.0,7,2.0,28,Normandie,76,2,96,LeHavre,166058,1780,167838.0
202200048839,10,6,2022,14:00,1,76.0,76086,1,1,1.0,1.0,Rue de la cailloutière,"49,6656672821","0,9993106127",,76.076086,76086,Seine-Maritime,28.0,Normandie,80.0,4.0,2.0,2,1.0,28,Normandie,76,1,20,Bertrimont,217,2,219.0
202200048890,14,8,2022,10:55,1,76.0,76147,1,1,1.0,6.0,DEPARTEMENTALE 48 PK/PR20+150,"49,7343836638","1,3802486658",,76.076147,76147,Seine-Maritime,28.0,Normandie,80.0,3.0,2.0,2,1.0,28,Normandie,76,1,23,Bully,883,22,905.0
202200048992,25,10,2022,18:55,5,76.0,76675,2,1,1.0,7.0,1810 Route des Huniers,"49,6045100000","1,0373070000",,76.076675,76675,Seine-Maritime,28.0,Normandie,-1.0,4.0,2.0,1,2.0,28,Normandie,76,3,2,SiervilLe1108,16,1124,
202200049014,29,3,2022,20:20,5,76.0,76231,2,1,6.0,3.0,Rue des Martyrs,"49,2879900000","1,0071000000",,76.076231,76231,Seine-Maritime,28.0,Normandie,50.0,4.0,2.0,2,1.0,28,Normandie,76,3,9,Elbeuf,15951,138,16089.0
202200049016,29,3,2022,09:50,2,76.0,76575,1,6,2.0,1.0,Boulevard Lénine,"49,3678760000","1,1067500000",,76.076575,76575,Seine-Maritime,28.0,Normandie,50.0,7.0,1.0,3,2.0,28,Normandie,76,3,98,Saint-Étienne-du-Rouvray,28508,225,28733.0
202200049019,28,3,2022,19:20,1,76.0,76552,2,3,1.0,1.0,ALBERT DUBOSC,"49,5050833758","0,0862517953",,76.076552,76552,Seine-Maritime,28.0,Normandie,40.0,3.0,2.0,2,1.0,28,Normandie,76,2,19,Sainte-Adresse,7116,188,7304.0
202200049020,28,3,2022,17:15,1,76.0,76351,2,1,1.0,6.0,CLEMENT MARICAL,"49,4994000000","0,0947100000",,76.076351,76351,Seine-Maritime,28.0,Normandie,50.0,4.0,1.0,1,1.0,28,Normandie,76,2,96,LeHavre,166058,1780,167838.0
202200049194,11,5,2022,07:45,1,76.0,76159,2,1,7.0,6.0,Route d Ocqueville,"49,7887570000","0,6424160000",,76.076159,76159,Seine-Maritime,28.0,Normandie,30.0,4.0,2.0,2,1.0,28,Normandie,76,1,33,Cany-BarvilLe2947,46,2993,
202200049323,8,5,2022,21:50,5,76.0,76600,2,4,1.0,3.0,ETRETAT ( ROUTE D'),"49,7506247535","0,3637236357",,76.076600,76600,Seine-Maritime,28.0,Normandie,50.0,3.0,2.0,2,1.0,28,Normandie,76,2,11,Saint-Léonard,1713,34,1747.0
202200049422,7,1,2022,01:40,5,76.0,76351,2,1,1.0,6.0,CLEMENT MARICAL,"49,5018961151","0,0975872576",,76.076351,76351,Seine-Maritime,28.0,Normandie,50.0,4.0,1.0,1,2.0,28,Normandie,76,2,96,LeHavre,166058,1780,167838.0
202200049776,29,11,2022,14:35,1,76.0,76355,1,1,1.0,1.0,Rue Paul Cauchy,"49,7017970000","0,7034090000",,76.076355,76355,Seine-Maritime,28.0,Normandie,80.0,3.0,2.0,2,1.0,28,Normandie,76,3,35,Héricourt-en-Caux,959,13,972.0
202200049779,29,11,2022,14:00,1,76.0,76400,2,1,1.0,6.0,Rue du General de Gaulle,"49,8284830000","0,9124530000",,76.076400,76400,Seine-Maritime,28.0,Normandie,50.0,3.0,2.0,2,1.0,28,Normandie,76,1,20,Luneray,2170,36,2206.0
202200049928,24,10,2022,17:30,1,76.0,76540,2,2,1.0,3.0,Boulevard des Belges,"49,4441100000","1,0854700000",,76.076540,76540,Seine-Maritime,28.0,Normandie,50.0,7.0,2.0,4,1.0,28,Normandie,76,3,97,Rouen,114083,1556,115639.0
202200049933,23,10,2022,21:55,5,76.0,76296,1,1,1.0,7.0,LIBERATION (RUE DE LA ),"49,5173300000","0,2463200000",,76.076296,76296,Seine-Maritime,28.0,Normandie,70.0,3.0,2.0,2,1.0,28,Normandie,76,2,16,GainnevilLe2511,39,2550,
202200049938,24,10,2022,07:40,2,76.0,76414,2,1,1.0,3.0,LOUIS BLERIOT (RUE ),"49,9249581323","1,1216488481",,76.076414,76414,Seine-Maritime,28.0,Normandie,50.0,4.0,2.0,2,1.0,28,Normandie,76,1,8,Martin-Église,1600,55,1655.0
202200050058,25,11,2022,08:00,2,76.0,76259,2,9,1.0,6.0,VALMONT ( ROUTE DE),"49,7541738429","0,4059219358",,76.076259,76259,Seine-Maritime,28.0,Normandie,50.0,3.0,2.0,2,2.0,28,Normandie,76,2,11,Fécamp,18016,269,18285.0
202200050104,18,9,2022,20:50,3,76.0,76033,2,1,1.0,6.0,D925,"49,6810970000","0,3615190000",,76.076033,76033,Seine-Maritime,28.0,Normandie,70.0,3.0,2.0,2,1.0,28,Normandie,76,2,32,Auberville-la-Renault,453,9,462.0
202200050122,16,2,2022,17:10,1,76.0,76540,2,1,2.0,3.0,Avenue Jean Rondeaux,"49,4371100000","1,0786400000",,76.076540,76540,Seine-Maritime,28.0,Normandie,50.0,7.0,2.0,4,2.0,28,Normandie,76,3,97,Rouen,114083,1556,115639.0
202200050129,16,2,2022,06:50,5,76.0,76575,2,1,2.0,3.0,Rue Julian Grimau,"49,3892000000","1,0916410000",,76.076575,76575,Seine-Maritime,28.0,Normandie,50.0,4.0,2.0,2,2.0,28,Normandie,76,3,98,Saint-Étienne-du-Rouvray,28508,225,28733.0
202200050142,14,8,2022,20:12,1,76.0,76206,1,1,2.0,6.0,D74,"49,6759459320","0,2506685257",,76.076206,76206,Seine-Maritime,28.0,Normandie,80.0,3.0,2.0,2,2.0,28,Normandie,76,2,26,CuvervilLe342,8,350,