Num_Acc,jour,mois,an,hrmn,lum,dep,com,agg,int,atm,col,adr,lat,long,gps,com_insee_temp,com_insee,departmentName,regionCode,regionName,vma,catr,circ,nbv,surf,Code,Region,Departement,Arrondissement,Code_Canton,Nom_Commune,Population_municipaLe,Population_comptee_a_part,Population_Totale
202200050145,4,6,2022,23:15,5,76.0,76351,2,2,1.0,5.0,VERDUN (RUE DE),"49,5014100000","0,1500300000",,76.076351,76351,Seine-Maritime,28.0,Normandie,50.0,3.0,2.0,2,2.0,28,Normandie,76,2,96,LeHavre,166058,1780,167838.0
202200050151,4,6,2022,15:20,1,76.0,76351,2,3,1.0,6.0,VALLEE (RUE DE LA),"49,4936700000","0,1525600000",,76.076351,76351,Seine-Maritime,28.0,Normandie,50.0,4.0,2.0,2,1.0,28,Normandie,76,2,96,LeHavre,166058,1780,167838.0
202200050155,7,6,2022,15:00,1,76.0,76329,1,1,1.0,7.0,BEAUCHENE (RUE DE),"49,5562300000","0,5013500000",,76.076329,76329,Seine-Maritime,28.0,Normandie,50.0,4.0,2.0,1,1.0,28,Normandie,76,2,3,Gruchet-le-Valasse,3074,39,3113.0
202200050257,27,11,2022,04:15,5,76.0,76178,2,2,2.0,3.0,Rue de Tourville,"49,3087500000","1,0383300000",,76.076178,76178,Seine-Maritime,28.0,Normandie,50.0,7.0,2.0,4,2.0,28,Normandie,76,3,5,Cléon,4907,30,4937.0
202200050264,26,11,2022,11:20,1,76.0,76447,2,1,1.0,6.0, ECARTS (CHEM DES ),"49,5649200000","0,1994700000",,76.076447,76447,Seine-Maritime,28.0,Normandie,50.0,4.0,-1.0,1,1.0,28,Normandie,76,2,15,Montivilliers,15457,203,15660.0
202200050269,25,11,2022,09:15,1,76.0,76447,2,1,1.0,6.0,René Coty,"49,5438100000","0,1913400000",,76.076447,76447,Seine-Maritime,28.0,Normandie,30.0,4.0,1.0,1,1.0,28,Normandie,76,2,15,Montivilliers,15457,203,15660.0
202200050356,30,3,2022,14:20,1,76.0,76684,1,1,2.0,6.0,D39,"49,4853010000","0,4633030000",,76.076684,76684,Seine-Maritime,28.0,Normandie,70.0,3.0,2.0,2,2.0,28,Normandie,76,2,3,TancarvilLe1218,24,1242,
202200050455,25,10,2022,08:45,1,76.0,76452,2,9,1.0,6.0,Place de l Abbe Kerebel,"49,5476030000","1,0735950000",,76.076452,76452,Seine-Maritime,28.0,Normandie,10.0,9.0,1.0,2,2.0,28,Normandie,76,3,2,MontvilLe4595,51,4646,
202200050468,27,3,2022,19:30,1,76.0,76351,2,1,1.0,6.0,ALBERT 1ER,"49,4974400000","0,0923300000",,76.076351,76351,Seine-Maritime,28.0,Normandie,50.0,4.0,3.0,4,1.0,28,Normandie,76,2,96,LeHavre,166058,1780,167838.0
202200050640,13,8,2022,00:10,5,76.0,76484,1,1,1.0,1.0,Route des Roches,"49,3262800000","1,0418100000",,76.076484,76484,Seine-Maritime,28.0,Normandie,50.0,7.0,2.0,2,1.0,28,Normandie,76,3,31,Oissel,12367,83,12450.0
202200050647,11,8,2022,14:15,1,76.0,76351,2,2,1.0,3.0,MARECHAL JOFFRE (RUE),"49,5000000000","0,1298300000",,76.076351,76351,Seine-Maritime,28.0,Normandie,50.0,4.0,2.0,2,1.0,28,Normandie,76,2,96,LeHavre,166058,1780,167838.0
202200050658,28,3,2022,07:45,1,76.0,76552,2,1,1.0,6.0,PRESIDENT FELIX FAURE (BD),"49,5048800000","0,0803500000",,76.076552,76552,Seine-Maritime,28.0,Normandie,50.0,3.0,2.0,2,1.0,28,Normandie,76,2,19,Sainte-Adresse,7116,188,7304.0
202200050666,25,3,2022,22:35,5,76.0,76447,2,1,1.0,1.0,D6382,"49,5254504862","0,1830781402",,76.076447,76447,Seine-Maritime,28.0,Normandie,50.0,3.0,2.0,2,1.0,28,Normandie,76,2,15,Montivilliers,15457,203,15660.0
202200050766,20,9,2022,16:20,1,76.0,76322,2,1,1.0,6.0,Avenue Léon Blum,"49,4072300000","1,0484900000",,76.076322,76322,Seine-Maritime,28.0,Normandie,50.0,4.0,2.0,2,1.0,28,Normandie,76,3,13,LeGrand-Quevilly,25975,225,26200.0
202200050782,19,9,2022,14:27,1,76.0,76341,2,6,1.0,4.0,RD 6015,"49,5109900000","0,1995400000",,76.076341,76341,Seine-Maritime,28.0,Normandie,50.0,3.0,3.0,6,1.0,28,Normandie,76,2,15,Harfleur,8315,53,8368.0
202200050791,19,9,2022,08:27,1,76.0,76351,2,1,1.0,3.0,Boulevard Jules Durand,"49,4897400000","0,1549200000",,76.076351,76351,Seine-Maritime,28.0,Normandie,50.0,3.0,2.0,2,1.0,28,Normandie,76,2,96,LeHavre,166058,1780,167838.0
202200050990,10,5,2022,15:50,1,76.0,76517,1,2,1.0,1.0,Route de la Mare aux Loups,"49,5222000000","1,1363120000",,76.076517,76517,Seine-Maritime,28.0,Normandie,80.0,3.0,-1.0,2,1.0,28,Normandie,76,3,2,Quincampoix,3110,68,3178.0
202200051044,6,1,2022,18:50,5,76.0,76402,2,1,1.0,1.0,Rue Georges Pellerin,"49,5260700000","1,0362000000",,76.076402,76402,Seine-Maritime,28.0,Normandie,50.0,7.0,2.0,2,1.0,28,Normandie,76,3,24,Malaunay,6143,49,6192.0
202200051048,6,1,2022,15:05,1,76.0,76095,2,1,1.0,3.0,Route de Neufchatel,"49,4576466867","1,1081765592",,76.076095,76095,Seine-Maritime,28.0,Normandie,50.0,7.0,2.0,2,1.0,28,Normandie,76,3,2,Bihorel,8199,164,8363.0
202200051093,13,8,2022,12:35,1,76.0,76456,1,1,1.0,1.0,Rue du Bois Saint-Jacques,"49,6433527520","0,8429217337",,76.076456,76456,Seine-Maritime,28.0,Normandie,80.0,3.0,2.0,2,1.0,28,Normandie,76,3,35,MottevilLe771,11,782,
202200051144,27,3,2022,15:30,1,76.0,76728,1,1,1.0,3.0,A150 PK 006+500,"49,4876430000","1,0018160000",,76.076728,76728,Seine-Maritime,28.0,Normandie,130.0,1.0,3.0,2,1.0,28,Normandie,76,3,24,La Vaupalière,1192,21,1213.0
202200051156,16,3,2022,17:40,1,76.0,76392,2,3,1.0,3.0,Rue du Maréchal Leclerc,"49,8331754155","1,4021435380",,76.076392,76392,Seine-Maritime,28.0,Normandie,50.0,3.0,2.0,2,1.0,28,Normandie,76,1,23,Londinières,1243,20,1263.0
202200051351,8,5,2022,18:00,1,76.0,76528,1,9,1.0,6.0,Rue du Poteau Maitre Jean,"49,9174090000","1,5877390000",,76.076528,76528,Seine-Maritime,28.0,Normandie,50.0,9.0,-1.0,1,9.0,28,Normandie,76,1,10,Rieux,603,12,615.0
202200051422,5,1,2022,16:35,1,76.0,76322,2,1,1.0,1.0,Chemin de la Voute,"49,4080000000","1,0350000000",,76.076322,76322,Seine-Maritime,28.0,Normandie,50.0,7.0,2.0,2,1.0,28,Normandie,76,3,13,LeGrand-Quevilly,25975,225,26200.0
202200051424,3,1,2022,22:20,5,76.0,76540,2,2,2.0,7.0,Quai Pierre Corneille,"49,4381500000","1,0919300000",,76.076540,76540,Seine-Maritime,28.0,Normandie,50.0,7.0,2.0,3,2.0,28,Normandie,76,3,97,Rouen,114083,1556,115639.0
202200051425,3,1,2022,08:10,5,76.0,76447,2,1,1.0,6.0,CLAUDE DEBUSSY,"49,5454700000","0,1674000000",,76.076447,76447,Seine-Maritime,28.0,Normandie,50.0,4.0,2.0,1,1.0,28,Normandie,76,2,15,Montivilliers,15457,203,15660.0
202200051513,11,2,2022,10:10,1,76.0,76351,2,6,1.0,3.0,SOUVENIR FRANCAIS (ROND POINT),"49,5200600000","0,0883900000",,76.076351,76351,Seine-Maritime,28.0,Normandie,50.0,3.0,2.0,2,1.0,28,Normandie,76,2,96,LeHavre,166058,1780,167838.0
202200051684,8,7,2022,22:00,2,76.0,76698,1,1,1.0,6.0,D915,"49,8069000000","1,1843600000",,76.076698,76698,Seine-Maritime,28.0,Normandie,80.0,3.0,2.0,3,1.0,28,Normandie,76,1,20,Torcy-le-Petit,508,8,516.0
202200051782,7,6,2022,05:45,1,76.0,76592,1,1,1.0,3.0,D 982,"49,4907510000","0,4711460000",,76.076592,76592,Seine-Maritime,28.0,Normandie,90.0,3.0,2.0,2,1.0,28,Normandie,76,2,3,Saint-Jean-de-FollevilLe800,26,826,
202200051850,28,4,2022,00:50,3,76.0,76222,1,1,1.0,6.0,Route du Havre,"49,4666600000","0,8538650000",,76.076222,76222,Seine-Maritime,28.0,Normandie,50.0,7.0,2.0,2,1.0,28,Normandie,76,3,1,Duclair,4020,52,4072.0
202200051948,15,2,2022,23:50,3,76.0,76663,1,9,3.0,6.0,D17,"49,7893410000","0,5285080000",,76.076663,76663,Seine-Maritime,28.0,Normandie,70.0,3.0,2.0,2,2.0,28,Normandie,76,2,11,Sassetot-le-Mauconduit,1011,19,1030.0
202200051972,27,11,2022,20:25,5,76.0,76540,2,2,2.0,6.0,Rue Grieu,"49,4403500000","1,1285000000",,76.076540,76540,Seine-Maritime,28.0,Normandie,50.0,7.0,2.0,2,2.0,28,Normandie,76,3,97,Rouen,114083,1556,115639.0
202200051989,27,11,2022,14:25,1,76.0,76540,2,9,2.0,4.0,Route du Havre,"49,4508300000","1,0577100000",,76.076540,76540,Seine-Maritime,28.0,Normandie,50.0,7.0,1.0,4,2.0,28,Normandie,76,3,97,Rouen,114083,1556,115639.0
202200052138,27,3,2022,09:00,1,76.0,76540,2,1,1.0,6.0,Quai de la Bourse (Bas),"49,4380600000","1,0912000000",,76.076540,76540,Seine-Maritime,28.0,Normandie,50.0,4.0,1.0,1,1.0,28,Normandie,76,3,97,Rouen,114083,1556,115639.0
202200052146,23,10,2022,19:50,3,76.0,76484,1,1,1.0,5.0,A13,"49,3436350000","1,0565760000",,76.076484,76484,Seine-Maritime,28.0,Normandie,110.0,1.0,3.0,5,1.0,28,Normandie,76,3,31,Oissel,12367,83,12450.0
202200052157,10,8,2022,18:45,1,76.0,76351,2,2,1.0,3.0,BOIS AU COQ (AVENUE),"49,5167200000","0,1191900000",,76.076351,76351,Seine-Maritime,28.0,Normandie,50.0,4.0,3.0,8,1.0,28,Normandie,76,2,96,LeHavre,166058,1780,167838.0
202200052165,11,8,2022,15:05,1,76.0,76476,2,1,1.0,2.0,DUNANT HENRI (RUE),"49,4856300000","0,5712600000",,76.076476,76476,Seine-Maritime,28.0,Normandie,50.0,3.0,2.0,2,1.0,28,Normandie,76,2,25,Port-Jérôme-sur-Seine,10387,172,10559.0
202200052352,24,10,2022,14:20,1,76.0,76473,1,1,1.0,5.0,D490,"49,4941270000","0,7502870000",,76.076473,76473,Seine-Maritime,28.0,Normandie,80.0,3.0,2.0,2,1.0,28,Normandie,76,3,25,Notre-Dame-de-Bliquetuit,817,11,828.0
202200052606,14,2,2022,20:00,3,76.0,76540,2,2,9.0,3.0,Pont Boieldieu,"49,4379900000","1,0919200000",,76.076540,76540,Seine-Maritime,28.0,Normandie,50.0,7.0,3.0,3,1.0,28,Normandie,76,3,97,Rouen,114083,1556,115639.0
202200052620,13,2,2022,03:20,5,76.0,76351,2,2,1.0,2.0,PAUL VERLAINE (AVENUE),"49,5093600000","0,1589000000",,76.076351,76351,Seine-Maritime,28.0,Normandie,50.0,4.0,2.0,2,1.0,28,Normandie,76,2,96,LeHavre,166058,1780,167838.0
202200052633,12,2,2022,20:30,5,76.0,76351,2,2,1.0,3.0,CHATEAUDUN (DE),"49,5125400000","0,1170100000",,76.076351,76351,Seine-Maritime,28.0,Normandie,50.0,4.0,2.0,2,1.0,28,Normandie,76,2,96,LeHavre,166058,1780,167838.0
202200052645,12,2,2022,14:20,1,76.0,76351,2,2,1.0,4.0,BERTHELOT (RUE),"49,4970400000","0,1362100000",,76.076351,76351,Seine-Maritime,28.0,Normandie,50.0,4.0,2.0,2,1.0,28,Normandie,76,2,96,LeHavre,166058,1780,167838.0
202200052697,26,11,2022,20:20,3,76.0,76684,1,1,1.0,2.0,RN 182,"49,4798080000","0,4516410000",,76.076684,76684,Seine-Maritime,28.0,Normandie,70.0,2.0,3.0,4,1.0,28,Normandie,76,2,3,TancarvilLe1218,24,1242,
202200052712,22,10,2022,13:50,1,76.0,76212,2,3,1.0,1.0,Boulevard de la Paix,"49,4443000000","1,1557300000",,76.076212,76212,Seine-Maritime,28.0,Normandie,50.0,2.0,4.0,2,1.0,28,Normandie,76,3,6,Darnétal,9738,74,9812.0
202200052875,12,9,2022,18:00,1,76.0,76410,2,3,1.0,6.0,Rue du Moulin à Poudre,"49,4837800000","1,0456500000",,76.076410,76410,Seine-Maritime,28.0,Normandie,50.0,4.0,2.0,2,1.0,28,Normandie,76,3,4,Maromme,11024,122,11146.0
202200052886,4,1,2022,15:40,1,76.0,76429,2,1,1.0,6.0,Rue de Normandie,"49,4111000000","1,1478000000",,76.076429,76429,Seine-Maritime,28.0,Normandie,30.0,6.0,-1.0, -1,2.0,28,Normandie,76,3,21,LeMesnil-Esnard,7980,353,8333.0
202200052894,4,1,2022,15:45,1,76.0,76114,2,1,3.0,1.0,Avenue Louis Debray,"49,5789687391","0,4709064960",,76.076114,76114,Seine-Maritime,28.0,Normandie,50.0,3.0,2.0,2,2.0,28,Normandie,76,2,3,Bolbec,11635,147,11782.0
202200052907,11,8,2022,15:10,1,76.0,76307,2,2,1.0,3.0,D74,"49,6390870000","0,2232670000",,76.076307,76307,Seine-Maritime,28.0,Normandie,50.0,3.0,2.0,2,1.0,28,Normandie,76,2,26,Gonneville-la-Mallet,1363,13,1376.0
202200053216,26,3,2022,17:00,1,76.0,76575,2,1,1.0,2.0,Avenue des Canadiens,"49,4023600000","1,0655100000",,76.076575,76575,Seine-Maritime,28.0,Normandie,50.0,7.0,2.0,4,1.0,28,Normandie,76,3,98,Saint-Étienne-du-Rouvray,28508,225,28733.0
202200053423,12,8,2022,17:20,1,76.0,76727,1,1,1.0,6.0,D131,"49,4305705020","0,6784057617",,76.076727,76727,Seine-Maritime,28.0,Normandie,80.0,3.0,2.0,2,1.0,28,Normandie,76,3,25,Vatteville-la-Rue,1133,22,1155.0
202200053615,23,10,2022,03:30,3,76.0,76169,1,1,2.0,6.0,route départementale 982,"49,4929430000","0,4019880000",,76.076169,76169,Seine-Maritime,28.0,Normandie,80.0,3.0,2.0,2,2.0,28,Normandie,76,2,32,La Cerlangue,1297,116,1413.0
202200053693,6,8,2022,01:12,5,76.0,76552,2,1,1.0,7.0,FOCH (BD),"49,5060000000","0,0713500000",,76.076552,76552,Seine-Maritime,28.0,Normandie,30.0,4.0,2.0,2,1.0,28,Normandie,76,2,19,Sainte-Adresse,7116,188,7304.0
202200053930,4,1,2022,07:30,5,76.0,76087,2,1,2.0,3.0,338 Route d Yvetot,"49,7067770000","0,8286410000",,76.076087,76087,Seine-Maritime,28.0,Normandie,50.0,3.0,2.0,2,2.0,28,Normandie,76,3,35,Berville-en-Caux,694,10,704.0
202200053939,1,1,2022,15:00,1,76.0,76367,1,1,1.0,1.0,D121,"49,4842760000","1,0955000000",,76.076367,76367,Seine-Maritime,28.0,Normandie,80.0,7.0,2.0,2,1.0,28,Normandie,76,3,24,HouppevilLe2884,51,2935,
202200053995,25,11,2022,09:15,1,76.0,76322,2,1,1.0,3.0,Boulevard de Verdun,"49,4141700000","1,0498600000",,76.076322,76322,Seine-Maritime,28.0,Normandie,50.0,7.0,2.0,2,1.0,28,Normandie,76,3,13,LeGrand-Quevilly,25975,225,26200.0
202200054051,20,10,2022,16:15,1,76.0,76341,1,1,1.0,4.0,RD 6015,"49,5113000000","0,1994900000",,76.076341,76341,Seine-Maritime,28.0,Normandie,70.0,3.0,1.0,1,1.0,28,Normandie,76,2,15,Harfleur,8315,53,8368.0
202200054104,27,3,2022,15:45,1,76.0,76257,1,1,1.0,7.0,La Haumarderie,"49,8582010000","1,5954050000",,76.076257,76257,Seine-Maritime,28.0,Normandie,80.0,3.0,2.0,2,1.0,28,Normandie,76,1,10,Fallencourt,183,2,185.0
202200054140,4,6,2022,17:20,1,76.0,76556,2,1,3.0,1.0,D81 - route de lillebonne,"49,5304087299","0,4929498476",,76.076556,76556,Seine-Maritime,28.0,Normandie,80.0,3.0,2.0,2,2.0,28,Normandie,76,2,3,Saint-Antoine-la-Forêt,1097,15,1112.0
202200054175,7,7,2022,17:53,1,76.0,76057,2,1,1.0,1.0,Rue Pierre et Marie Curie,"49,5419200000","0,9541400000",,76.076057,76057,Seine-Maritime,28.0,Normandie,50.0,3.0,2.0,2,1.0,28,Normandie,76,3,1,Barentin,12154,238,12392.0
202200054231,10,8,2022,20:00,1,76.0,76728,1,1,1.0,7.0,D47,"49,4933780000","0,9637770000",,76.076728,76728,Seine-Maritime,28.0,Normandie,80.0,3.0,2.0,2,1.0,28,Normandie,76,3,24,La Vaupalière,1192,21,1213.0
202200054283,2,1,2022,23:12,5,76.0,76540,1,1,1.0,6.0,N28,"49,4383300000","1,1297400000",,76.076540,76540,Seine-Maritime,28.0,Normandie,70.0,2.0,3.0,2,1.0,28,Normandie,76,3,97,Rouen,114083,1556,115639.0
202200054481,20,10,2022,17:35,1,76.0,76640,2,2,1.0,6.0,Avenue de Bonport,"49,2889100000","1,0414000000",,76.076640,76640,Seine-Maritime,28.0,Normandie,50.0,4.0,2.0,2,1.0,28,Normandie,76,3,5,Saint-Pierre-lès-Elbeuf,8285,87,8372.0
202200054635,25,3,2022,08:20,1,76.0,76351,2,9,1.0,6.0,BIGNE A FOSSE,"49,5260700000","0,1122100000",,76.076351,76351,Seine-Maritime,28.0,Normandie,50.0,4.0,2.0,2,1.0,28,Normandie,76,2,96,LeHavre,166058,1780,167838.0
202200054665,4,6,2022,16:00,1,76.0,76240,1,1,1.0,1.0,Route du Havre,"49,7155030000","0,3661540000",,76.076240,76240,Seine-Maritime,28.0,Normandie,80.0,3.0,2.0,2,1.0,28,Normandie,76,2,11,ÉprevilLe1052,28,1080,
202200054673,2,6,2022,17:05,1,76.0,76101,2,1,1.0,6.0,14 Rue du Chant des Oiseaux,"49,9285990000","1,6272470000",,76.076101,76101,Seine-Maritime,28.0,Normandie,50.0,4.0,2.0,2,1.0,28,Normandie,76,1,10,Blangy-sur-BresLe2862,28,2890,
202200054972,1,1,2022,07:20,5,76.0,76410,2,1,1.0,2.0,Route de Dieppe,"49,4789300000","1,0470100000",,76.076410,76410,Seine-Maritime,28.0,Normandie,50.0,7.0,2.0,2,1.0,28,Normandie,76,3,4,Maromme,11024,122,11146.0
202200055071,12,2,2022,20:50,5,76.0,76108,2,2,6.0,3.0,Rue Girot,"49,4609700000","1,1106090000",,76.076108,76108,Seine-Maritime,28.0,Normandie,50.0,7.0,2.0,2,1.0,28,Normandie,76,3,2,Bois-Guillaume,14262,361,14623.0
202200055074,6,8,2022,07:20,1,76.0,76351,2,1,1.0,7.0,LAMARTINE,"49,4911600000","0,1417500000",,76.076351,76351,Seine-Maritime,28.0,Normandie,50.0,4.0,2.0,2,1.0,28,Normandie,76,2,96,LeHavre,166058,1780,167838.0
202100000005,25,2,2021,07:20,5,76.0,76429,2,1,1.0,2.0,PARIS. ROUTE DE,"49,4083800000","1,1458100000",,76.076429,76429,Seine-Maritime,28.0,Normandie,50.0,7.0,2.0,2,1.0,28,Normandie,76,3,21,LeMesnil-Esnard,7980,353,8333.0
202100000081,11,12,2021,02:00,5,76.0,76322,2,1,1.0,6.0,Boulevard Jules Dumont d’Urville,"49,3982000000","1,0460100000",,76.076322,76322,Seine-Maritime,28.0,Normandie,50.0,4.0,2.0,2,1.0,28,Normandie,76,3,13,LeGrand-Quevilly,25975,225,26200.0
202100000491,29,10,2021,17:45,1,76.0,76351,2,1,1.0,4.0,VERDUN (RUE DE),"49,5017868881","0,1546383607",,76.076351,76351,Seine-Maritime,28.0,Normandie,50.0,3.0,2.0,2,1.0,28,Normandie,76,2,96,LeHavre,166058,1780,167838.0
202100000492,27,10,2021,16:20,1,76.0,76351,2,1,1.0,2.0,SEIZIEME PORT (AVENUE DU),"49,4821030652","0,1601892332",,76.076351,76351,Seine-Maritime,28.0,Normandie,50.0,4.0,3.0,3,1.0,28,Normandie,76,2,96,LeHavre,166058,1780,167838.0
202100000493,19,10,2021,13:30,1,76.0,76351,2,1,1.0,2.0,STRASBOURG (BD),"49,4927600000","0,1201600000",,76.076351,76351,Seine-Maritime,28.0,Normandie,50.0,4.0,2.0,2,1.0,28,Normandie,76,2,96,LeHavre,166058,1780,167838.0
202100000494,17,10,2021,21:25,4,76.0,76351,2,2,1.0,3.0,VERDUN (RUE DE),"49,5013935778","0,1500253379",,76.076351,76351,Seine-Maritime,28.0,Normandie,50.0,3.0,2.0,2,1.0,28,Normandie,76,2,96,LeHavre,166058,1780,167838.0
202100000495,16,10,2021,19:30,5,76.0,76351,2,1,1.0,1.0,LAFAYETTE ( COURS),"49,4917610000","0,1252000000",,76.076351,76351,Seine-Maritime,28.0,Normandie,50.0,4.0,3.0,5,1.0,28,Normandie,76,2,96,LeHavre,166058,1780,167838.0
202100000536,10,11,2021,15:40,1,76.0,76351,2,2,1.0,6.0,VOLTAIRE,"49,4899000000","0,1041000000",,76.076351,76351,Seine-Maritime,28.0,Normandie,50.0,4.0,2.0,2,1.0,28,Normandie,76,2,96,LeHavre,166058,1780,167838.0
202100000726,29,12,2021,19:30,5,76.0,76540,2,2,2.0,6.0,BELGES. BOULEVARD DES,"49,4458400000","1,0863500000",,76.076540,76540,Seine-Maritime,28.0,Normandie,50.0,7.0,1.0,2,2.0,28,Normandie,76,3,97,Rouen,114083,1556,115639.0
202100000739,22,12,2021,12:32,1,76.0,76351,2,2,1.0,6.0,ANATOLE FRANCE,"49,4948400000","0,1111500000",,76.076351,76351,Seine-Maritime,28.0,Normandie,50.0,4.0,2.0,4,1.0,28,Normandie,76,2,96,LeHavre,166058,1780,167838.0
202100000754,28,12,2021,17:25,3,76.0,76351,2,2,1.0,3.0,LENINGRAD (BD DE),"49,4997900000","0,1714100000",,76.076351,76351,Seine-Maritime,28.0,Normandie,50.0,4.0,2.0,6,1.0,28,Normandie,76,2,96,LeHavre,166058,1780,167838.0
202100000828,17,12,2021,16:50,5,76.0,76540,2,1,1.0,6.0,LECLERC. RUE DU GENERAL,"49,4397000000","1,0912900000",,76.076540,76540,Seine-Maritime,28.0,Normandie,10.0,4.0,-1.0,1,1.0,28,Normandie,76,3,97,Rouen,114083,1556,115639.0
202100000985,29,12,2021,18:00,5,76.0,76575,2,1,1.0,3.0,SAINT YON. AVENUE DE,"49,3972230000","1,1027740000",,76.076575,76575,Seine-Maritime,28.0,Normandie,50.0,4.0,2.0,2,2.0,28,Normandie,76,3,98,Saint-Étienne-du-Rouvray,28508,225,28733.0
202100000986,28,12,2021,10:30,1,76.0,76351,2,1,1.0,6.0,VAL AUX CORNEILLES (AVENUE DU)°,"49,5093500000","0,1501000000",,76.076351,76351,Seine-Maritime,28.0,Normandie,50.0,4.0,2.0,4,1.0,28,Normandie,76,2,96,LeHavre,166058,1780,167838.0
202100000987,21,12,2021,16:50,1,76.0,76447,2,3,1.0,3.0,PABLO NERUDA,"49,5484700000","0,1728500000",,76.076447,76447,Seine-Maritime,28.0,Normandie,50.0,4.0,2.0,2,1.0,28,Normandie,76,2,15,Montivilliers,15457,203,15660.0
202100001169,27,12,2021,17:45,5,76.0,76217,2,1,1.0,1.0,DUMAS (ALEXANDRE),"49,9352600000","1,1087500000",,76.076217,76217,Seine-Maritime,28.0,Normandie,50.0,3.0,2.0,2,1.0,28,Normandie,76,1,95,Dieppe,28358,455,28813.0
202100001279,26,12,2021,23:00,5,76.0,76540,2,1,1.0,3.0,Avenue de la Grand Mare,"49,4406935215","1,1310017108",,76.076540,76540,Seine-Maritime,28.0,Normandie,50.0,7.0,2.0,3,1.0,28,Normandie,76,3,97,Rouen,114083,1556,115639.0
202100001304,27,12,2021,06:00,3,76.0,76517,1,9,2.0,4.0,a.28 PK .94.000,"49,5050360000","1,1779400000",,76.076517,76517,Seine-Maritime,28.0,Normandie,110.0,1.0,1.0,4,2.0,28,Normandie,76,3,2,Quincampoix,3110,68,3178.0
202100001370,25,12,2021,12:25,1,76.0,76217,2,1,1.0,7.0,TOUSTAIN,"49,9233452925","1,0720789433",,76.076217,76217,Seine-Maritime,28.0,Normandie,50.0,3.0,1.0,2,1.0,28,Normandie,76,1,95,Dieppe,28358,455,28813.0
202100001454,24,12,2021,19:45,5,76.0,76231,2,1,2.0,7.0,SAUSSAYE. RUE DE LA,"49,2735300000","0,9975000000",,76.076231,76231,Seine-Maritime,28.0,Normandie,50.0,7.0,2.0,2,2.0,28,Normandie,76,3,9,Elbeuf,15951,138,16089.0
202100001455,24,12,2021,09:50,1,76.0,76540,2,1,1.0,1.0,LA FAYETTE. RUE,"49,4326100000","1,0895700000",,76.076540,76540,Seine-Maritime,28.0,Normandie,50.0,4.0,2.0,2,2.0,28,Normandie,76,3,97,Rouen,114083,1556,115639.0
202100001649,25,12,2021,11:05,1,76.0,76550,1,1,1.0,6.0,Route de la Forêt,"49,3743960000","0,9596510000",,76.076550,76550,Seine-Maritime,28.0,Normandie,80.0,7.0,2.0,2,2.0,28,Normandie,76,3,4,Sahurs,1219,17,1236.0
202100001657,24,12,2021,11:50,1,76.0,76660,1,1,1.0,2.0,A131 pk 28.300,"49,4912035293","0,2883857489",,76.076660,76660,Seine-Maritime,28.0,Normandie,130.0,1.0,3.0,4,1.0,28,Normandie,76,2,32,SandouvilLe800,11,811,
202100001851,21,12,2021,11:15,1,76.0,76474,1,1,1.0,2.0,CD 43 (AVENUE DU BOIS DES DAMES),"49,4766400000","1,0655270000",,76.076474,76474,Seine-Maritime,28.0,Normandie,90.0,7.0,2.0,-1,1.0,28,Normandie,76,3,24,Notre-Dame-de-BondevilLe6957,82,7039,
202100002000,17,12,2021,13:25,1,76.0,76351,2,3,1.0,3.0,JULES DURAND (BD),"49,4897100000","0,1556700000",,76.076351,76351,Seine-Maritime,28.0,Normandie,50.0,3.0,-1.0,2,1.0,28,Normandie,76,2,96,LeHavre,166058,1780,167838.0
202100002001,18,12,2021,10:55,1,76.0,76259,2,1,1.0,6.0,COUTURIER ( RUE GUSTAVE),"49,7525200000","0,3931700000",,76.076259,76259,Seine-Maritime,28.0,Normandie,50.0,4.0,2.0,2,1.0,28,Normandie,76,2,11,Fécamp,18016,269,18285.0
202100002002,20,12,2021,07:50,5,76.0,76329,2,9,1.0,1.0,Rue de l’Abbaye,"49,5506000000","0,4911300000",,76.076329,76329,Seine-Maritime,28.0,Normandie,50.0,3.0,2.0,1,1.0,28,Normandie,76,2,3,Gruchet-le-Valasse,3074,39,3113.0
202100002130,19,12,2021,07:20,5,76.0,76484,2,3,1.0,5.0,LECOMTE. RUE GUSTAVE,"49,3442900000","1,0978300000",,76.076484,76484,Seine-Maritime,28.0,Normandie,50.0,7.0,2.0,2,1.0,28,Normandie,76,3,31,Oissel,12367,83,12450.0
202100002172,21,12,2021,15:25,1,76.0,76450,1,1,1.0,1.0,D916,"49,4154820000","1,6317060000",,76.076450,76450,Seine-Maritime,28.0,Normandie,80.0,3.0,2.0,2,1.0,28,Normandie,76,1,12,Montroty,263,20,283.0