Num_Acc,jour,mois,an,hrmn,lum,dep,com,agg,int,atm,col,adr,lat,long,gps,com_insee_temp,com_insee,departmentName,regionCode,regionName,vma,catr,circ,nbv,surf,Code,Region,Departement,Arrondissement,Code_Canton,Nom_Commune,Population_municipaLe,Population_comptee_a_part,Population_Totale
202100009746,29,10,2021,20:41,5,76.0,76447,2,1,1.0,6.0,FAUBOURG ASSIQUET,"49,5474000000","0,1961000000",,76.076447,76447,Seine-Maritime,28.0,Normandie,50.0,3.0,2.0,2,1.0,28,Normandie,76,2,15,Montivilliers,15457,203,15660.0
202100009854,3,11,2021,01:25,3,76.0,76682,1,1,1.0,7.0,a13,"49,3200240000","1,1026270000",,76.076682,76682,Seine-Maritime,28.0,Normandie,110.0,1.0,3.0,5,1.0,28,Normandie,76,3,5,Sotteville-sous-le-Val,742,4,746.0
202100009901,1,11,2021,10:30,1,76.0,76319,1,1,1.0,7.0,RN 138,"49,3540300000","1,0297500000",,76.076319,76319,Seine-Maritime,28.0,Normandie,90.0,2.0,3.0,2,1.0,28,Normandie,76,3,9,Grand-Couronne,9726,177,9903.0
202100009949,20,10,2021,20:15,3,76.0,76063,1,2,3.0,3.0,D23,"49,7255890000","0,9956790000",,76.076063,76063,Seine-Maritime,28.0,Normandie,80.0,3.0,2.0,2,2.0,28,Normandie,76,1,20,Beauval-en-Caux,463,10,473.0
202100010012,31,10,2021,18:55,5,76.0,76259,2,9,1.0,3.0,BERIGNY (QUAI),"49,7601700000","0,3690700000",,76.076259,76259,Seine-Maritime,28.0,Normandie,50.0,3.0,2.0,2,1.0,28,Normandie,76,2,11,Fécamp,18016,269,18285.0
202100010138,30,10,2021,21:40,5,76.0,76540,2,2,1.0,3.0,LA FAYETTE. RUE,"49,4325100000","1,0895000000",,76.076540,76540,Seine-Maritime,28.0,Normandie,30.0,4.0,1.0,1,1.0,28,Normandie,76,3,97,Rouen,114083,1556,115639.0
202100010202,30,10,2021,20:30,3,76.0,76020,1,9,1.0,7.0,Route de Bourg Achard,"49,4414840000","0,8885760000",,76.076020,76020,Seine-Maritime,28.0,Normandie,80.0,7.0,2.0,2,1.0,28,Normandie,76,3,1,Anneville-AmbourvilLe1168,18,1186,
202100010261,29,10,2021,21:30,3,76.0,76540,2,2,1.0,6.0,CHAMPLAIN. AVENUE,"49,4347000000","1,0934700000",,76.076540,76540,Seine-Maritime,28.0,Normandie,30.0,4.0,1.0,3,2.0,28,Normandie,76,3,97,Rouen,114083,1556,115639.0
202100010405,30,10,2021,11:10,1,76.0,76435,1,1,8.0,7.0,D78,"49,9668875276","1,4559657289",,76.076435,76435,Seine-Maritime,28.0,Normandie,70.0,3.0,2.0,2,2.0,28,Normandie,76,1,10,LeMesnil-Réaume,797,16,813.0
202100010447,29,10,2021,12:00,1,76.0,76385,1,1,1.0,7.0,Route de Pavilly,"49,5988900000","0,9448600000",,76.076385,76385,Seine-Maritime,28.0,Normandie,80.0,3.0,2.0,2,2.0,28,Normandie,76,3,24,Limésy,1471,54,1525.0
202100010495,28,10,2021,20:00,3,76.0,76540,2,2,1.0,5.0,MERIDIENNE. RUE,"49,4257800000","1,0826100000",,76.076540,76540,Seine-Maritime,28.0,Normandie,30.0,4.0,2.0,3,1.0,28,Normandie,76,3,97,Rouen,114083,1556,115639.0
202100010496,27,10,2021,22:00,5,76.0,76351,2,1,1.0,7.0,RENE COTY,"49,4981400000","0,1156400000",,76.076351,76351,Seine-Maritime,28.0,Normandie,30.0,4.0,2.0,2,1.0,28,Normandie,76,2,96,LeHavre,166058,1780,167838.0
202100010497,28,10,2021,15:40,1,76.0,76026,1,6,1.0,3.0,RD 54B,"49,8759700000","1,1173300000",,76.076026,76026,Seine-Maritime,28.0,Normandie,80.0,3.0,1.0,2,1.0,28,Normandie,76,1,8,Arques-la-BatailLe2480,44,2524,
202100010694,27,10,2021,09:00,1,76.0,76540,2,2,1.0,3.0,GAMBETTA. BOULEVARD,"49,4386793600","1,1079317167",,76.076540,76540,Seine-Maritime,28.0,Normandie,50.0,7.0,2.0,2,1.0,28,Normandie,76,3,97,Rouen,114083,1556,115639.0
202100010778,27,10,2021,17:00,1,76.0,76374,1,1,1.0,7.0,Rue Guy de Maupassant,"50,0103450000","1,4956050000",,76.076374,76374,Seine-Maritime,28.0,Normandie,-1.0,9.0,-1.0,2,1.0,28,Normandie,76,1,10,InchevilLe1170,16,1186,
202100010865,25,10,2021,16:00,1,76.0,76351,2,3,1.0,3.0,GUINEE (QUAI DE LA),"49,4885600000","0,1212300000",,76.076351,76351,Seine-Maritime,28.0,Normandie,50.0,4.0,2.0,2,1.0,28,Normandie,76,2,96,LeHavre,166058,1780,167838.0
202100011063,25,10,2021,13:28,1,76.0,76540,2,3,1.0,6.0,PORET DE BLOSSEVILLE. RUE,"49,4380400000","1,0829300000",,76.076540,76540,Seine-Maritime,28.0,Normandie,30.0,4.0,2.0,2,2.0,28,Normandie,76,3,97,Rouen,114083,1556,115639.0
202100011064,24,10,2021,00:00,5,76.0,76351,2,1,1.0,6.0,VIVIANI,"49,4929000000","0,1555700000",,76.076351,76351,Seine-Maritime,28.0,Normandie,50.0,4.0,2.0,2,1.0,28,Normandie,76,2,96,LeHavre,166058,1780,167838.0
202100011065,22,10,2021,18:00,1,76.0,76351,2,1,1.0,6.0,CHARLES ROMME,"49,5151700000","0,1719100000",,76.076351,76351,Seine-Maritime,28.0,Normandie,50.0,4.0,2.0,2,1.0,28,Normandie,76,2,96,LeHavre,166058,1780,167838.0
202100011197,24,10,2021,11:35,1,76.0,76108,2,1,1.0,6.0,NEUFCHATEL. ROUTE DE (RN 28),"49,4586900000","1,1086800000",,76.076108,76108,Seine-Maritime,28.0,Normandie,50.0,7.0,2.0,2,1.0,28,Normandie,76,3,2,Bois-Guillaume,14262,361,14623.0
202100011270,25,10,2021,12:10,1,76.0,76646,1,2,1.0,5.0,D925,"49,8097490000","0,6684490000",,76.076646,76646,Seine-Maritime,28.0,Normandie,80.0,3.0,2.0,2,1.0,28,Normandie,76,1,33,Saint-Riquier-ès-Plains,620,14,634.0
202100011271,23,10,2021,10:20,1,76.0,76655,2,9,8.0,6.0,Place du Marché,"49,8686510000","0,7133760000",,76.076655,76655,Seine-Maritime,28.0,Normandie,50.0,6.0,-1.0,-1,1.0,28,Normandie,76,1,33,Saint-Valery-en-Caux,3915,162,4077.0
202100011453,24,10,2021,12:00,1,76.0,76709,1,1,1.0,3.0,rue worms route de la marre pigeonniere,"49,4800038175","0,8181484043",,76.076709,76709,Seine-Maritime,28.0,Normandie,-1.0,9.0,-1.0,2,6.0,28,Normandie,76,3,1,LeTrait,4780,38,4818.0
202100011553,22,10,2021,15:59,1,76.0,76540,2,1,1.0,6.0,BOISGUILBERT. QUAI DE,"49,4420700000","1,0776200000",,76.076540,76540,Seine-Maritime,28.0,Normandie,30.0,4.0,1.0,1,1.0,28,Normandie,76,3,97,Rouen,114083,1556,115639.0
202100011554,22,10,2021,07:45,5,76.0,76575,2,2,1.0,6.0,RENAN. RUE ERNEST,"49,3985260000","1,0741400000",,76.076575,76575,Seine-Maritime,28.0,Normandie,50.0,4.0,2.0,2,1.0,28,Normandie,76,3,98,Saint-Étienne-du-Rouvray,28508,225,28733.0
202100011754,20,10,2021,17:55,1,76.0,76351,2,1,1.0,6.0,FELIX FAURE,"49,5000600000","0,1006700000",,76.076351,76351,Seine-Maritime,28.0,Normandie,50.0,4.0,2.0,2,1.0,28,Normandie,76,2,96,LeHavre,166058,1780,167838.0
202100011785,20,10,2021,10:30,1,76.0,76391,1,1,1.0,7.0,CD 132,"49,3091043973","0,9789617483",,76.076391,76391,Seine-Maritime,28.0,Normandie,80.0,7.0,2.0,2,2.0,28,Normandie,76,3,9,La Londe,2362,71,2433.0
202100011786,20,10,2021,11:00,1,76.0,76351,2,3,1.0,3.0,EDITH PIAF (RUE),"49,5232000000","0,1138200000",,76.076351,76351,Seine-Maritime,28.0,Normandie,30.0,4.0,1.0,1,1.0,28,Normandie,76,2,96,LeHavre,166058,1780,167838.0
202100011787,19,10,2021,16:45,1,76.0,76351,2,3,1.0,3.0,VERDUN (RUE DE),"49,5022000000","0,1846800000",,76.076351,76351,Seine-Maritime,28.0,Normandie,50.0,3.0,2.0,3,1.0,28,Normandie,76,2,96,LeHavre,166058,1780,167838.0
202100011788,20,10,2021,16:20,1,76.0,76217,2,1,1.0,6.0,DUMAS (ALEXANDRE),"49,9258500000","1,0706000000",,76.076217,76217,Seine-Maritime,28.0,Normandie,30.0,9.0,-1.0,0,1.0,28,Normandie,76,1,95,Dieppe,28358,455,28813.0
202100011898,21,10,2021,12:15,1,76.0,76700,1,2,2.0,3.0,Route du Havre,"49,6788760000","1,0338040000",,76.076700,76700,Seine-Maritime,28.0,Normandie,70.0,3.0,2.0,2,2.0,28,Normandie,76,1,20,Tôtes,1575,30,1605.0
202100011899,22,10,2021,10:45,1,76.0,76675,1,1,1.0,1.0,Route de Dieppe,"49,5746764911","1,0496097431",,76.076675,76675,Seine-Maritime,28.0,Normandie,80.0,3.0,2.0,2,1.0,28,Normandie,76,3,2,SiervilLe1108,16,1124,
202100011922,28,9,2021,07:50,2,76.0,76305,1,1,1.0,2.0,A131,"49,4969880000","0,2303080000",,76.076305,76305,Seine-Maritime,28.0,Normandie,-1.0,1.0,1.0,2,1.0,28,Normandie,76,2,16,Gonfreville-l'Orcher,8961,44,9005.0
202100012081,19,10,2021,07:40,2,76.0,76503,1,1,2.0,4.0,A151 - PK 01+950 - DIRECTION ROUEN,"49,5183131260","0,9991996036",,76.076503,76503,Seine-Maritime,28.0,Normandie,130.0,1.0,3.0,2,2.0,28,Normandie,76,3,24,Pissy-PôvilLe1281,20,1301,
202100012156,13,10,2021,07:46,2,76.0,76351,2,1,1.0,6.0,PABLO NERUDA (RUE),"49,5043400000","0,1543200000",,76.076351,76351,Seine-Maritime,28.0,Normandie,50.0,4.0,2.0,2,2.0,28,Normandie,76,2,96,LeHavre,166058,1780,167838.0
202100012184,18,10,2021,03:08,5,76.0,76540,2,1,1.0,7.0,DOCTEUR ANDRE CAUCHOIS. RUE DU,"49,4503100000","1,1255900000",,76.076540,76540,Seine-Maritime,28.0,Normandie,50.0,4.0,2.0,1,1.0,28,Normandie,76,3,97,Rouen,114083,1556,115639.0
202100012185,18,10,2021,08:30,1,76.0,76351,2,2,1.0,2.0,GUSTAVE BRINDEAU (RUE),"49,4879400000","0,1446400000",,76.076351,76351,Seine-Maritime,28.0,Normandie,50.0,4.0,2.0,2,1.0,28,Normandie,76,2,96,LeHavre,166058,1780,167838.0
202100012407,18,10,2021,10:36,1,76.0,76540,2,1,1.0,6.0,pont jeanne d arc,"49,4382600000","1,0883700000",,76.076540,76540,Seine-Maritime,28.0,Normandie,50.0,5.0,2.0,4,1.0,28,Normandie,76,3,97,Rouen,114083,1556,115639.0
202100012408,16,10,2021,18:00,1,76.0,76351,2,2,1.0,3.0,BLEUETS (DES),"49,5079200000","0,1570400000",,76.076351,76351,Seine-Maritime,28.0,Normandie,50.0,4.0,2.0,2,1.0,28,Normandie,76,2,96,LeHavre,166058,1780,167838.0
202100012522,19,10,2021,12:20,1,76.0,76752,2,3,1.0,6.0,Place du General Leclerc,"49,6683393303","0,8974057312",,76.076752,76752,Seine-Maritime,28.0,Normandie,-1.0,3.0,2.0,2,1.0,28,Normandie,76,3,35,YervilLe2584,29,2613,
202100012586,17,10,2021,11:55,1,76.0,76714,1,2,1.0,3.0,D6015,"49,5453730000","0,3934480000",,76.076714,76714,Seine-Maritime,28.0,Normandie,80.0,3.0,2.0,2,1.0,28,Normandie,76,2,32,LesTrois-Pierres,797,15,812.0
202100012639,17,10,2021,07:20,5,76.0,76545,2,3,1.0,3.0,CHAMP DE COURSES (RUE DU),"49,9084500000","1,0876900000",,76.076545,76545,Seine-Maritime,28.0,Normandie,50.0,3.0,-1.0,2,1.0,28,Normandie,76,1,7,Rouxmesnil-BouteilLes1814,33,1847,
202100012820,16,10,2021,17:00,1,76.0,76681,1,1,1.0,2.0,EAUPLET. RUE D',"49,4208098964","1,1042458111",,76.076681,76681,Seine-Maritime,28.0,Normandie,50.0,4.0,3.0,4,1.0,28,Normandie,76,3,99,Sotteville-lès-Rouen,28965,475,29440.0
202100012998,16,10,2021,05:45,5,76.0,76312,2,1,5.0,1.0,Boulevard de Verdun,"49,4853747157","1,7283539265",,76.076312,76312,Seine-Maritime,28.0,Normandie,50.0,2.0,2.0,2,1.0,28,Normandie,76,1,12,Gournay-en-Bray,5944,85,6029.0
202100013150,15,10,2021,15:35,1,76.0,76715,1,1,1.0,3.0,D6015,"49,5967900000","0,6062650000",,76.076715,76715,Seine-Maritime,28.0,Normandie,80.0,3.0,2.0,2,1.0,28,Normandie,76,2,25,TrouvilLe626,8,634,
202100013231,14,10,2021,16:50,1,76.0,76575,2,1,1.0,6.0,ANEMONES. RUE DES,"49,3919030356","1,0914553373",,76.076575,76575,Seine-Maritime,28.0,Normandie,50.0,4.0,2.0,2,1.0,28,Normandie,76,3,98,Saint-Étienne-du-Rouvray,28508,225,28733.0
202100013232,14,10,2021,08:35,1,76.0,76382,1,1,1.0,3.0,D6015,"49,5879204449","0,5361843109",,76.076382,76382,Seine-Maritime,28.0,Normandie,70.0,3.0,2.0,2,1.0,28,Normandie,76,2,3,Lanquetot,1152,19,1171.0
202100013439,14,10,2021,13:53,1,76.0,76509,1,1,1.0,3.0,1065 Route du Puits de l Aire,"49,4679990000","1,2301360000",,76.076509,76509,Seine-Maritime,28.0,Normandie,80.0,3.0,2.0,2,1.0,28,Normandie,76,3,21,Préaux,1863,32,1895.0
202100013607,12,10,2021,16:40,1,76.0,76322,2,3,1.0,6.0,RAVEL. BOULEVARD MAURICE,"49,4071600000","1,0451800000",,76.076322,76322,Seine-Maritime,28.0,Normandie,50.0,4.0,2.0,3,1.0,28,Normandie,76,3,13,LeGrand-Quevilly,25975,225,26200.0
202100013608,12,10,2021,12:40,1,76.0,76351,2,2,1.0,3.0,RICHELIEU,"49,4891700000","0,1086500000",,76.076351,76351,Seine-Maritime,28.0,Normandie,50.0,4.0,2.0,2,1.0,28,Normandie,76,2,96,LeHavre,166058,1780,167838.0
202100013609,11,10,2021,19:30,1,76.0,76351,2,2,1.0,3.0,JULES LECESNE (RUE),"49,4931390000","0,1201700000",,76.076351,76351,Seine-Maritime,28.0,Normandie,50.0,4.0,2.0,2,1.0,28,Normandie,76,2,96,LeHavre,166058,1780,167838.0
202100013610,10,10,2021,00:30,5,76.0,76351,2,1,1.0,2.0,ALBERT 1ER,"49,4977600000","0,0921600000",,76.076351,76351,Seine-Maritime,28.0,Normandie,50.0,4.0,3.0,4,1.0,28,Normandie,76,2,96,LeHavre,166058,1780,167838.0
202100013832,11,10,2021,19:30,3,76.0,76540,2,1,1.0,6.0,TOUR DE BEURRE. RUE DE LA,"49,4391070000","1,0933400000",,76.076540,76540,Seine-Maritime,28.0,Normandie,30.0,4.0,1.0,1,1.0,28,Normandie,76,3,97,Rouen,114083,1556,115639.0
202100013833,11,10,2021,18:10,1,76.0,76540,2,3,1.0,2.0,SERRES. AVENUE OLIVIER DE,"49,4490100000","1,1200000000",,76.076540,76540,Seine-Maritime,28.0,Normandie,50.0,4.0,2.0,2,1.0,28,Normandie,76,3,97,Rouen,114083,1556,115639.0
202100013834,10,10,2021,22:40,5,76.0,76540,2,1,1.0,6.0,BELGES. BOULEVARD DES,"49,4432000000","1,0847100000",,76.076540,76540,Seine-Maritime,28.0,Normandie,50.0,7.0,2.0,4,1.0,28,Normandie,76,3,97,Rouen,114083,1556,115639.0
202100013835,9,10,2021,04:20,5,76.0,76447,2,3,1.0,6.0,Avenue Antoine de Saint-Exupéry,"49,5499600000","0,1764000000",,76.076447,76447,Seine-Maritime,28.0,Normandie,50.0,3.0,2.0,2,1.0,28,Normandie,76,2,15,Montivilliers,15457,203,15660.0
202100013836,8,10,2021,18:10,1,76.0,76351,2,1,1.0,6.0,RENE BAZILLE,"49,5060900000","0,1233200000",,76.076351,76351,Seine-Maritime,28.0,Normandie,50.0,4.0,2.0,1,1.0,28,Normandie,76,2,96,LeHavre,166058,1780,167838.0
202100013929,12,10,2021,08:15,1,76.0,76591,1,2,1.0,3.0,Route de Gournay,"49,4516740000","1,2102070000",,76.076591,76591,Seine-Maritime,28.0,Normandie,80.0,2.0,2.0,2,1.0,28,Normandie,76,3,6,Saint-Jacques-sur-Darnétal,3152,49,3201.0
202100013992,9,10,2021,20:10,5,76.0,76259,2,9,1.0,6.0,BERIGNY (QUAI),"49,7600797515","0,3694863617",,76.076259,76259,Seine-Maritime,28.0,Normandie,50.0,3.0,3.0,2,1.0,28,Normandie,76,2,11,Fécamp,18016,269,18285.0
202100013993,9,10,2021,18:50,1,76.0,76217,2,2,1.0,3.0,AVENUE JEAN JAURES,"49,9150517270","1,0747497529",,76.076217,76217,Seine-Maritime,28.0,Normandie,-1.0,3.0,2.0,-1,1.0,28,Normandie,76,1,95,Dieppe,28358,455,28813.0
202100014045,11,10,2021,18:55,1,76.0,76255,2,1,1.0,6.0,Route de Mers,"50,0601188372","1,4117049074",,76.076255,76255,Seine-Maritime,28.0,Normandie,50.0,3.0,2.0,2,1.0,28,Normandie,76,1,10,Eu,6591,197,6788.0
202100014293,9,10,2021,16:30,1,76.0,76164,1,1,1.0,1.0,D81,"49,5199430000","0,6942200000",,76.076164,76164,Seine-Maritime,28.0,Normandie,70.0,3.0,2.0,2,1.0,28,Normandie,76,3,25,Rives-en-Seine,4078,66,4144.0
202100014294,10,10,2021,03:30,3,76.0,76678,1,1,5.0,7.0,D915,"49,6401380000","1,4329520000",,76.076678,76678,Seine-Maritime,28.0,Normandie,80.0,3.0,2.0,2,1.0,28,Normandie,76,1,23,Sommery,834,10,844.0
202100014305,8,10,2021,14:20,1,76.0,76391,1,1,1.0,6.0,138 RN,"49,3270100000","0,9095600000",,76.076391,76391,Seine-Maritime,28.0,Normandie,80.0,7.0,2.0,2,1.0,28,Normandie,76,3,9,La Londe,2362,71,2433.0
202100014306,7,10,2021,10:00,1,76.0,76351,2,2,1.0,6.0,GEORGES LAFAURIE (RUE),"49,5017600000","0,1160200000",,76.076351,76351,Seine-Maritime,28.0,Normandie,50.0,4.0,2.0,5,1.0,28,Normandie,76,2,96,LeHavre,166058,1780,167838.0
202100014342,8,10,2021,09:00,1,76.0,76540,2,2,1.0,3.0,SAINT GERVAIS. CAVEE,"49,4499100000","1,0838100000",,76.076540,76540,Seine-Maritime,28.0,Normandie,30.0,4.0,1.0,2,1.0,28,Normandie,76,3,97,Rouen,114083,1556,115639.0
202100014468,9,10,2021,11:40,1,76.0,76738,1,1,7.0,3.0,D919,"49,5825040000","1,3036390000",,76.076738,76738,Seine-Maritime,28.0,Normandie,80.0,3.0,2.0,2,1.0,28,Normandie,76,3,21,Vieux-Manoir,771,11,782.0
202100014522,9,10,2021,11:30,1,76.0,76718,1,1,1.0,3.0,Route Departementale 6015,"49,6180300000","0,7411910000",,76.076718,76718,Seine-Maritime,28.0,Normandie,70.0,3.0,2.0,2,1.0,28,Normandie,76,3,35,ValliquervilLe1423,38,1461,
202100014573,6,10,2021,17:45,1,76.0,76305,1,1,1.0,7.0,ESTUAIRE,"49,4578625851","0,2096468210",,76.076305,76305,Seine-Maritime,28.0,Normandie,70.0,4.0,2.0,2,1.0,28,Normandie,76,2,16,Gonfreville-l'Orcher,8961,44,9005.0
202100014574,6,10,2021,09:10,1,76.0,76351,2,4,1.0,6.0,FELIX FAURE,"49,5017000000","0,1164400000",,76.076351,76351,Seine-Maritime,28.0,Normandie,50.0,4.0,2.0,2,2.0,28,Normandie,76,2,96,LeHavre,166058,1780,167838.0
202100014575,7,10,2021,07:55,2,76.0,76349,2,2,1.0,3.0,DIEPPE (ROUTE DE),"49,9014700000","1,0517300000",,76.076349,76349,Seine-Maritime,28.0,Normandie,50.0,3.0,2.0,2,1.0,28,Normandie,76,1,7,Hautot-sur-Mer,1887,46,1933.0
202100014717,7,10,2021,19:20,2,76.0,76420,2,2,1.0,3.0,rte de rouen,"49,6043533270","1,4862053096",,76.076420,76420,Seine-Maritime,28.0,Normandie,70.0,3.0,2.0,2,1.0,28,Normandie,76,1,12,Mauquenchy,363,5,368.0
202100014995,10,9,2021,15:40,1,76.0,76178,2,1,1.0,6.0,EGLISE. RUE DE L',"49,3143200000","1,0330000000",,76.076178,76178,Seine-Maritime,28.0,Normandie,50.0,4.0,2.0,2,1.0,28,Normandie,76,3,5,Cléon,4907,30,4937.0
202100014996,3,10,2021,08:00,3,76.0,76481,2,6,2.0,6.0,RD 6382,"49,5315000000","0,1034200000",,76.076481,76481,Seine-Maritime,28.0,Normandie,50.0,3.0,3.0,4,2.0,28,Normandie,76,2,26,Octeville-sur-Mer,6122,119,6241.0
202100014997,3,10,2021,06:30,5,76.0,76351,2,2,2.0,1.0,MARECHAL JOFFRE (RUE),"49,4985900000","0,1181600000",,76.076351,76351,Seine-Maritime,28.0,Normandie,30.0,4.0,2.0,2,2.0,28,Normandie,76,2,96,LeHavre,166058,1780,167838.0
202100015260,2,10,2021,17:40,1,76.0,76611,1,2,3.0,3.0,D467,"49,6506120000","0,8774690000",,76.076611,76611,Seine-Maritime,28.0,Normandie,80.0,3.0,2.0,2,2.0,28,Normandie,76,3,35,Saint-Martin-aux-Arbres,314,9,323.0
202100015463,17,6,2021,18:15,1,76.0,76239,1,1,1.0,6.0,A29 - PK 30+500,"49,5374790000","0,3167040000",,76.076239,76239,Seine-Maritime,28.0,Normandie,130.0,1.0,3.0,3,1.0,28,Normandie,76,2,32,Épretot,783,13,796.0
202100015518,2,10,2021,13:43,1,76.0,76429,2,1,2.0,7.0,PARIS. ROUTE DE (RN 14),"49,4065100000","1,1520700000",,76.076429,76429,Seine-Maritime,28.0,Normandie,50.0,6.0,-1.0,-1,2.0,28,Normandie,76,3,21,LeMesnil-Esnard,7980,353,8333.0
202100015519,30,9,2021,15:55,1,76.0,76351,2,1,1.0,6.0,LUCIEN CORBEAUX (AVENUE),"49,4854200000","0,1155200000",,76.076351,76351,Seine-Maritime,28.0,Normandie,50.0,4.0,2.0,2,1.0,28,Normandie,76,2,96,LeHavre,166058,1780,167838.0
202100015785,24,8,2021,18:22,1,76.0,76281,1,4,1.0,1.0,1 Rue de Freneuse,"49,5201220000","0,5748540000",,76.076281,76281,Seine-Maritime,28.0,Normandie,90.0,3.0,2.0,3,1.0,28,Normandie,76,2,25,La Frénaye,2081,44,2125.0
202100015887,30,9,2021,19:00,2,76.0,76095,2,2,1.0,3.0,JUIN. AVENUE DU MARECHAL,"49,4620800000","1,1262200000",,76.076095,76095,Seine-Maritime,28.0,Normandie,50.0,7.0,2.0,4,1.0,28,Normandie,76,3,2,Bihorel,8199,164,8363.0
202100015989,30,9,2021,11:40,1,76.0,76208,1,1,1.0,5.0,Route de Dampierre,"49,5030850000","1,7073660000",,76.076208,76208,Seine-Maritime,28.0,Normandie,80.0,3.0,2.0,2,1.0,28,Normandie,76,1,12,Cuy-Saint-Fiacre,642,9,651.0
202100016119,29,9,2021,23:55,5,76.0,76540,2,1,1.0,6.0,RENARD. RUE DU,"49,4489700000","1,0793200000",,76.076540,76540,Seine-Maritime,28.0,Normandie,30.0,4.0,1.0,1,1.0,28,Normandie,76,3,97,Rouen,114083,1556,115639.0
202100016120,28,9,2021,18:00,1,76.0,76351,2,2,1.0,3.0,LA MAILLERAYE (DE),"49,4878200000","0,1017600000",,76.076351,76351,Seine-Maritime,28.0,Normandie,50.0,4.0,2.0,2,1.0,28,Normandie,76,2,96,LeHavre,166058,1780,167838.0
202100016437,27,9,2021,12:45,1,76.0,76351,2,2,1.0,6.0,REPUBLIQUE (COURS DE LA),"49,4960800000","0,1268400000",,76.076351,76351,Seine-Maritime,28.0,Normandie,50.0,4.0,2.0,4,1.0,28,Normandie,76,2,96,LeHavre,166058,1780,167838.0
202100016461,28,9,2021,00:25,5,76.0,76540,2,2,1.0,3.0,RONDEAUX. AVENUE JEAN,"49,4338800000","1,0761100000",,76.076540,76540,Seine-Maritime,28.0,Normandie,50.0,2.0,2.0,4,1.0,28,Normandie,76,3,97,Rouen,114083,1556,115639.0
202100016462,27,9,2021,18:05,1,76.0,76497,2,3,1.0,3.0,BRIAND. RUE ARISTIDE (CD 3),"49,3846100000","1,0216200000",,76.076497,76497,Seine-Maritime,28.0,Normandie,30.0,4.0,2.0,2,1.0,28,Normandie,76,3,13,Petit-Couronne,8688,175,8863.0
202100016463,26,9,2021,01:00,3,76.0,76270,1,1,1.0,6.0,RD 31,"49,5528400000","0,1401500000",,76.076270,76270,Seine-Maritime,28.0,Normandie,50.0,3.0,2.0,2,1.0,28,Normandie,76,2,26,Fontaine-la-Mallet,2635,54,2689.0
202100016464,24,9,2021,20:30,5,76.0,76351,2,2,1.0,1.0,Rue Andreï Sakharov,"49,5048200000","0,1687700000",,76.076351,76351,Seine-Maritime,28.0,Normandie,50.0,4.0,2.0,3,1.0,28,Normandie,76,2,96,LeHavre,166058,1780,167838.0
202100016639,26,9,2021,03:30,5,76.0,76429,1,6,1.0,7.0,DARNETAL. ROUTE DE,"49,4123172891","1,1544024758",,76.076429,76429,Seine-Maritime,28.0,Normandie,80.0,7.0,2.0,2,2.0,28,Normandie,76,3,21,LeMesnil-Esnard,7980,353,8333.0
202100016703,26,9,2021,21:45,3,76.0,76141,1,1,1.0,4.0,D910,"49,6356200000","0,3850790000",,76.076141,76141,Seine-Maritime,28.0,Normandie,80.0,3.0,2.0,2,1.0,28,Normandie,76,2,32,Bréauté,1365,13,1378.0
202100016704,25,9,2021,15:20,1,76.0,76636,1,1,1.0,4.0,D43,"49,4959500000","0,9071870000",,76.076636,76636,Seine-Maritime,28.0,Normandie,80.0,7.0,2.0,2,1.0,28,Normandie,76,3,1,Saint-Pierre-de-VarengevilLe2299,33,2332,
202100016846,24,9,2021,18:30,2,76.0,76212,2,1,1.0,2.0,LEFEBVRE. RUE PIERRE,"49,4403000000","1,1478100000",,76.076212,76212,Seine-Maritime,28.0,Normandie,30.0,6.0,-1.0,-1,1.0,28,Normandie,76,3,6,Darnétal,9738,74,9812.0
202100016847,23,9,2021,16:25,1,76.0,76319,2,3,1.0,6.0,Boulevard Maritime,"49,3658900000","1,0001900000",,76.076319,76319,Seine-Maritime,28.0,Normandie,50.0,4.0,2.0,2,1.0,28,Normandie,76,3,9,Grand-Couronne,9726,177,9903.0
202100016848,23,9,2021,13:40,1,76.0,76561,2,6,1.0,3.0,FOCH. RUE DU MARECHAL,"49,3013700000","1,0230300000",,76.076561,76561,Seine-Maritime,28.0,Normandie,50.0,4.0,2.0,2,1.0,28,Normandie,76,3,5,Saint-Aubin-lès-Elbeuf,8428,75,8503.0
202100016849,22,9,2021,17:30,1,76.0,76351,2,6,1.0,7.0,SEIZIEME PORT (AVENUE DU),"49,4833700000","0,1649900000",,76.076351,76351,Seine-Maritime,28.0,Normandie,50.0,4.0,2.0,2,1.0,28,Normandie,76,2,96,LeHavre,166058,1780,167838.0
202100017277,24,9,2021,20:30,3,76.0,76533,1,1,1.0,3.0,A131,"49,4946490000","0,2665350000",,76.076533,76533,Seine-Maritime,28.0,Normandie,130.0,1.0,1.0,4,1.0,28,Normandie,76,2,16,RogervilLe1706,19,1725,
202100017423,22,9,2021,13:00,1,76.0,76429,2,2,1.0,2.0,REPUBLIQUE. RUE DE LA,"49,4107265551","1,1428678036",,76.076429,76429,Seine-Maritime,28.0,Normandie,50.0,7.0,2.0,2,1.0,28,Normandie,76,3,21,LeMesnil-Esnard,7980,353,8333.0