Num_Acc,jour,mois,an,hrmn,lum,dep,com,agg,int,atm,col,adr,lat,long,gps,com_insee_temp,com_insee,departmentName,regionCode,regionName,vma,catr,circ,nbv,surf,Code,Region,Departement,Arrondissement,Code_Canton,Nom_Commune,Population_municipaLe,Population_comptee_a_part,Population_Totale
202100041263,5,5,2021,12:30,1,76.0,76217,2,1,1.0,6.0,THIERS (RUE),"49,9183600000","1,0771200000",,76.076217,76217,Seine-Maritime,28.0,Normandie,30.0,4.0,-1.0,2,1.0,28,Normandie,76,1,95,Dieppe,28358,455,28813.0
202100041511,3,5,2021,14:47,1,76.0,76540,1,1,1.0,6.0,pont mathilde,"49,4341057434","1,1050862074",,76.076540,76540,Seine-Maritime,28.0,Normandie,70.0,7.0,3.0,6,1.0,28,Normandie,76,3,97,Rouen,114083,1556,115639.0
202100041512,3,5,2021,14:10,1,76.0,76540,2,9,1.0,6.0,MADAGASCAR. RUE DE,"49,4370000000","1,0661600000",,76.076540,76540,Seine-Maritime,28.0,Normandie,50.0,4.0,1.0,2,1.0,28,Normandie,76,3,97,Rouen,114083,1556,115639.0
202100041513,30,4,2021,13:40,1,76.0,76305,1,6,1.0,7.0,ESTUAIRE,"49,4577300000","0,2059000000",,76.076305,76305,Seine-Maritime,28.0,Normandie,50.0,4.0,2.0,2,1.0,28,Normandie,76,2,16,Gonfreville-l'Orcher,8961,44,9005.0
202100041514,1,5,2021,16:10,1,76.0,76026,2,6,1.0,3.0,VERDIER MONETTI (RUE),"49,8826000000","1,1414300000",,76.076026,76026,Seine-Maritime,28.0,Normandie,30.0,3.0,2.0,2,1.0,28,Normandie,76,1,8,Arques-la-BatailLe2480,44,2524,
202100041587,4,5,2021,09:35,1,76.0,76697,1,1,6.0,6.0,Route de la Vallée,"49,7947600000","1,1731500000",,76.076697,76697,Seine-Maritime,28.0,Normandie,50.0,3.0,2.0,2,1.0,28,Normandie,76,1,20,Torcy-le-Grand,791,24,815.0
202100041635,23,2,2021,18:00,1,76.0,76108,2,1,1.0,6.0,NEUFCHATEL. ROUTE DE (RN 28),"49,4697000000","1,1198000000",,76.076108,76108,Seine-Maritime,28.0,Normandie,50.0,7.0,-1.0,2,1.0,28,Normandie,76,3,2,Bois-Guillaume,14262,361,14623.0
202100041643,29,4,2021,14:05,1,76.0,76351,2,2,1.0,6.0,FOCH (AVENUE),"49,4931500000","0,1007800000",,76.076351,76351,Seine-Maritime,28.0,Normandie,50.0,4.0,1.0,1,1.0,28,Normandie,76,2,96,LeHavre,166058,1780,167838.0
202100041647,27,4,2021,18:31,1,76.0,76351,2,2,1.0,6.0,FLORIMOND LAURENT (RUE),"49,5186200000","0,1169800000",,76.076351,76351,Seine-Maritime,28.0,Normandie,50.0,4.0,2.0,3,1.0,28,Normandie,76,2,96,LeHavre,166058,1780,167838.0
202100041649,25,4,2021,17:10,1,76.0,76351,2,1,1.0,6.0,MAXIMILLIEN ROBESPIERRE,"49,5151000000","0,1702500000",,76.076351,76351,Seine-Maritime,28.0,Normandie,10.0,6.0,-1.0,-1,1.0,28,Normandie,76,2,96,LeHavre,166058,1780,167838.0
202100041664,2,5,2021,21:40,3,76.0,76498,1,1,1.0,6.0,SUD III (RN 338),"49,4340119367","1,0654320582",,76.076498,76498,Seine-Maritime,28.0,Normandie,90.0,2.0,1.0,2,1.0,28,Normandie,76,3,27,LePetit-Quevilly,21782,274,22056.0
202100041785,1,5,2021,21:20,5,76.0,76231,2,1,9.0,7.0,MESLIERS. COTE DES,"49,2866430000","0,9951090000",,76.076231,76231,Seine-Maritime,28.0,Normandie,50.0,4.0,-1.0,1,2.0,28,Normandie,76,3,9,Elbeuf,15951,138,16089.0
202100041786,1,5,2021,20:10,1,76.0,76575,2,1,1.0,5.0,COQUELICOTS. RUE DES,"49,3909400000","1,0977400000",,76.076575,76575,Seine-Maritime,28.0,Normandie,50.0,4.0,2.0,2,2.0,28,Normandie,76,3,98,Saint-Étienne-du-Rouvray,28508,225,28733.0
202100041883,27,4,2021,13:46,1,76.0,76349,2,2,1.0,7.0,DIEPPE (ROUTE DE),"49,9014500000","1,0517100000",,76.076349,76349,Seine-Maritime,28.0,Normandie,50.0,3.0,2.0,2,1.0,28,Normandie,76,1,7,Hautot-sur-Mer,1887,46,1933.0
202100042088,29,4,2021,15:50,1,76.0,76254,2,7,1.0,6.0,Place Maurice Guillard,"49,7074690000","0,2059660000",,76.076254,76254,Seine-Maritime,28.0,Normandie,50.0,6.0,-1.0,-1,1.0,28,Normandie,76,2,26,Étretat,1233,7,1240.0
202100042166,27,4,2021,08:05,1,76.0,76351,2,2,1.0,6.0,WINSTON CHURCHILL,"49,4941000000","0,1389000000",,76.076351,76351,Seine-Maritime,28.0,Normandie,50.0,4.0,3.0,4,1.0,28,Normandie,76,2,96,LeHavre,166058,1780,167838.0
202100042167,26,4,2021,13:30,1,76.0,76305,1,1,1.0,6.0,RD 6015,"49,5124156970","0,2227413654",,76.076305,76305,Seine-Maritime,28.0,Normandie,80.0,3.0,3.0,4,1.0,28,Normandie,76,2,16,Gonfreville-l'Orcher,8961,44,9005.0
202100042168,26,4,2021,10:55,1,76.0,76351,2,3,1.0,3.0,Rue Eugène Mopin,"49,5173000000","0,1572000000",,76.076351,76351,Seine-Maritime,28.0,Normandie,30.0,4.0,2.0,4,1.0,28,Normandie,76,2,96,LeHavre,166058,1780,167838.0
202100042294,26,4,2021,19:45,1,76.0,76351,2,1,1.0,1.0,GRAVILLE (BD DE),"49,4980100000","0,1468400000",,76.076351,76351,Seine-Maritime,28.0,Normandie,50.0,4.0,2.0,4,1.0,28,Normandie,76,2,96,LeHavre,166058,1780,167838.0
202100042443,26,4,2021,18:25,1,76.0,76157,2,1,1.0,1.0,DUMAS. RUE ALEXANDRE,"49,4443900000","1,0324100000",,76.076157,76157,Seine-Maritime,28.0,Normandie,50.0,4.0,2.0,2,1.0,28,Normandie,76,3,4,Canteleu,13966,360,14326.0
202100042444,26,4,2021,18:00,1,76.0,76540,2,1,1.0,4.0,pont mathilde,"49,4305800000","1,1018600000",,76.076540,76540,Seine-Maritime,28.0,Normandie,70.0,7.0,3.0,3,1.0,28,Normandie,76,3,97,Rouen,114083,1556,115639.0
202100042445,23,4,2021,11:40,1,76.0,76351,2,2,1.0,3.0,JULES GUESDE (RUE),"49,5100000000","0,1184000000",,76.076351,76351,Seine-Maritime,28.0,Normandie,50.0,4.0,2.0,2,1.0,28,Normandie,76,2,96,LeHavre,166058,1780,167838.0
202100042446,23,4,2021,22:25,5,76.0,76351,2,1,1.0,6.0,BOIS DE BLEVILLE (AVENUE DU),"49,5243200000","0,1269100000",,76.076351,76351,Seine-Maritime,28.0,Normandie,50.0,4.0,2.0,2,1.0,28,Normandie,76,2,96,LeHavre,166058,1780,167838.0
202100042447,24,4,2021,16:30,1,76.0,76341,2,1,1.0,7.0,RESISTANCE (AVENUE DE LA),"49,5049270000","0,1991690000",,76.076341,76341,Seine-Maritime,28.0,Normandie,50.0,3.0,2.0,3,1.0,28,Normandie,76,2,15,Harfleur,8315,53,8368.0
202100042448,25,4,2021,14:30,1,76.0,76351,2,1,1.0,6.0,GUSTAVE FLAUBERT,"49,4967450000","0,1068500000",,76.076351,76351,Seine-Maritime,28.0,Normandie,50.0,4.0,1.0,1,1.0,28,Normandie,76,2,96,LeHavre,166058,1780,167838.0
202100042561,26,4,2021,15:40,1,76.0,76164,2,1,1.0,7.0,Avenue Winston Churchill,"49,5245990000","0,7224050000",,76.076164,76164,Seine-Maritime,28.0,Normandie,10.0,6.0,-1.0,-1,1.0,28,Normandie,76,3,25,Rives-en-Seine,4078,66,4144.0
202100042582,25,4,2021,15:40,1,76.0,76540,2,2,1.0,3.0,RENARD. RUE DU,"49,4519500000","1,0690200000",,76.076540,76540,Seine-Maritime,28.0,Normandie,30.0,4.0,2.0,2,1.0,28,Normandie,76,3,97,Rouen,114083,1556,115639.0
202100042736,24,4,2021,16:10,1,76.0,76622,1,1,1.0,6.0,Route du Petit Long,"49,4764590000","0,6041810000",,76.076622,76622,Seine-Maritime,28.0,Normandie,80.0,9.0,2.0,1,1.0,28,Normandie,76,2,25,Saint-Maurice-d'Ételan,293,10,303.0
202100042828,23,4,2021,18:53,1,76.0,76497,2,2,1.0,3.0,CHURCHILL. RUE WINSTON,"49,3871200000","1,0214400000",,76.076497,76497,Seine-Maritime,28.0,Normandie,50.0,4.0,2.0,2,1.0,28,Normandie,76,3,13,Petit-Couronne,8688,175,8863.0
202100042829,23,4,2021,08:10,1,76.0,76540,2,2,1.0,3.0,RUE NANSEN,"49,4475520000","1,0602520000",,76.076540,76540,Seine-Maritime,28.0,Normandie,-1.0,2.0,3.0,-1,1.0,28,Normandie,76,3,97,Rouen,114083,1556,115639.0
202100042830,23,4,2021,02:10,5,76.0,76322,2,1,1.0,6.0,RAVEL. BOULEVARD MAURICE,"49,4055800000","1,0437100000",,76.076322,76322,Seine-Maritime,28.0,Normandie,50.0,4.0,2.0,2,1.0,28,Normandie,76,3,13,LeGrand-Quevilly,25975,225,26200.0
202100042831,22,4,2021,21:15,3,76.0,76157,2,3,1.0,7.0,BOULET. RUE GASTON,"49,4540100000","1,0494000000",,76.076157,76157,Seine-Maritime,28.0,Normandie,50.0,4.0,2.0,2,1.0,28,Normandie,76,3,4,Canteleu,13966,360,14326.0
202100042832,22,4,2021,10:45,1,76.0,76305,2,1,1.0,7.0,PREMIER MAI,"49,5054500000","0,2355700000",,76.076305,76305,Seine-Maritime,28.0,Normandie,50.0,6.0,-1.0,-1,1.0,28,Normandie,76,2,16,Gonfreville-l'Orcher,8961,44,9005.0
202100042953,24,4,2021,11:35,1,76.0,76146,1,3,1.0,3.0,Route de Rocquemont,"49,5879160000","1,3459540000",,76.076146,76146,Seine-Maritime,28.0,Normandie,80.0,3.0,2.0,2,1.0,28,Normandie,76,3,21,Buchy,2805,108,2913.0
202100043010,23,2,2021,17:34,1,76.0,76540,2,1,1.0,2.0,PONT GUSTAVE FLAUBERT,"49,4437700000","1,0638700000",,76.076540,76540,Seine-Maritime,28.0,Normandie,70.0,2.0,1.0,3,1.0,28,Normandie,76,3,97,Rouen,114083,1556,115639.0
202100043088,23,4,2021,17:40,1,76.0,76627,1,3,1.0,2.0,Route de Lillebonne,"49,5302819933","0,4758552900",,76.076627,76627,Seine-Maritime,28.0,Normandie,70.0,3.0,2.0,2,1.0,28,Normandie,76,2,3,Saint-Nicolas-de-la-TailLe1642,36,1678,
202100043286,21,4,2021,13:45,1,76.0,76164,1,1,1.0,1.0,Route de Caillouville,"49,5298830000","0,7734400000",,76.076164,76164,Seine-Maritime,28.0,Normandie,50.0,3.0,2.0,2,1.0,28,Normandie,76,3,25,Rives-en-Seine,4078,66,4144.0
202100043426,16,4,2021,22:05,5,76.0,76351,1,1,1.0,6.0,route de l estuaire,"49,4633200000","0,1835300000",,76.076351,76351,Seine-Maritime,28.0,Normandie,50.0,9.0,2.0,2,1.0,28,Normandie,76,2,96,LeHavre,166058,1780,167838.0
202100043427,17,4,2021,14:30,1,76.0,76351,2,2,1.0,3.0,DUME D'APLEMONT,"49,4975000000","0,1256900000",,76.076351,76351,Seine-Maritime,28.0,Normandie,50.0,4.0,2.0,2,1.0,28,Normandie,76,2,96,LeHavre,166058,1780,167838.0
202100043428,17,4,2021,12:15,1,76.0,76305,2,3,1.0,2.0,SAINT LAURENT (ROUTE DE),"49,5236700000","0,2252100000",,76.076305,76305,Seine-Maritime,28.0,Normandie,50.0,3.0,2.0,2,1.0,28,Normandie,76,2,16,Gonfreville-l'Orcher,8961,44,9005.0
202100043491,20,4,2021,15:10,1,76.0,76549,2,3,1.0,2.0,route de l'ancienne forge,"49,7594980000","0,9272180000",,76.076549,76549,Seine-Maritime,28.0,Normandie,50.0,3.0,2.0,2,1.0,28,Normandie,76,1,20,Saâne-Saint-Just,140,6,146.0
202100043601,19,4,2021,16:30,1,76.0,76533,1,1,1.0,3.0,D982,"49,4957662453","0,2580553293",,76.076533,76533,Seine-Maritime,28.0,Normandie,80.0,3.0,2.0,2,1.0,28,Normandie,76,2,16,RogervilLe1706,19,1725,
202100043716,18,4,2021,17:30,1,76.0,76522,1,1,1.0,1.0,54 Rue des Chataîgniers,"49,5279500000","0,4085900000",,76.076522,76522,Seine-Maritime,28.0,Normandie,70.0,3.0,2.0,2,1.0,28,Normandie,76,2,32,La Remuée,1285,24,1309.0
202100043751,16,4,2021,23:00,5,76.0,76540,2,7,1.0,7.0,JOFFRE. PLACE,"49,4352300000","1,0866000000",,76.076540,76540,Seine-Maritime,28.0,Normandie,30.0,4.0,1.0,1,1.0,28,Normandie,76,3,97,Rouen,114083,1556,115639.0
202100043752,15,4,2021,14:47,1,76.0,76305,1,1,1.0,1.0,RD 6382G,"49,5003900000","0,1955800000",,76.076305,76305,Seine-Maritime,28.0,Normandie,70.0,3.0,1.0,1,1.0,28,Normandie,76,2,16,Gonfreville-l'Orcher,8961,44,9005.0
202100043866,12,4,2021,18:45,1,76.0,76341,2,6,2.0,3.0,RD 982,"49,5044100000","0,1958300000",,76.076341,76341,Seine-Maritime,28.0,Normandie,50.0,3.0,1.0,1,2.0,28,Normandie,76,2,15,Harfleur,8315,53,8368.0
202100043987,16,3,2021,08:35,2,76.0,76295,1,3,2.0,1.0,Route de Gournay,"49,6345545414","1,6224776208",,76.076295,76295,Seine-Maritime,28.0,Normandie,80.0,3.0,2.0,2,2.0,28,Normandie,76,1,12,Gaillefontaine,1183,13,1196.0
202100044215,13,4,2021,16:25,1,76.0,76164,2,1,1.0,6.0,Place du Général de Gaulle,"49,5247800000","0,7293700000",,76.076164,76164,Seine-Maritime,28.0,Normandie,-1.0,3.0,-1.0,-1,1.0,28,Normandie,76,3,25,Rives-en-Seine,4078,66,4144.0
202100044249,12,4,2021,14:30,1,76.0,76540,2,2,1.0,3.0,RONDEAUX. AVENUE JEAN,"49,4387600000","1,0797400000",,76.076540,76540,Seine-Maritime,28.0,Normandie,50.0,3.0,2.0,4,1.0,28,Normandie,76,3,97,Rouen,114083,1556,115639.0
202100044337,12,4,2021,09:30,1,76.0,76439,1,1,1.0,2.0,Autoroute A29.,"49,5904970000","0,4497980000",,76.076439,76439,Seine-Maritime,28.0,Normandie,130.0,1.0,3.0,4,1.0,28,Normandie,76,2,3,MirvilLe352,9,361,
202100044453,10,4,2021,00:55,5,76.0,76402,2,3,2.0,6.0,RN 27 (ROUTE DE DIEPPE),"49,5239400000","1,0415700000",,76.076402,76402,Seine-Maritime,28.0,Normandie,50.0,7.0,2.0,2,2.0,28,Normandie,76,3,24,Malaunay,6143,49,6192.0
202100044502,11,4,2021,16:10,1,76.0,76622,1,1,1.0,7.0,Route du Petit Long,"49,4653980000","0,6170310000",,76.076622,76622,Seine-Maritime,28.0,Normandie,80.0,4.0,2.0,2,1.0,28,Normandie,76,2,25,Saint-Maurice-d'Ételan,293,10,303.0
202100044619,10,4,2021,13:55,1,76.0,76126,1,1,3.0,6.0,A28 - PK68+500 vers ABBEVILLE,"49,6784630000","1,3414960000",,76.076126,76126,Seine-Maritime,28.0,Normandie,110.0,1.0,3.0,4,4.0,28,Normandie,76,1,23,Bosc-Mesnil,325,5,330.0
202100044735,8,4,2021,13:45,1,76.0,76204,2,1,7.0,7.0,133 route de montreuil,"49,7383580259","1,1473980546",,76.076204,76204,Seine-Maritime,28.0,Normandie,50.0,3.0,2.0,2,1.0,28,Normandie,76,1,23,Cropus,255,2,257.0
202100044785,2,2,2021,23:50,3,76.0,76497,2,1,1.0,6.0,VOIE RAPIDE SUD 3 (RN 338),"49,3890113723","1,0447857595",,76.076497,76497,Seine-Maritime,28.0,Normandie,110.0,2.0,3.0,3,2.0,28,Normandie,76,3,13,Petit-Couronne,8688,175,8863.0
202100044864,7,4,2021,13:30,1,76.0,76222,2,1,7.0,1.0,137 Rue Gustave Flaubert,"49,4866180000","0,8804240000",,76.076222,76222,Seine-Maritime,28.0,Normandie,30.0,4.0,2.0,2,1.0,28,Normandie,76,3,1,Duclair,4020,52,4072.0
202100044922,4,4,2021,22:20,5,76.0,76296,1,2,1.0,6.0,Rue de la Libération,"49,5176500000","0,2506500000",,76.076296,76296,Seine-Maritime,28.0,Normandie,70.0,3.0,2.0,2,1.0,28,Normandie,76,2,16,GainnevilLe2511,39,2550,
202100044923,2,4,2021,17:45,1,76.0,76351,2,3,1.0,3.0,REPUBLIQUE (COURS DE LA),"49,4976700000","0,1280200000",,76.076351,76351,Seine-Maritime,28.0,Normandie,50.0,4.0,3.0,6,1.0,28,Normandie,76,2,96,LeHavre,166058,1780,167838.0
202100044924,3,4,2021,17:45,1,76.0,76270,1,1,1.0,2.0,D6382,"49,5272200000","0,1507600000",,76.076270,76270,Seine-Maritime,28.0,Normandie,90.0,3.0,3.0,4,1.0,28,Normandie,76,2,26,Fontaine-la-Mallet,2635,54,2689.0
202100045274,4,4,2021,11:30,1,76.0,76220,2,2,1.0,6.0,D920/D58,"49,8704940000","1,3230370000",,76.076220,76220,Seine-Maritime,28.0,Normandie,50.0,3.0,2.0,2,1.0,28,Normandie,76,1,8,Douvrend,523,12,535.0
202100045529,29,1,2021,07:35,2,76.0,76351,2,2,2.0,6.0,REPUBLIQUE (COURS DE LA),"49,4960000000","0,1268900000",,76.076351,76351,Seine-Maritime,28.0,Normandie,50.0,4.0,2.0,5,2.0,28,Normandie,76,2,96,LeHavre,166058,1780,167838.0
202100045560,1,4,2021,19:00,1,76.0,76322,2,3,1.0,3.0,Avenue Franklin Roosevelt,"49,4006000000","1,0532000000",,76.076322,76322,Seine-Maritime,28.0,Normandie,50.0,4.0,2.0,2,1.0,28,Normandie,76,3,13,LeGrand-Quevilly,25975,225,26200.0
202100046030,30,3,2021,17:20,1,76.0,76533,1,1,1.0,7.0,A29,"49,5000610000","0,2754310000",,76.076533,76533,Seine-Maritime,28.0,Normandie,110.0,1.0,3.0,4,1.0,28,Normandie,76,2,16,RogervilLe1706,19,1725,
202100046342,27,3,2021,22:50,5,76.0,76540,2,1,1.0,7.0,CHASTELLAIN. AVENUE JACQUES,"49,4357400000","1,0956100000",,76.076540,76540,Seine-Maritime,28.0,Normandie,30.0,4.0,2.0,3,1.0,28,Normandie,76,3,97,Rouen,114083,1556,115639.0
202100046679,26,3,2021,16:00,1,76.0,76159,1,1,3.0,7.0,Route de Calvaille,"49,7833837276","0,6481970846",,76.076159,76159,Seine-Maritime,28.0,Normandie,50.0,4.0,2.0,2,2.0,28,Normandie,76,1,33,Cany-BarvilLe2947,46,2993,
202100046741,20,3,2021,19:10,1,76.0,76540,2,1,1.0,6.0,RONDEAUX. AVENUE JEAN,"49,4296000000","1,0717000000",,76.076540,76540,Seine-Maritime,28.0,Normandie,50.0,7.0,2.0,6,1.0,28,Normandie,76,3,97,Rouen,114083,1556,115639.0
202100046742,13,3,2021,09:30,1,76.0,76108,2,1,2.0,7.0,HAIE. RUE DE LA,"49,4652310612","1,1127137750",,76.076108,76108,Seine-Maritime,28.0,Normandie,50.0,4.0,2.0,2,2.0,28,Normandie,76,3,2,Bois-Guillaume,14262,361,14623.0
202100046743,16,3,2021,16:20,1,76.0,76540,2,1,2.0,1.0,GRAND MARE. AVENUE DE LA,"49,4603340000","1,1331140000",,76.076540,76540,Seine-Maritime,28.0,Normandie,30.0,7.0,2.0,2,2.0,28,Normandie,76,3,97,Rouen,114083,1556,115639.0
202100046887,16,3,2021,11:55,1,76.0,76540,2,1,2.0,7.0,HAVRE. QUAI (BAS) DU,"49,4392500000","1,0859800000",,76.076540,76540,Seine-Maritime,28.0,Normandie,10.0,9.0,2.0,1,2.0,28,Normandie,76,3,97,Rouen,114083,1556,115639.0
202100046888,19,3,2021,16:00,1,76.0,76165,2,1,1.0,1.0,SCHEURER KESTNER. RUE,"49,2800620000","1,0153060000",,76.076165,76165,Seine-Maritime,28.0,Normandie,50.0,4.0,2.0,2,1.0,28,Normandie,76,3,5,Caudebec-lès-Elbeuf,10135,69,10204.0
202100046889,5,3,2021,17:45,1,76.0,76322,1,4,1.0,7.0,VOIE RAPIDE SUD 3 (RN 338),"49,4132943316","1,0424894647",,76.076322,76322,Seine-Maritime,28.0,Normandie,50.0,2.0,1.0,1,1.0,28,Normandie,76,3,13,LeGrand-Quevilly,25975,225,26200.0
202100046890,6,3,2021,17:50,1,76.0,76351,2,2,1.0,6.0,VALLEE (RUE DE LA),"49,4948700000","0,1544500000",,76.076351,76351,Seine-Maritime,28.0,Normandie,50.0,4.0,2.0,2,1.0,28,Normandie,76,2,96,LeHavre,166058,1780,167838.0
202100046891,4,2,2021,15:20,1,76.0,76351,2,3,1.0,6.0,Quai George V,"49,4910000000","0,1098400000",,76.076351,76351,Seine-Maritime,28.0,Normandie,50.0,4.0,1.0,3,1.0,28,Normandie,76,2,96,LeHavre,166058,1780,167838.0
202100046997,23,3,2021,17:50,1,76.0,76484,1,1,1.0,7.0,Autoroute A13 pk 113.000,"49,3429360000","1,0600950000",,76.076484,76484,Seine-Maritime,28.0,Normandie,110.0,1.0,1.0,1,1.0,28,Normandie,76,3,31,Oissel,12367,83,12450.0
202100047000,24,3,2021,00:59,3,76.0,76283,1,1,1.0,7.0,Beau Soleil,"49,7569495400","1,3444192800",,76.076283,76283,Seine-Maritime,28.0,Normandie,80.0,3.0,2.0,2,1.0,28,Normandie,76,1,23,FresLes237,5,242,
202100047031,6,3,2021,23:05,5,76.0,76457,2,1,1.0,3.0,DEPARTEMENTALE 3,"49,3414600000","0,9652700000",,76.076457,76457,Seine-Maritime,28.0,Normandie,50.0,7.0,2.0,2,1.0,28,Normandie,76,3,9,Moulineaux,932,16,948.0
202100047032,6,3,2021,12:25,1,76.0,76540,2,1,1.0,3.0,LIBERATION. AVENUE DE LA,"49,4258200000","1,0686300000",,76.076540,76540,Seine-Maritime,28.0,Normandie,50.0,7.0,2.0,2,1.0,28,Normandie,76,3,97,Rouen,114083,1556,115639.0
202100047156,22,3,2021,06:55,1,76.0,76077,1,2,1.0,3.0,Route du Baillage,"49,7591600000","0,8388200000",,76.076077,76077,Seine-Maritime,28.0,Normandie,80.0,3.0,2.0,2,1.0,28,Normandie,76,3,35,BénesvilLe167,5,172,
202100047329,5,3,2021,18:45,5,76.0,76498,2,2,1.0,3.0,Rue des Frères Sehy,"49,4289000000","1,0695800000",,76.076498,76498,Seine-Maritime,28.0,Normandie,30.0,4.0,1.0,1,1.0,28,Normandie,76,3,27,LePetit-Quevilly,21782,274,22056.0
202100047330,17,3,2021,08:30,1,76.0,76217,2,2,1.0,3.0,PUECH (JEAN),"49,9245200000","1,1036900000",,76.076217,76217,Seine-Maritime,28.0,Normandie,50.0,4.0,2.0,2,1.0,28,Normandie,76,1,95,Dieppe,28358,455,28813.0
202100047480,7,3,2021,15:45,1,76.0,76474,2,1,1.0,3.0,Route de Dieppe,"49,4899500000","1,0493100000",,76.076474,76474,Seine-Maritime,28.0,Normandie,30.0,7.0,2.0,2,1.0,28,Normandie,76,3,24,Notre-Dame-de-BondevilLe6957,82,7039,
202100047481,7,3,2021,08:30,1,76.0,76540,2,1,1.0,7.0,Place Saint Marc,"49,4398900000","1,1019000000",,76.076540,76540,Seine-Maritime,28.0,Normandie,30.0,4.0,2.0,2,1.0,28,Normandie,76,3,97,Rouen,114083,1556,115639.0
202100047482,5,3,2021,11:05,1,76.0,76575,2,2,1.0,3.0,MADRILLET. RUE DU,"49,3947900000","1,0735500000",,76.076575,76575,Seine-Maritime,28.0,Normandie,50.0,4.0,2.0,2,1.0,28,Normandie,76,3,98,Saint-Étienne-du-Rouvray,28508,225,28733.0
202100047616,10,3,2021,14:30,1,76.0,76447,1,6,1.0,6.0,PRESIDENT WILSON,"49,5348695336","0,1786079783",,76.076447,76447,Seine-Maritime,28.0,Normandie,50.0,3.0,2.0,0,1.0,28,Normandie,76,2,15,Montivilliers,15457,203,15660.0
202100047770,15,3,2021,16:32,1,76.0,76351,2,2,1.0,7.0,MOGADOR,"49,4972000000","0,0983600000",,76.076351,76351,Seine-Maritime,28.0,Normandie,50.0,4.0,1.0,1,1.0,28,Normandie,76,2,96,LeHavre,166058,1780,167838.0
202100047771,16,3,2021,21:15,4,76.0,76565,1,6,2.0,7.0,RD 915,"49,8734900000","1,0998300000",,76.076565,76565,Seine-Maritime,28.0,Normandie,80.0,3.0,3.0,2,2.0,28,Normandie,76,1,7,Saint-Aubin-sur-Scie,1202,101,1303.0
202100047915,24,2,2021,17:14,1,76.0,76540,1,1,1.0,3.0,,"49,4508600000","1,0574500000",,76.076540,76540,Seine-Maritime,28.0,Normandie,70.0,1.0,3.0,4,1.0,28,Normandie,76,3,97,Rouen,114083,1556,115639.0
202100048062,15,3,2021,10:20,1,76.0,76260,1,1,2.0,1.0,Route de Gerberoy,"49,4948210000","1,7666320000",,76.076260,76260,Seine-Maritime,28.0,Normandie,80.0,3.0,2.0,2,2.0,28,Normandie,76,1,12,Ferrières-en-Bray,1675,15,1690.0
202100048180,13,3,2021,18:05,1,76.0,76595,1,2,2.0,3.0,Route du Moulin,"49,6363330000","0,1621270000",,76.076595,76595,Seine-Maritime,28.0,Normandie,70.0,3.0,2.0,2,2.0,28,Normandie,76,2,26,Saint-Jouin-Bruneval,1829,35,1864.0
202100048241,10,3,2021,17:40,1,76.0,76540,2,3,2.0,5.0,Boulevard de Verdun,"49,4462380000","1,1070460000",,76.076540,76540,Seine-Maritime,28.0,Normandie,50.0,4.0,2.0,4,2.0,28,Normandie,76,3,97,Rouen,114083,1556,115639.0
202100048242,11,3,2021,08:35,1,76.0,76540,2,9,1.0,7.0,SENARD. RUE,"49,4509030000","1,0914190000",,76.076540,76540,Seine-Maritime,28.0,Normandie,30.0,4.0,1.0,1,1.0,28,Normandie,76,3,97,Rouen,114083,1556,115639.0
202100048243,9,3,2021,08:45,1,76.0,76540,2,1,1.0,2.0,RONDEAUX. AVENUE JEAN,"49,4333700000","1,0752000000",,76.076540,76540,Seine-Maritime,28.0,Normandie,30.0,4.0,2.0,2,1.0,28,Normandie,76,3,97,Rouen,114083,1556,115639.0
202100048244,12,3,2021,07:45,1,76.0,76305,2,1,1.0,3.0,PONT VIII (ROUTE DU),"49,4972900000","0,2112000000",,76.076305,76305,Seine-Maritime,28.0,Normandie,50.0,4.0,2.0,2,2.0,28,Normandie,76,2,16,Gonfreville-l'Orcher,8961,44,9005.0
202100048323,13,3,2021,07:55,1,76.0,76750,1,1,2.0,3.0,CD982,"49,4600630000","0,8351970000",,76.076750,76750,Seine-Maritime,28.0,Normandie,90.0,7.0,2.0,2,2.0,28,Normandie,76,3,1,YainvilLe1037,13,1050,
202100048389,9,3,2021,11:30,1,76.0,76575,2,3,1.0,6.0,Rue Charles Nicolle,"49,3984500000","1,0782300000",,76.076575,76575,Seine-Maritime,28.0,Normandie,30.0,4.0,2.0,2,1.0,28,Normandie,76,3,98,Saint-Étienne-du-Rouvray,28508,225,28733.0
202100048390,9,3,2021,21:10,5,76.0,76351,2,2,1.0,5.0,Rue Aristide Briand,"49,5005620000","0,1391800000",,76.076351,76351,Seine-Maritime,28.0,Normandie,50.0,4.0,2.0,2,1.0,28,Normandie,76,2,96,LeHavre,166058,1780,167838.0
202100048519,10,3,2021,22:55,4,76.0,76540,2,1,8.0,7.0,Route de Neufchâtel,"49,4531900000","1,0976800000",,76.076540,76540,Seine-Maritime,28.0,Normandie,50.0,4.0,2.0,2,2.0,28,Normandie,76,3,97,Rouen,114083,1556,115639.0