Num_Acc,jour,mois,an,hrmn,lum,dep,com,agg,int,atm,col,adr,lat,long,gps,com_insee_temp,com_insee,departmentName,regionCode,regionName,vma,catr,circ,nbv,surf,Code,Region,Departement,Arrondissement,Code_Canton,Nom_Commune,Population_municipaLe,Population_comptee_a_part,Population_Totale
202100048663,7,3,2021,14:05,1,76.0,76351,2,4,1.0,7.0,CHANTIERS (DES),"49,4984800000","0,1627400000",,76.076351,76351,Seine-Maritime,28.0,Normandie,50.0,4.0,2.0,2,2.0,28,Normandie,76,2,96,LeHavre,166058,1780,167838.0
202100048756,9,3,2021,08:20,1,76.0,76758,2,4,1.0,6.0,12 Avenue du Marechal Foch,"49,6183400000","0,7469100000",,76.076758,76758,Seine-Maritime,28.0,Normandie,50.0,3.0,2.0,2,1.0,28,Normandie,76,3,35,Yvetot,11385,208,11593.0
202100049069,2,3,2021,19:00,5,76.0,76498,2,1,1.0,2.0,Avenue des Canadiens,"49,4141899395","1,0741653065",,76.076498,76498,Seine-Maritime,28.0,Normandie,50.0,4.0,2.0,2,1.0,28,Normandie,76,3,27,LePetit-Quevilly,21782,274,22056.0
202100049373,1,3,2021,18:10,1,76.0,76351,2,2,1.0,6.0,THEOPHILE GAUTIER,"49,5172100000","0,0944100000",,76.076351,76351,Seine-Maritime,28.0,Normandie,50.0,4.0,2.0,1,1.0,28,Normandie,76,2,96,LeHavre,166058,1780,167838.0
202100049434,4,3,2021,13:55,1,76.0,76238,2,2,1.0,3.0,Rue Henri Ternon,"49,5652880000","0,2218880000",,76.076238,76238,Seine-Maritime,28.0,Normandie,30.0,4.0,1.0,1,1.0,28,Normandie,76,2,26,ÉpouvilLe2641,38,2679,
202100049614,28,2,2021,16:30,1,76.0,76231,2,2,1.0,3.0,Rue des Martyrs,"49,2884700000","1,0067060000",,76.076231,76231,Seine-Maritime,28.0,Normandie,30.0,4.0,2.0,2,1.0,28,Normandie,76,3,9,Elbeuf,15951,138,16089.0
202100049615,11,2,2021,14:11,1,76.0,76575,2,1,1.0,6.0,VELAY. RUE DU,"49,3700000000","1,0978500000",,76.076575,76575,Seine-Maritime,28.0,Normandie,30.0,4.0,2.0,2,1.0,28,Normandie,76,3,98,Saint-Étienne-du-Rouvray,28508,225,28733.0
202100049616,10,2,2021,17:15,1,76.0,76322,2,1,1.0,6.0,VAILLANT COUTURIER. RUE PAUL,"49,4189800000","1,0429400000",,76.076322,76322,Seine-Maritime,28.0,Normandie,50.0,4.0,2.0,2,1.0,28,Normandie,76,3,13,LeGrand-Quevilly,25975,225,26200.0
202100049617,28,2,2021,16:30,1,76.0,76552,2,1,1.0,7.0,PRESIDENT FELIX FAURE (BD),"49,5073400000","0,0738800000",,76.076552,76552,Seine-Maritime,28.0,Normandie,30.0,3.0,2.0,2,1.0,28,Normandie,76,2,19,Sainte-Adresse,7116,188,7304.0
202100049698,28,2,2021,18:00,1,76.0,76419,1,1,1.0,6.0,D45,"49,3951135110","0,8793877065",,76.076419,76419,Seine-Maritime,28.0,Normandie,80.0,3.0,2.0,2,1.0,28,Normandie,76,3,1,Mauny,155,6,161.0
202100049699,28,2,2021,16:30,1,76.0,76543,1,1,1.0,7.0,D52,"49,6146030000","0,4878400000",,76.076543,76543,Seine-Maritime,28.0,Normandie,80.0,3.0,2.0,2,1.0,28,Normandie,76,2,3,RouvilLe610,11,621,
202100049926,28,2,2021,15:45,1,76.0,76664,1,1,1.0,7.0,D50,"49,7852750000","0,6626880000",,76.076664,76664,Seine-Maritime,28.0,Normandie,80.0,3.0,2.0,2,1.0,28,Normandie,76,1,33,SassevilLe270,6,276,
202100050001,25,2,2021,15:15,1,76.0,76305,2,9,1.0,6.0,CAMP DOLENT (AVENUE),"49,5065500000","0,2230500000",,76.076305,76305,Seine-Maritime,28.0,Normandie,10.0,6.0,-1.0,-1,1.0,28,Normandie,76,2,16,Gonfreville-l'Orcher,8961,44,9005.0
202100050096,23,2,2021,23:50,3,76.0,76580,1,2,1.0,6.0,Rue du Bout d'Amont,"49,5420480000","1,1963080000",,76.076580,76580,Seine-Maritime,28.0,Normandie,80.0,3.0,2.0,2,1.0,28,Normandie,76,3,2,Saint-Georges-sur-Fontaine,919,18,937.0
202100050127,27,2,2021,15:30,1,76.0,76743,2,1,1.0,6.0,Rue Gadeau de Kerville,"49,5331610000","0,9209360000",,76.076743,76743,Seine-Maritime,28.0,Normandie,50.0,4.0,2.0,2,1.0,28,Normandie,76,3,1,Villers-ÉcalLes1734,12,1746,
202100050163,16,2,2021,11:40,1,76.0,76540,2,2,1.0,3.0,Boulevard de l’Europe,"49,4279600000","1,0934100000",,76.076540,76540,Seine-Maritime,28.0,Normandie,50.0,4.0,2.0,4,1.0,28,Normandie,76,3,97,Rouen,114083,1556,115639.0
202100050252,26,2,2021,15:05,1,76.0,76254,2,1,1.0,6.0,Avenue George V,"49,7070050000","0,2055640000",,76.076254,76254,Seine-Maritime,28.0,Normandie,50.0,3.0,2.0,2,1.0,28,Normandie,76,2,26,Étretat,1233,7,1240.0
202100050568,20,2,2021,17:30,1,76.0,76351,2,3,1.0,3.0,GRAVILLE (BD DE),"49,4951700000","0,1497300000",,76.076351,76351,Seine-Maritime,28.0,Normandie,50.0,4.0,2.0,2,1.0,28,Normandie,76,2,96,LeHavre,166058,1780,167838.0
202100050569,20,2,2021,17:46,1,76.0,76351,2,1,1.0,2.0,MALHERBE,"49,4993200000","0,1395600000",,76.076351,76351,Seine-Maritime,28.0,Normandie,50.0,4.0,1.0,1,1.0,28,Normandie,76,2,96,LeHavre,166058,1780,167838.0
202100050615,23,2,2021,16:45,1,76.0,76238,1,1,1.0,7.0,Rue de Coupeauville,"49,5627030000","0,2235780000",,76.076238,76238,Seine-Maritime,28.0,Normandie,80.0,3.0,2.0,2,1.0,28,Normandie,76,2,26,ÉpouvilLe2641,38,2679,
202100050675,21,2,2021,15:45,1,76.0,76446,1,2,1.0,3.0,Rue du Chêne à Leu,"49,4545620000","0,9946050000",,76.076446,76446,Seine-Maritime,28.0,Normandie,80.0,4.0,2.0,2,1.0,28,Normandie,76,3,24,Montigny,1285,14,1299.0
202100050676,21,2,2021,16:30,1,76.0,76455,1,1,1.0,6.0,D62,"49,4757790000","1,4219570000",,76.076455,76455,Seine-Maritime,28.0,Normandie,80.0,3.0,2.0,2,1.0,28,Normandie,76,1,12,Morville-sur-AndelLe297,5,302,
202100050873,17,2,2021,00:25,4,76.0,76540,2,6,1.0,7.0,RN1338,"49,4375174753","1,0665643215",,76.076540,76540,Seine-Maritime,28.0,Normandie,50.0,2.0,1.0,3,2.0,28,Normandie,76,3,97,Rouen,114083,1556,115639.0
202100050874,17,2,2021,10:40,1,76.0,76575,2,6,1.0,3.0,DOCTEUR GALLOUEN. RUE DU,"49,3975500000","1,0808500000",,76.076575,76575,Seine-Maritime,28.0,Normandie,30.0,4.0,1.0,1,2.0,28,Normandie,76,3,98,Saint-Étienne-du-Rouvray,28508,225,28733.0
202100050875,17,2,2021,14:50,1,76.0,76497,2,3,1.0,2.0,Rue Aristide Briand,"49,3936700000","1,0236100000",,76.076497,76497,Seine-Maritime,28.0,Normandie,50.0,7.0,2.0,2,1.0,28,Normandie,76,3,13,Petit-Couronne,8688,175,8863.0
202100050876,18,2,2021,17:50,1,76.0,76351,2,3,1.0,4.0,CAVEE VERTE (RUE DE LA),"49,5061300000","0,1174900000",,76.076351,76351,Seine-Maritime,28.0,Normandie,50.0,4.0,2.0,3,1.0,28,Normandie,76,2,96,LeHavre,166058,1780,167838.0
202100050964,20,2,2021,17:00,1,76.0,76232,2,1,1.0,7.0,Grand rue RD79,"49,7831970000","0,4498820000",,76.076232,76232,Seine-Maritime,28.0,Normandie,50.0,3.0,2.0,2,1.0,28,Normandie,76,2,11,Életot,634,8,642.0
202100051117,19,2,2021,18:20,2,76.0,76594,1,1,1.0,1.0,907 Route de Duclair,"49,4870649295","1,0078591932",,76.076594,76594,Seine-Maritime,28.0,Normandie,50.0,3.0,2.0,2,1.0,28,Normandie,76,3,24,Saint-Jean-du-Cardonnay,1340,27,1367.0
202100051156,12,2,2021,23:12,5,76.0,76212,2,2,1.0,6.0,PAIX. BOULEVARD DE LA (RN 31),"49,4377300000","1,1439000000",,76.076212,76212,Seine-Maritime,28.0,Normandie,50.0,2.0,3.0,5,1.0,28,Normandie,76,3,6,Darnétal,9738,74,9812.0
202100051157,1,2,2021,06:00,5,76.0,76457,1,6,1.0,7.0,Côte de la Maison Brûlée (D132),"49,3449272341","0,9325066306",,76.076457,76457,Seine-Maritime,28.0,Normandie,50.0,7.0,-1.0,2,2.0,28,Normandie,76,3,9,Moulineaux,932,16,948.0
202100051158,16,2,2021,17:40,1,76.0,76305,1,1,1.0,2.0,RD 6382,"49,4989700000","0,2148900000",,76.076305,76305,Seine-Maritime,28.0,Normandie,90.0,2.0,3.0,4,1.0,28,Normandie,76,2,16,Gonfreville-l'Orcher,8961,44,9005.0
202100051218,18,2,2021,15:45,1,76.0,76758,1,1,1.0,4.0,D113e,"49,6178900000","0,7888200000",,76.076758,76758,Seine-Maritime,28.0,Normandie,80.0,3.0,2.0,2,1.0,28,Normandie,76,3,35,Yvetot,11385,208,11593.0
202100051219,18,2,2021,07:55,1,76.0,76255,1,4,1.0,3.0,INTERSECTION D925/D925C,"50,0625500000","1,4258500000",,76.076255,76255,Seine-Maritime,28.0,Normandie,80.0,3.0,2.0,2,1.0,28,Normandie,76,1,10,Eu,6591,197,6788.0
202100051409,12,2,2021,10:10,1,76.0,76484,2,1,1.0,7.0,PAIX. RUE DE LA,"49,3408300000","1,0985600000",,76.076484,76484,Seine-Maritime,28.0,Normandie,50.0,4.0,2.0,2,1.0,28,Normandie,76,3,31,Oissel,12367,83,12450.0
202100051410,11,2,2021,09:30,1,76.0,76540,2,1,1.0,7.0,LYONS. ROUTE DE (BRETELLE C),"49,4379900000","1,1102100000",,76.076540,76540,Seine-Maritime,28.0,Normandie,50.0,7.0,2.0,2,1.0,28,Normandie,76,3,97,Rouen,114083,1556,115639.0
202100051411,12,2,2021,14:45,1,76.0,76351,2,1,1.0,3.0,BRIQUETIERS (DES),"49,4932800000","0,1374200000",,76.076351,76351,Seine-Maritime,28.0,Normandie,50.0,4.0,1.0,1,1.0,28,Normandie,76,2,96,LeHavre,166058,1780,167838.0
202100051412,13,2,2021,02:10,5,76.0,76351,1,1,1.0,6.0,SAINT JUST,"49,5195400000","0,0931700000",,76.076351,76351,Seine-Maritime,28.0,Normandie,50.0,4.0,2.0,1,1.0,28,Normandie,76,2,96,LeHavre,166058,1780,167838.0
202100051535,14,2,2021,22:15,3,76.0,76263,1,1,1.0,7.0,Route du Tronquay,"49,4528500000","1,5099600000",,76.076263,76263,Seine-Maritime,28.0,Normandie,80.0,3.0,2.0,2,1.0,28,Normandie,76,1,12,La Feuillie,1262,28,1290.0
202100051552,10,2,2021,19:20,3,76.0,76705,1,1,1.0,5.0,"Autoroute A13, PK110+900, sens PARIS/CAEN","49,3331675888","1,0809087753",,76.076705,76705,Seine-Maritime,28.0,Normandie,110.0,1.0,3.0,3,1.0,28,Normandie,76,3,5,Tourville-la-Rivière,2568,19,2587.0
202100051615,14,2,2021,17:50,1,76.0,76750,2,1,1.0,6.0,Rue de la Republique,"49,4572180000","0,8270110000",,76.076750,76750,Seine-Maritime,28.0,Normandie,50.0,9.0,2.0,2,1.0,28,Normandie,76,3,1,YainvilLe1037,13,1050,
202100051664,11,2,2021,16:00,1,76.0,76451,2,1,1.0,6.0,Avenue du Mont aux Malades,"49,4635400000","1,0749600000",,76.076451,76451,Seine-Maritime,28.0,Normandie,50.0,4.0,2.0,2,1.0,28,Normandie,76,3,22,Mont-Saint-Aignan,20066,415,20481.0
202100051954,11,2,2021,09:55,1,76.0,76113,2,1,1.0,1.0,199 Rue Saint-martin,"49,5213300000","1,3553000000",,76.076113,76113,Seine-Maritime,28.0,Normandie,50.0,3.0,2.0,2,1.0,28,Normandie,76,3,21,Boissay,415,7,422.0
202100052001,8,2,2021,19:08,3,76.0,76157,1,1,1.0,1.0,QUEVILLON. ROUTE DE,"49,4381035853","0,9994654774",,76.076157,76157,Seine-Maritime,28.0,Normandie,80.0,7.0,2.0,2,1.0,28,Normandie,76,3,4,Canteleu,13966,360,14326.0
202100052064,24,1,2021,13:20,1,76.0,76105,1,8,4.0,1.0,Rue de l'Eglise,"49,6327260000","1,0468980000",,76.076105,76105,Seine-Maritime,28.0,Normandie,70.0,3.0,2.0,1,5.0,28,Normandie,76,3,2,LeBocasse,656,7,663.0
202100052114,16,1,2021,06:55,5,76.0,76165,2,2,1.0,3.0,Rue Lenormand,"49,2838700000","1,0124200000",,76.076165,76165,Seine-Maritime,28.0,Normandie,50.0,4.0,2.0,2,2.0,28,Normandie,76,3,5,Caudebec-lès-Elbeuf,10135,69,10204.0
202100052401,4,2,2021,11:50,1,76.0,76486,2,1,1.0,6.0,RD 938 (VERS GRAND COURONNE),"49,3010100000","0,9925500000",,76.076486,76486,Seine-Maritime,28.0,Normandie,50.0,7.0,2.0,2,2.0,28,Normandie,76,3,9,Orival,860,5,865.0
202100052402,11,1,2021,18:15,2,76.0,76540,2,3,2.0,6.0,Rue Saint-Julien,"49,4255271445","1,0735258280",,76.076540,76540,Seine-Maritime,28.0,Normandie,30.0,4.0,2.0,2,2.0,28,Normandie,76,3,97,Rouen,114083,1556,115639.0
202100052403,15,1,2021,19:30,5,76.0,76540,2,1,1.0,2.0,Avenue de Bretagne,"49,4347400000","1,0863000000",,76.076540,76540,Seine-Maritime,28.0,Normandie,30.0,7.0,1.0,1,1.0,28,Normandie,76,3,97,Rouen,114083,1556,115639.0
202100052404,30,1,2021,16:10,1,76.0,76231,2,3,2.0,3.0,Rue de la Rochelle,"49,2927967214","1,0012543597",,76.076231,76231,Seine-Maritime,28.0,Normandie,50.0,4.0,2.0,2,2.0,28,Normandie,76,3,9,Elbeuf,15951,138,16089.0
202100052527,3,2,2021,17:15,1,76.0,76351,2,1,1.0,2.0,LENINGRAD (BD DE),"49,5002600000","0,1733500000",,76.076351,76351,Seine-Maritime,28.0,Normandie,50.0,3.0,3.0,4,1.0,28,Normandie,76,2,96,LeHavre,166058,1780,167838.0
202100052611,4,2,2021,17:30,2,76.0,76255,2,3,1.0,3.0,D1015,"50,0571500000","1,4213400000",,76.076255,76255,Seine-Maritime,28.0,Normandie,50.0,3.0,2.0,2,1.0,28,Normandie,76,1,10,Eu,6591,197,6788.0
202100052634,3,2,2021,10:35,1,76.0,76055,1,2,1.0,3.0,D131,"49,6361600000","0,7354900000",,76.076055,76055,Seine-Maritime,28.0,Normandie,80.0,3.0,2.0,2,1.0,28,Normandie,76,3,35,Baons-le-Comte,335,8,343.0
202100052657,2,2,2021,08:00,1,76.0,76410,2,1,1.0,5.0,COTE DE LA VALETTE,"49,4881600000","1,0311700000",,76.076410,76410,Seine-Maritime,28.0,Normandie,70.0,7.0,2.0,2,8.0,28,Normandie,76,3,4,Maromme,11024,122,11146.0
202100052658,2,2,2021,20:15,5,76.0,76351,2,1,1.0,2.0,Rue Auguste Blanqui,"49,4987300000","0,1625500000",,76.076351,76351,Seine-Maritime,28.0,Normandie,50.0,4.0,2.0,2,2.0,28,Normandie,76,2,96,LeHavre,166058,1780,167838.0
202100052758,29,1,2021,15:20,1,76.0,76447,1,1,1.0,6.0,D489,"49,5310700000","0,1859000000",,76.076447,76447,Seine-Maritime,28.0,Normandie,90.0,3.0,3.0,5,2.0,28,Normandie,76,2,15,Montivilliers,15457,203,15660.0
202100052870,29,1,2021,18:21,3,76.0,76178,1,1,1.0,5.0,Rue de Tourville,"49,3109262116","1,0490017244",,76.076178,76178,Seine-Maritime,28.0,Normandie,80.0,7.0,2.0,4,2.0,28,Normandie,76,3,5,Cléon,4907,30,4937.0
202100052871,31,1,2021,12:45,1,76.0,76486,1,1,1.0,1.0,Côte de la Maison Brûlée (D132),"49,3159400000","0,9865800000",,76.076486,76486,Seine-Maritime,28.0,Normandie,80.0,7.0,2.0,2,2.0,28,Normandie,76,3,9,Orival,860,5,865.0
202100052872,30,1,2021,14:20,1,76.0,76351,2,6,2.0,7.0,VERDUN (RUE DE),"49,5034000000","0,1920800000",,76.076351,76351,Seine-Maritime,28.0,Normandie,50.0,4.0,2.0,2,2.0,28,Normandie,76,2,96,LeHavre,166058,1780,167838.0
202100052948,1,2,2021,19:08,3,76.0,76484,1,1,1.0,2.0,Autoroute A13 PK 112+034 sens PARIS/Province,"49,3401230000","1,0685170000",,76.076484,76484,Seine-Maritime,28.0,Normandie,110.0,1.0,1.0,4,1.0,28,Normandie,76,3,31,Oissel,12367,83,12450.0
202100053048,30,1,2021,22:45,5,76.0,76540,2,1,3.0,6.0,Avenue du Mont Riboudet,"49,4453000000","1,0731700000",,76.076540,76540,Seine-Maritime,28.0,Normandie,50.0,7.0,1.0,8,2.0,28,Normandie,76,3,97,Rouen,114083,1556,115639.0
202100053180,25,1,2021,16:00,1,76.0,76540,2,1,1.0,6.0,RENAUD. RUE DE L'ENSEIGNE,"49,4348634313","1,1254390882",,76.076540,76540,Seine-Maritime,28.0,Normandie,50.0,4.0,2.0,2,2.0,28,Normandie,76,3,97,Rouen,114083,1556,115639.0
202100053181,23,1,2021,16:10,1,76.0,76575,2,1,1.0,6.0,CATELIERS. RUE DES,"49,3887500000","1,0805100000",,76.076575,76575,Seine-Maritime,28.0,Normandie,50.0,4.0,2.0,2,2.0,28,Normandie,76,3,98,Saint-Étienne-du-Rouvray,28508,225,28733.0
202100053182,22,1,2021,18:15,5,76.0,76540,2,1,1.0,6.0,MARNE. BOULEVARD DE LA,"49,4471300000","1,0940100000",,76.076540,76540,Seine-Maritime,28.0,Normandie,50.0,7.0,2.0,4,1.0,28,Normandie,76,3,97,Rouen,114083,1556,115639.0
202100053183,18,1,2021,18:00,5,76.0,76540,2,2,1.0,3.0,RONDEAUX. AVENUE JEAN,"49,4318500000","1,0741000000",,76.076540,76540,Seine-Maritime,28.0,Normandie,50.0,7.0,2.0,2,1.0,28,Normandie,76,3,97,Rouen,114083,1556,115639.0
202100053438,27,1,2021,17:05,2,76.0,76414,2,1,2.0,2.0,D920,"49,9196720000","1,1322690000",,76.076414,76414,Seine-Maritime,28.0,Normandie,50.0,3.0,2.0,2,2.0,28,Normandie,76,1,8,Martin-Église,1600,55,1655.0
202100053516,28,1,2021,16:00,1,76.0,76458,1,1,8.0,1.0,Route d'Auffay,"49,7563790000","1,1899160000",,76.076458,76458,Seine-Maritime,28.0,Normandie,80.0,3.0,2.0,2,2.0,28,Normandie,76,1,20,Muchedent,128,3,131.0
202100053576,26,1,2021,08:00,5,76.0,76319,2,1,1.0,6.0,Avenue du General Leclerc,"49,3651800000","1,0139200000",,76.076319,76319,Seine-Maritime,28.0,Normandie,50.0,7.0,2.0,2,1.0,28,Normandie,76,3,9,Grand-Couronne,9726,177,9903.0
202100053713,22,1,2021,19:10,5,76.0,76481,1,3,1.0,2.0,Rue Auguste le Conte,"49,5527900000","0,1139200000",,76.076481,76481,Seine-Maritime,28.0,Normandie,50.0,4.0,2.0,2,1.0,28,Normandie,76,2,26,Octeville-sur-Mer,6122,119,6241.0
202100053714,22,1,2021,18:00,2,76.0,76351,2,2,3.0,3.0,Rue de Richelieu,"49,4892200000","0,1074700000",,76.076351,76351,Seine-Maritime,28.0,Normandie,50.0,4.0,2.0,2,2.0,28,Normandie,76,2,96,LeHavre,166058,1780,167838.0
202100053775,26,1,2021,09:45,1,76.0,76465,1,1,4.0,6.0,A28,"49,7335118655","1,4657374266",,76.076465,76465,Seine-Maritime,28.0,Normandie,130.0,1.0,3.0,4,7.0,28,Normandie,76,1,23,Neuville-Ferrières,546,9,555.0
202100053892,25,1,2021,12:10,1,76.0,76305,1,1,1.0,3.0,Autoroute A 131. PK 031.300,"49,4952020000","0,2486340000",,76.076305,76305,Seine-Maritime,28.0,Normandie,130.0,1.0,1.0,4,1.0,28,Normandie,76,2,16,Gonfreville-l'Orcher,8961,44,9005.0
202100054045,22,1,2021,08:30,1,76.0,76322,2,1,1.0,6.0,Rue Albert Thomas,"49,4115500000","1,0465700000",,76.076322,76322,Seine-Maritime,28.0,Normandie,50.0,4.0,2.0,2,2.0,28,Normandie,76,3,13,LeGrand-Quevilly,25975,225,26200.0
202100054142,23,1,2021,10:30,1,76.0,76671,1,1,2.0,1.0,Route du Circuit,"49,9610770000","1,4347570000",,76.076671,76671,Seine-Maritime,28.0,Normandie,80.0,3.0,2.0,2,2.0,28,Normandie,76,1,10,Sept-MeuLes172,1,173,
202100054192,19,1,2021,19:00,5,76.0,76157,2,1,1.0,6.0,Avenue Georges Bizet,"49,4575868487","1,0323054841",,76.076157,76157,Seine-Maritime,28.0,Normandie,50.0,4.0,-1.0,2,1.0,28,Normandie,76,3,4,Canteleu,13966,360,14326.0
202100054193,20,1,2021,23:55,5,76.0,76351,2,2,2.0,7.0,Avenue René Coty,"49,4971400000","0,1118600000",,76.076351,76351,Seine-Maritime,28.0,Normandie,30.0,4.0,1.0,2,2.0,28,Normandie,76,2,96,LeHavre,166058,1780,167838.0
202100054422,15,1,2021,19:30,5,76.0,76351,2,2,1.0,3.0,Avenue René Coty,"49,4985200000","0,1179600000",,76.076351,76351,Seine-Maritime,28.0,Normandie,50.0,4.0,2.0,2,1.0,28,Normandie,76,2,96,LeHavre,166058,1780,167838.0
202100054530,20,1,2021,07:45,5,76.0,76276,2,3,2.0,2.0,Avenue des Sources,"49,6097570000","1,5358440000",,76.076276,76276,Seine-Maritime,28.0,Normandie,50.0,3.0,2.0,2,2.0,28,Normandie,76,1,12,Forges-les-Eaux,3702,157,3859.0
202100054568,15,1,2021,13:15,1,76.0,76351,1,5,1.0,4.0,Rue Félix Faure,"49,5016960879","0,1160162687",,76.076351,76351,Seine-Maritime,28.0,Normandie,50.0,4.0,2.0,7,1.0,28,Normandie,76,2,96,LeHavre,166058,1780,167838.0
202100054569,16,1,2021,05:05,3,76.0,76351,1,1,1.0,6.0,D6382,"49,5246600000","0,1800500000",,76.076351,76351,Seine-Maritime,28.0,Normandie,90.0,3.0,3.0,4,2.0,28,Normandie,76,2,96,LeHavre,166058,1780,167838.0
202100054711,14,1,2021,11:55,1,76.0,76689,1,1,3.0,6.0,Route de Valmont,"49,7192700000","0,5066260000",,76.076689,76689,Seine-Maritime,28.0,Normandie,70.0,3.0,2.0,2,2.0,28,Normandie,76,2,11,ThiétrevilLe373,33,406,
202100054712,18,1,2021,14:35,1,76.0,76752,2,1,1.0,6.0,47 Rue Jacques Ferny,"49,6695230000","0,9008340000",,76.076752,76752,Seine-Maritime,28.0,Normandie,50.0,3.0,-1.0,2,1.0,28,Normandie,76,3,35,YervilLe2584,29,2613,
202100054713,18,1,2021,06:30,5,76.0,76120,2,1,5.0,1.0,Route de Forges,"49,5926590000","1,4124940000",,76.076120,76120,Seine-Maritime,28.0,Normandie,50.0,3.0,2.0,2,1.0,28,Normandie,76,3,21,Bosc-Bordel,447,10,457.0
202100054872,14,1,2021,17:30,5,76.0,76561,2,1,1.0,6.0,Rue Marechal Leclerc,"49,3008293132","1,0119607246",,76.076561,76561,Seine-Maritime,28.0,Normandie,50.0,4.0,2.0,2,2.0,28,Normandie,76,3,5,Saint-Aubin-lès-Elbeuf,8428,75,8503.0
202100055286,11,1,2021,10:50,1,76.0,76231,2,1,1.0,6.0,Rue Bourgtheroulde,"49,2886500000","0,9959800000",,76.076231,76231,Seine-Maritime,28.0,Normandie,50.0,7.0,2.0,2,1.0,28,Normandie,76,3,9,Elbeuf,15951,138,16089.0
202100055287,11,1,2021,18:15,3,76.0,76322,2,1,1.0,7.0,Rue Louis Joseph Gay Lussac,"49,4167713226","1,0461641195",,76.076322,76322,Seine-Maritime,28.0,Normandie,50.0,7.0,2.0,2,1.0,28,Normandie,76,3,13,LeGrand-Quevilly,25975,225,26200.0
202100055288,11,1,2021,15:25,1,76.0,76351,2,1,1.0,2.0,Rue de Verdun,"49,5016800000","0,1530000000",,76.076351,76351,Seine-Maritime,28.0,Normandie,50.0,3.0,2.0,2,1.0,28,Normandie,76,2,96,LeHavre,166058,1780,167838.0
202100055289,11,1,2021,19:20,5,76.0,76296,1,1,2.0,1.0,Rue de la Libération,"49,5179562255","0,2561685629",,76.076296,76296,Seine-Maritime,28.0,Normandie,70.0,3.0,2.0,2,2.0,28,Normandie,76,2,16,GainnevilLe2511,39,2550,
202100055464,9,1,2021,19:00,5,76.0,76108,2,2,1.0,4.0,Rue de la Republique,"49,4724300000","1,1122700000",,76.076108,76108,Seine-Maritime,28.0,Normandie,50.0,7.0,2.0,3,1.0,28,Normandie,76,3,2,Bois-Guillaume,14262,361,14623.0
202100055465,9,1,2021,15:00,1,76.0,76322,2,2,1.0,1.0,Avenue des Canadiens,"49,4020400000","1,0651800000",,76.076322,76322,Seine-Maritime,28.0,Normandie,50.0,7.0,2.0,4,1.0,28,Normandie,76,3,13,LeGrand-Quevilly,25975,225,26200.0
202100055466,8,1,2021,19:20,5,76.0,76351,2,1,1.0,3.0,Boulevard Jules Durand,"49,4939100000","0,1737600000",,76.076351,76351,Seine-Maritime,28.0,Normandie,50.0,3.0,2.0,3,2.0,28,Normandie,76,2,96,LeHavre,166058,1780,167838.0
202100055765,8,1,2021,13:10,1,76.0,76351,2,3,1.0,6.0,Rue Marcel Paul,"49,4930400000","0,1430000000",,76.076351,76351,Seine-Maritime,28.0,Normandie,50.0,4.0,2.0,1,1.0,28,Normandie,76,2,96,LeHavre,166058,1780,167838.0
202100055903,6,1,2021,17:30,5,76.0,76341,1,1,1.0,3.0,RUE DE VERDUN,"49,5031639960","0,1909241923",,76.076341,76341,Seine-Maritime,28.0,Normandie,50.0,3.0,3.0,4,1.0,28,Normandie,76,2,15,Harfleur,8315,53,8368.0
202100055904,6,1,2021,12:52,1,76.0,76305,2,1,1.0,1.0,Route de la Seine,"49,5049000000","0,2228800000",,76.076305,76305,Seine-Maritime,28.0,Normandie,50.0,4.0,2.0,2,1.0,28,Normandie,76,2,16,Gonfreville-l'Orcher,8961,44,9005.0
202100055975,8,1,2021,07:25,4,76.0,76493,2,3,1.0,1.0,Route de Saint Valery,"49,8507070000","0,6304060000",,76.076493,76493,Seine-Maritime,28.0,Normandie,50.0,3.0,2.0,3,7.0,28,Normandie,76,1,33,Paluel,395,12,407.0
202100055978,6,1,2021,12:10,1,76.0,76711,2,1,1.0,1.0,Rue de la Commune de Paris,"50,0604450000","1,3726960000",,76.076711,76711,Seine-Maritime,28.0,Normandie,50.0,3.0,2.0,2,1.0,28,Normandie,76,1,10,LeTréport,4424,91,4515.0
202100056004,8,1,2021,18:25,3,76.0,76099,1,1,1.0,1.0,Route de la Pierre,"49,5568300000","0,8567500000",,76.076099,76099,Seine-Maritime,28.0,Normandie,70.0,3.0,2.0,2,1.0,28,Normandie,76,3,1,BlacquevilLe707,9,716,
202100056035,11,2,2021,06:20,2,76.0,76540,2,1,1.0,2.0,Rue Dufay,"49,4243017981","1,0757777095",,76.076540,76540,Seine-Maritime,28.0,Normandie,30.0,4.0,1.0,2,1.0,28,Normandie,76,3,97,Rouen,114083,1556,115639.0