Num_Acc,jour,mois,an,hrmn,lum,dep,com,agg,int,atm,col,adr,lat,long,gps,com_insee_temp,com_insee,departmentName,regionCode,regionName,vma,catr,circ,nbv,surf,Code,Region,Departement,Arrondissement,Code_Canton,Nom_Commune,Population_municipaLe,Population_comptee_a_part,Population_Totale
202100056245,2,1,2021,17:30,5,76.0,76540,2,1,1.0,4.0,Boulevard de l’Yser,"49,4473400000","1,1034900000",,76.076540,76540,Seine-Maritime,28.0,Normandie,50.0,7.0,2.0,2,1.0,28,Normandie,76,3,97,Rouen,114083,1556,115639.0
202100056246,1,1,2021,15:15,1,76.0,76351,2,3,1.0,1.0,Rue Jules Avril,"49,4976400000","0,0967900000",,76.076351,76351,Seine-Maritime,28.0,Normandie,50.0,4.0,1.0,1,1.0,28,Normandie,76,2,96,LeHavre,166058,1780,167838.0
202100056304,5,1,2021,15:00,1,76.0,76419,1,1,1.0,6.0,route de duclair,"49,3965630000","0,8816210000",,76.076419,76419,Seine-Maritime,28.0,Normandie,80.0,3.0,2.0,2,1.0,28,Normandie,76,3,1,Mauny,155,6,161.0
202100056454,2,1,2021,08:35,2,76.0,76183,2,1,2.0,6.0,Route de Fecamp,"49,7493800000","0,4473500000",,76.076183,76183,Seine-Maritime,28.0,Normandie,50.0,3.0,2.0,2,2.0,28,Normandie,76,2,11,CollevilLe767,19,786,
202000000006,5,3,2020,07:00,2,76.0,76114,1,2,2.0,3.0,D6015,"49,5763988","0,5101875",,76.076114,76114,Seine-Maritime,28.0,Normandie,80.0,3.0,2.0,3,2.0,28,Normandie,76,2,3,Bolbec,11635,147,11782.0
202000000241,21,9,2020,07:10,2,76.0,76441,1,1,5.0,1.0,D49,"49,9688130","1,5695210",,76.076441,76441,Seine-Maritime,28.0,Normandie,80.0,3.0,2.0,1,1.0,28,Normandie,76,1,10,Monchaux-Soreng,616,10,626.0
202000000427,22,6,2020,10:50,1,76.0,76681,1,1,1.0,3.0,INDUSTRIEL. BOULEVARD (CD 18E),"49,4051500","1,1102700",,76.076681,76681,Seine-Maritime,28.0,Normandie,90.0,3.0,3.0,4,1.0,28,Normandie,76,3,99,Sotteville-lès-Rouen,28965,475,29440.0
202000000471,18,10,2020,23:20,5,76.0,76319,1,1,1.0,2.0,MARITIME. BOULEVARD,"49,3620200","0,9960700",,76.076319,76319,Seine-Maritime,28.0,Normandie,80.0,4.0,2.0,2,1.0,28,Normandie,76,3,9,Grand-Couronne,9726,177,9903.0
202000000472,17,10,2020,02:40,5,76.0,76351,2,1,1.0,1.0,FRISSARD (QUAI),"49,4908100","0,1291900",,76.076351,76351,Seine-Maritime,28.0,Normandie,50.0,4.0,2.0,2,1.0,28,Normandie,76,2,96,LeHavre,166058,1780,167838.0
202000000655,22,8,2020,15:17,1,76.0,76351,2,3,1.0,6.0,GALIONS (DES),"49,4862000","0,1103000",,76.076351,76351,Seine-Maritime,28.0,Normandie,50.0,4.0,2.0,3,1.0,28,Normandie,76,2,96,LeHavre,166058,1780,167838.0
202000000656,21,8,2020,23:30,3,76.0,76351,1,1,1.0,6.0,RD 6382,"49,5255555","0,1576666",,76.076351,76351,Seine-Maritime,28.0,Normandie,90.0,3.0,3.0,5,1.0,28,Normandie,76,2,96,LeHavre,166058,1780,167838.0
202000000657,19,8,2020,16:47,1,76.0,76351,2,2,1.0,6.0,VOLTAIRE,"49,4899600","0,1050400",,76.076351,76351,Seine-Maritime,28.0,Normandie,50.0,4.0,2.0,2,2.0,28,Normandie,76,2,96,LeHavre,166058,1780,167838.0
202000000658,24,8,2020,15:05,1,76.0,76217,2,9,1.0,6.0,GAMBETTA (AVENUE),"49,9194130","1,0738920",,76.076217,76217,Seine-Maritime,28.0,Normandie,30.0,3.0,2.0,3,1.0,28,Normandie,76,1,95,Dieppe,28358,455,28813.0
202000000885,11,12,2020,13:47,1,76.0,76329,1,1,2.0,5.0,D6015,"49,5611500","0,4826700",,76.076329,76329,Seine-Maritime,28.0,Normandie,70.0,3.0,2.0,3,2.0,28,Normandie,76,2,3,Gruchet-le-Valasse,3074,39,3113.0
202000000905,24,12,2020,17:25,5,76.0,76351,2,2,1.0,3.0,DEMIDOFF (RUE),"49,4976500","0,1361500",,76.076351,76351,Seine-Maritime,28.0,Normandie,50.0,4.0,2.0,4,2.0,28,Normandie,76,2,96,LeHavre,166058,1780,167838.0
202000000906,21,12,2020,20:07,5,76.0,76351,2,1,1.0,1.0,BELLOT,"49,4861800","0,1267500",,76.076351,76351,Seine-Maritime,28.0,Normandie,30.0,4.0,2.0,2,1.0,28,Normandie,76,2,96,LeHavre,166058,1780,167838.0
202000000907,9,12,2020,18:00,5,76.0,76351,2,2,1.0,3.0,BOIS AU COQ (AVENUE),"49,5128000","0,1255000",,76.076351,76351,Seine-Maritime,28.0,Normandie,50.0,4.0,3.0,4,1.0,28,Normandie,76,2,96,LeHavre,166058,1780,167838.0
202000000908,5,12,2020,14:15,1,76.0,76351,2,1,1.0,6.0,HUIT MAI 1945 (AVENUE DU),"49,5156700","0,1709200",,76.076351,76351,Seine-Maritime,28.0,Normandie,50.0,4.0,3.0,1,3.0,28,Normandie,76,2,96,LeHavre,166058,1780,167838.0
202000000909,4,12,2020,17:30,5,76.0,76351,2,1,1.0,6.0,AUGUSTE RISPAL,"49,4931000","0,1419000",,76.076351,76351,Seine-Maritime,28.0,Normandie,50.0,4.0,2.0,2,2.0,28,Normandie,76,2,96,LeHavre,166058,1780,167838.0
202000001246,4,1,2020,18:25,5,76.0,76351,2,2,1.0,6.0,FELIX FAURE,"49,4993500","0,0985700",,76.076351,76351,Seine-Maritime,28.0,Normandie,50.0,4.0,2.0,2,1.0,28,Normandie,76,2,96,LeHavre,166058,1780,167838.0
202000001261,4,3,2020,21:00,5,76.0,76212,2,1,3.0,6.0,LONGPAON. RUE DE,"49,4423900","1,1467300",,76.076212,76212,Seine-Maritime,28.0,Normandie,50.0,3.0,1.0,1,2.0,28,Normandie,76,3,6,Darnétal,9738,74,9812.0
202000001339,19,5,2020,15:35,1,76.0,76540,2,1,7.0,6.0,CAVELIER DE LA SALLE. QUAI (HAUT),"49,4380700","1,0831600",,76.076540,76540,Seine-Maritime,28.0,Normandie,50.0,4.0,3.0,4,1.0,28,Normandie,76,3,97,Rouen,114083,1556,115639.0
202000001340,16,5,2020,18:30,1,76.0,76681,2,2,1.0,6.0,SALVA. RUE LEON,"49,4140200","1,0842100",,76.076681,76681,Seine-Maritime,28.0,Normandie,50.0,4.0,2.0,2,1.0,28,Normandie,76,3,99,Sotteville-lès-Rouen,28965,475,29440.0
202000001431,19,9,2020,00:40,5,76.0,76540,2,1,1.0,3.0,RENARD. RUE DU,"49,4516700","1,0695400",,76.076540,76540,Seine-Maritime,28.0,Normandie,30.0,4.0,2.0,2,1.0,28,Normandie,76,3,97,Rouen,114083,1556,115639.0
202000001432,18,9,2020,14:00,1,76.0,76540,2,1,1.0,2.0,LYONS. ROUTE DE (BRETELLE C),"49,4368600","1,1271900",,76.076540,76540,Seine-Maritime,28.0,Normandie,50.0,3.0,1.0,3,1.0,28,Normandie,76,3,97,Rouen,114083,1556,115639.0
202000001511,20,9,2020,16:45,1,76.0,76711,2,4,1.0,3.0,Avenue Charles Gounod,"50,0583890","1,3763760",,76.076711,76711,Seine-Maritime,28.0,Normandie,-1.0,3.0,2.0,2,1.0,28,Normandie,76,1,10,LeTréport,4424,91,4515.0
202000001512,19,9,2020,16:00,1,76.0,76255,2,1,1.0,3.0,D1314,"50,0389160","1,4234910",,76.076255,76255,Seine-Maritime,28.0,Normandie,50.0,3.0,2.0,2,1.0,28,Normandie,76,1,10,Eu,6591,197,6788.0
202000001606,17,9,2020,14:10,1,76.0,76108,2,1,1.0,3.0,JUIN. AVENUE DU MARECHAL,"49,4635400","1,1172000",,76.076108,76108,Seine-Maritime,28.0,Normandie,50.0,3.0,2.0,2,1.0,28,Normandie,76,3,2,Bois-Guillaume,14262,361,14623.0
202000001607,17,9,2020,17:20,1,76.0,76498,2,1,1.0,-1.0,JAURES. AVENUE JEAN,"49,4274700","1,0667600",,76.076498,76498,Seine-Maritime,28.0,Normandie,30.0,3.0,1.0,1,1.0,28,Normandie,76,3,27,LePetit-Quevilly,21782,274,22056.0
202000001608,17,9,2020,13:10,1,76.0,76366,2,1,1.0,1.0,FRESQUIENNES. ROUTE DE (CD 124),"49,5107200","1,0329000",,76.076366,76366,Seine-Maritime,28.0,Normandie,50.0,3.0,2.0,2,1.0,28,Normandie,76,3,24,LeHoulme,4133,32,4165.0
202000001609,16,9,2020,19:50,2,76.0,76366,2,3,1.0,7.0,SAINT JEAN. ROUTE DE,"49,5101100","1,0315800",,76.076366,76366,Seine-Maritime,28.0,Normandie,50.0,3.0,2.0,2,1.0,28,Normandie,76,3,24,LeHoulme,4133,32,4165.0
202000001764,19,6,2020,17:10,1,76.0,76351,2,2,1.0,-1.0,VALLEE (RUE DE LA),"49,4950800","0,1552200",,76.076351,76351,Seine-Maritime,28.0,Normandie,50.0,4.0,2.0,2,1.0,28,Normandie,76,2,96,LeHavre,166058,1780,167838.0
202000001765,22,6,2020,10:00,1,76.0,76217,2,1,1.0,6.0,AVENUE JEAN JAURES,"49,9101090","1,0668969",,76.076217,76217,Seine-Maritime,28.0,Normandie,50.0,4.0,2.0,2,1.0,28,Normandie,76,1,95,Dieppe,28358,455,28813.0
202000001832,18,10,2020,16:55,1,76.0,76549,1,1,1.0,7.0,D149,"49,7569970","0,9149980",,76.076549,76549,Seine-Maritime,28.0,Normandie,80.0,3.0,2.0,2,1.0,28,Normandie,76,1,20,Saâne-Saint-Just,140,6,146.0
202000001892,16,10,2020,08:40,1,76.0,76575,2,6,1.0,2.0,MARE AUX DAIMS. AVENUE DE LA,"49,3897600","1,0714500",,76.076575,76575,Seine-Maritime,28.0,Normandie,50.0,4.0,1.0,2,1.0,28,Normandie,76,3,98,Saint-Étienne-du-Rouvray,28508,225,28733.0
202000002026,17,10,2020,08:50,1,76.0,76504,1,2,1.0,3.0,300 Route de Fontaine,"49,8081753","0,7530765",,76.076504,76504,Seine-Maritime,28.0,Normandie,80.0,3.0,2.0,2,1.0,28,Normandie,76,1,33,Pleine-Sève,125,2,127.0
202000002124,2,8,2020,19:00,1,76.0,76054,1,1,1.0,-1.0,CD149,"49,9016330","1,3967950",,76.076054,76054,Seine-Maritime,28.0,Normandie,80.0,3.0,2.0,2,1.0,28,Normandie,76,1,8,Bailly-en-Rivière,518,10,528.0
202000002346,22,7,2020,18:55,1,76.0,76540,2,2,1.0,3.0,FRANCE. QUAI DE,"49,4399000","1,0652000",,76.076540,76540,Seine-Maritime,28.0,Normandie,50.0,4.0,3.0,5,1.0,28,Normandie,76,3,97,Rouen,114083,1556,115639.0
202000002347,22,7,2020,20:45,1,76.0,76351,2,1,1.0,1.0,SALVADOR ALLENDE (RUE),"49,5045477","0,1400154",,76.076351,76351,Seine-Maritime,28.0,Normandie,50.0,4.0,2.0,2,1.0,28,Normandie,76,2,96,LeHavre,166058,1780,167838.0
202000002510,10,1,2020,06:25,3,76.0,76484,1,1,1.0,2.0,"Autoroute A13, PK 111.680 en direction de paris","49,3379750","1,0720490",,76.076484,76484,Seine-Maritime,28.0,Normandie,110.0,1.0,1.0,5,1.0,28,Normandie,76,3,31,Oissel,12367,83,12450.0
202000002547,23,8,2020,09:11,1,76.0,76498,2,2,1.0,6.0,JAURES. AVENUE JEAN,"49,4251700","1,0569700",,76.076498,76498,Seine-Maritime,28.0,Normandie,50.0,3.0,3.0,4,1.0,28,Normandie,76,3,27,LePetit-Quevilly,21782,274,22056.0
202000002654,12,7,2020,12:30,1,76.0,76157,1,1,1.0,3.0,VAUPALIERE. ROUTE DE LA,"49,4635546","1,0201138",,76.076157,76157,Seine-Maritime,28.0,Normandie,30.0,3.0,2.0,1,1.0,28,Normandie,76,3,4,Canteleu,13966,360,14326.0
202000002655,23,5,2020,09:40,1,76.0,76540,2,7,1.0,6.0,CAUCHOISE. PLACE,"49,4456600","1,0867000",,76.076540,76540,Seine-Maritime,28.0,Normandie,50.0,3.0,2.0,4,1.0,28,Normandie,76,3,97,Rouen,114083,1556,115639.0
202000002857,29,11,2020,17:40,3,76.0,76684,1,6,5.0,7.0,D982,"49,4834890","0,4434980",,76.076684,76684,Seine-Maritime,28.0,Normandie,50.0,3.0,1.0,1,2.0,28,Normandie,76,2,3,TancarvilLe1218,24,1242,
202000002973,18,5,2020,00:29,5,76.0,76575,2,1,1.0,3.0,VELAY. RUE DU,"49,3744700","1,0975100",,76.076575,76575,Seine-Maritime,28.0,Normandie,50.0,4.0,2.0,2,1.0,28,Normandie,76,3,98,Saint-Étienne-du-Rouvray,28508,225,28733.0
202000002974,17,5,2020,16:35,1,76.0,76212,2,3,1.0,3.0,CARNOT. RUE SADI,"49,4408600","1,1471200",,76.076212,76212,Seine-Maritime,28.0,Normandie,50.0,3.0,2.0,2,1.0,28,Normandie,76,3,6,Darnétal,9738,74,9812.0
202000003159,6,3,2020,09:45,1,76.0,76711,2,1,1.0,2.0,D925 D,"50,0399450","1,3971350",,76.076711,76711,Seine-Maritime,28.0,Normandie,80.0,3.0,2.0,2,1.0,28,Normandie,76,1,10,LeTréport,4424,91,4515.0
202000003215,3,3,2020,14:45,1,76.0,76108,2,3,3.0,6.0,POUCHET. RUE MAX,"49,4704100","1,1149700",,76.076108,76108,Seine-Maritime,28.0,Normandie,50.0,4.0,2.0,2,2.0,28,Normandie,76,3,2,Bois-Guillaume,14262,361,14623.0
202000003437,19,9,2020,07:00,2,76.0,76057,1,1,1.0,1.0,Route de Fresquiennes,"49,5457730","0,9731220",,76.076057,76057,Seine-Maritime,28.0,Normandie,80.0,3.0,4.0,1,1.0,28,Normandie,76,3,1,Barentin,12154,238,12392.0
202000003728,31,1,2020,20:35,5,76.0,76410,2,1,1.0,2.0,REPUBLIQUE. RUE DE LA,"49,4760100","1,0429000",,76.076410,76410,Seine-Maritime,28.0,Normandie,30.0,3.0,2.0,4,1.0,28,Normandie,76,3,4,Maromme,11024,122,11146.0
202000003797,2,2,2020,19:30,3,76.0,76594,1,3,2.0,3.0,Route du Havre,"49,4909970","1,0151730",,76.076594,76594,Seine-Maritime,28.0,Normandie,80.0,3.0,2.0,3,2.0,28,Normandie,76,3,24,Saint-Jean-du-Cardonnay,1340,27,1367.0
202000003798,1,2,2020,23:10,5,76.0,76648,1,1,1.0,6.0,210 Avenue du General Hely d'Oissel,"49,6686830","1,2719040",,76.076648,76648,Seine-Maritime,28.0,Normandie,70.0,3.0,2.0,2,2.0,28,Normandie,76,1,23,Saint-Saëns,2317,20,2337.0
202000003869,21,7,2020,17:00,1,76.0,76351,2,1,1.0,2.0,REPUBLIQUE (COURS DE LA),"49,5017200","0,1312400",,76.076351,76351,Seine-Maritime,28.0,Normandie,50.0,4.0,3.0,6,1.0,28,Normandie,76,2,96,LeHavre,166058,1780,167838.0
202000003870,22,7,2020,02:25,5,76.0,76351,2,1,1.0,6.0,SALVADOR ALLENDE (RUE),"49,5046700","0,1392200",,76.076351,76351,Seine-Maritime,28.0,Normandie,50.0,4.0,2.0,2,1.0,28,Normandie,76,2,96,LeHavre,166058,1780,167838.0
202000003964,22,7,2020,13:15,1,76.0,76734,1,5,1.0,4.0,D925,"49,6041150","0,2790460",,76.076734,76734,Seine-Maritime,28.0,Normandie,70.0,3.0,2.0,2,1.0,28,Normandie,76,2,26,Vergetot,440,11,451.0
202000004057,15,10,2020,10:30,1,76.0,76351,2,3,1.0,3.0,PHILIPPE LEBON,"49,4957630","0,1313300",,76.076351,76351,Seine-Maritime,28.0,Normandie,50.0,4.0,2.0,1,1.0,28,Normandie,76,2,96,LeHavre,166058,1780,167838.0
202000004268,16,10,2020,23:45,3,76.0,76222,1,1,1.0,1.0,RD43,"49,4895069","0,8876660",,76.076222,76222,Seine-Maritime,28.0,Normandie,50.0,3.0,2.0,2,1.0,28,Normandie,76,3,1,Duclair,4020,52,4072.0
202000004316,21,8,2020,07:00,1,76.0,76540,2,2,1.0,3.0,EUROPE. BOULEVARD DE L',"49,4345400","1,0760800",,76.076540,76540,Seine-Maritime,28.0,Normandie,50.0,2.0,1.0,3,1.0,28,Normandie,76,3,97,Rouen,114083,1556,115639.0
202000004426,1,12,2020,13:00,1,76.0,76351,2,1,1.0,6.0,ETRETAT (D'),"49,4978990","0,0962580",,76.076351,76351,Seine-Maritime,28.0,Normandie,50.0,4.0,2.0,1,1.0,28,Normandie,76,2,96,LeHavre,166058,1780,167838.0
202000004448,8,12,2020,18:20,5,76.0,76351,2,1,3.0,6.0,RENE COTY,"49,4980960","0,1163600",,76.076351,76351,Seine-Maritime,28.0,Normandie,50.0,4.0,2.0,3,2.0,28,Normandie,76,2,96,LeHavre,166058,1780,167838.0
202000004501,28,11,2020,10:50,1,76.0,76351,1,1,1.0,6.0,BOIS AU COQ (AVENUE),"49,5165000","0,1194000",,76.076351,76351,Seine-Maritime,28.0,Normandie,10.0,6.0,-1.0,-1,1.0,28,Normandie,76,2,96,LeHavre,166058,1780,167838.0
202000004611,27,11,2020,06:20,5,76.0,76305,2,1,2.0,1.0,MARCEL LE MIGNOT (AVENUE),"49,5011303","0,2189707",,76.076305,76305,Seine-Maritime,28.0,Normandie,50.0,3.0,2.0,2,2.0,28,Normandie,76,2,16,Gonfreville-l'Orcher,8961,44,9005.0
202000004612,26,11,2020,15:30,1,76.0,76351,2,3,1.0,3.0,FELIX FAURE,"49,5002070","0,1041340",,76.076351,76351,Seine-Maritime,28.0,Normandie,50.0,4.0,2.0,2,1.0,28,Normandie,76,2,96,LeHavre,166058,1780,167838.0
202000004691,28,11,2020,14:55,1,76.0,76255,1,1,1.0,7.0,D925,"50,0600800","1,4185450",,76.076255,76255,Seine-Maritime,28.0,Normandie,80.0,3.0,1.0,1,1.0,28,Normandie,76,1,10,Eu,6591,197,6788.0
202000004872,14,5,2020,18:50,1,76.0,76640,2,1,1.0,7.0,MOULIN. SENTE DU,"49,2711400","1,0477300",,76.076640,76640,Seine-Maritime,28.0,Normandie,30.0,5.0,-1.0,1,1.0,28,Normandie,76,3,5,Saint-Pierre-lès-Elbeuf,8285,87,8372.0
202000004873,17,5,2020,19:35,2,76.0,76305,2,1,1.0,7.0,RENE CANCE,"49,5095700","0,2332000",,76.076305,76305,Seine-Maritime,28.0,Normandie,30.0,4.0,2.0,2,1.0,28,Normandie,76,2,16,Gonfreville-l'Orcher,8961,44,9005.0
202000004874,24,4,2020,13:21,1,76.0,76217,2,1,1.0,3.0,CHANZY (GENERAL),"49,9127800","1,0829600",,76.076217,76217,Seine-Maritime,28.0,Normandie,30.0,3.0,2.0,2,1.0,28,Normandie,76,1,95,Dieppe,28358,455,28813.0
202000005040,4,3,2020,18:10,2,76.0,76367,1,1,3.0,5.0,D121,"49,4865280","1,0946740",,76.076367,76367,Seine-Maritime,28.0,Normandie,80.0,3.0,2.0,2,2.0,28,Normandie,76,3,24,HouppevilLe2884,51,2935,
202000005067,4,3,2020,09:30,1,76.0,76069,1,1,8.0,3.0,D7,"49,3863910","1,1277710",,76.076069,76069,Seine-Maritime,28.0,Normandie,80.0,3.0,2.0,2,2.0,28,Normandie,76,3,6,Belbeuf,2249,48,2297.0
202000005068,4,3,2020,23:10,3,76.0,76464,1,1,2.0,7.0,D138,"49,3528750","1,2634760",,76.076464,76464,Seine-Maritime,28.0,Normandie,80.0,3.0,2.0,2,2.0,28,Normandie,76,3,21,La Neuville-Chant-d'Oisel,2377,38,2415.0
202000005131,2,3,2020,08:40,1,76.0,76540,2,2,1.0,3.0,LECANUET. RUE JEAN,"49,4446700","1,0920500",,76.076540,76540,Seine-Maritime,28.0,Normandie,30.0,4.0,2.0,2,2.0,28,Normandie,76,3,97,Rouen,114083,1556,115639.0
202000005132,28,2,2020,23:00,3,76.0,76498,2,1,2.0,3.0,VOIE RAPIDE SUD 3 (RN 338),"49,4318760","1,0590277",,76.076498,76498,Seine-Maritime,28.0,Normandie,90.0,2.0,3.0,4,2.0,28,Normandie,76,3,27,LePetit-Quevilly,21782,274,22056.0
202000005133,1,3,2020,07:15,3,76.0,76351,2,2,2.0,7.0,D138,"49,4921100","0,1236700",,76.076351,76351,Seine-Maritime,28.0,Normandie,50.0,4.0,3.0,4,1.0,28,Normandie,76,2,96,LeHavre,166058,1780,167838.0
202000005134,29,2,2020,14:20,1,76.0,76351,2,2,1.0,2.0,IRENE JOLIOT CURIE (RUE),"49,5224000","0,1046700",,76.076351,76351,Seine-Maritime,28.0,Normandie,50.0,4.0,2.0,2,1.0,28,Normandie,76,2,96,LeHavre,166058,1780,167838.0
202000005135,21,1,2020,09:25,1,76.0,76351,2,2,1.0,6.0,LESUEUR (RUE),"49,4928800","0,1231900",,76.076351,76351,Seine-Maritime,28.0,Normandie,50.0,4.0,2.0,2,1.0,28,Normandie,76,2,96,LeHavre,166058,1780,167838.0
202000005529,30,1,2020,17:00,1,76.0,76540,2,3,1.0,6.0,CARREL. RUE ARMAND,"49,4400600","1,1020300",,76.076540,76540,Seine-Maritime,28.0,Normandie,30.0,4.0,2.0,2,1.0,28,Normandie,76,3,97,Rouen,114083,1556,115639.0
202000005726,31,1,2020,16:30,1,76.0,76684,1,1,1.0,5.0,"Pont, route national 182","49,4737710","0,4635930",,76.076684,76684,Seine-Maritime,28.0,Normandie,70.0,2.0,2.0,4,1.0,28,Normandie,76,2,3,TancarvilLe1218,24,1242,
202000005781,20,7,2020,00:20,5,76.0,76540,2,2,1.0,2.0,RONDEAUX. AVENUE JEAN,"49,4318800","1,0739400",,76.076540,76540,Seine-Maritime,28.0,Normandie,50.0,3.0,3.0,3,1.0,28,Normandie,76,3,97,Rouen,114083,1556,115639.0
202000005782,21,7,2020,01:20,5,76.0,76108,2,1,1.0,7.0,RN 28 (ROUTE DE NEUFCHATEL),"49,4605429","1,1101652",,76.076108,76108,Seine-Maritime,28.0,Normandie,50.0,3.0,2.0,2,1.0,28,Normandie,76,3,2,Bois-Guillaume,14262,361,14623.0
202000005783,18,7,2020,23:20,5,76.0,76351,2,3,1.0,6.0,JEAN JAURES (AVENUE),"49,5005000","0,1669200",,76.076351,76351,Seine-Maritime,28.0,Normandie,50.0,4.0,2.0,2,1.0,28,Normandie,76,2,96,LeHavre,166058,1780,167838.0
202000005885,21,7,2020,06:40,1,76.0,76463,1,1,1.0,6.0,D1,"49,4263560","1,6885470",,76.076463,76463,Seine-Maritime,28.0,Normandie,80.0,3.0,2.0,2,1.0,28,Normandie,76,1,12,Neuf-Marché,656,14,670.0
202000005886,21,7,2020,18:15,1,76.0,76179,2,3,1.0,3.0,Rue Edmond Spalikowski,"49,6010480","1,1156650",,76.076179,76179,Seine-Maritime,28.0,Normandie,50.0,3.0,2.0,2,1.0,28,Normandie,76,3,2,Clères,1380,15,1395.0
202000005947,19,7,2020,22:20,2,76.0,76231,2,1,1.0,4.0,RN 840 (ROUTE DU NEUBOURG),"49,2786690","1,0059340",,76.076231,76231,Seine-Maritime,28.0,Normandie,50.0,3.0,2.0,2,1.0,28,Normandie,76,3,9,Elbeuf,15951,138,16089.0
202000005948,17,7,2020,16:30,1,76.0,76705,1,6,1.0,7.0,PICARD. AVENUE GUSTAVE,"49,3289200","1,1020700",,76.076705,76705,Seine-Maritime,28.0,Normandie,80.0,3.0,1.0,2,1.0,28,Normandie,76,3,5,Tourville-la-Rivière,2568,19,2587.0
202000005992,14,10,2020,08:00,1,76.0,76540,2,1,1.0,2.0,MARNE. BOULEVARD DE LA,"49,4462000","1,0883900",,76.076540,76540,Seine-Maritime,28.0,Normandie,50.0,3.0,2.0,2,1.0,28,Normandie,76,3,97,Rouen,114083,1556,115639.0
202000005993,14,10,2020,18:30,1,76.0,76575,2,1,1.0,6.0,UNIVERSITE. AVENUE DE L',"49,3868400","1,0660300",,76.076575,76575,Seine-Maritime,28.0,Normandie,30.0,4.0,2.0,1,1.0,28,Normandie,76,3,98,Saint-Étienne-du-Rouvray,28508,225,28733.0
202000005994,14,10,2020,15:15,1,76.0,76165,2,3,1.0,3.0,FAURE. RUE FELIX,"49,2871400","1,0229400",,76.076165,76165,Seine-Maritime,28.0,Normandie,30.0,4.0,2.0,2,1.0,28,Normandie,76,3,5,Caudebec-lès-Elbeuf,10135,69,10204.0
202000005995,15,10,2020,18:30,1,76.0,76349,2,3,1.0,3.0,CABARET (RUE DU),"49,8930900","1,0313800",,76.076349,76349,Seine-Maritime,28.0,Normandie,50.0,3.0,2.0,2,1.0,28,Normandie,76,1,7,Hautot-sur-Mer,1887,46,1933.0
202000006190,22,8,2020,04:30,3,76.0,76593,1,1,1.0,7.0,autoroute A29. ,"49,5850000","0,4446000",,76.076593,76593,Seine-Maritime,28.0,Normandie,130.0,1.0,1.0,1,1.0,28,Normandie,76,2,3,Saint-Jean-de-la-NeuvilLe662,12,674,
202000006221,19,8,2020,13:50,1,76.0,76575,2,1,1.0,3.0,MADRILLET. RUE DU,"49,3924700","1,0730100",,76.076575,76575,Seine-Maritime,28.0,Normandie,50.0,4.0,2.0,2,1.0,28,Normandie,76,3,98,Saint-Étienne-du-Rouvray,28508,225,28733.0
202000006222,19,8,2020,15:30,1,76.0,76540,2,1,1.0,6.0,HAVRE. QUAI (HAUT) DU,"49,4395600","1,0860900",,76.076540,76540,Seine-Maritime,28.0,Normandie,50.0,3.0,3.0,4,1.0,28,Normandie,76,3,97,Rouen,114083,1556,115639.0
202000006223,19,8,2020,17:20,1,76.0,76351,2,2,1.0,3.0,PAUL VERLAINE (AVENUE),"49,5093000","0,1631000",,76.076351,76351,Seine-Maritime,28.0,Normandie,50.0,4.0,2.0,2,1.0,28,Normandie,76,2,96,LeHavre,166058,1780,167838.0
202000006407,9,11,2020,15:50,1,76.0,76351,1,1,1.0,2.0,DAUBREE,"49,5129900","0,1128960",,76.076351,76351,Seine-Maritime,28.0,Normandie,30.0,4.0,1.0,1,1.0,28,Normandie,76,2,96,LeHavre,166058,1780,167838.0
202000006455,29,5,2020,16:36,1,76.0,76681,2,2,1.0,1.0,RASPAIL. RUE FRANCOIS,"49,4162600","1,0962000",,76.076681,76681,Seine-Maritime,28.0,Normandie,50.0,4.0,2.0,2,1.0,28,Normandie,76,3,99,Sotteville-lès-Rouen,28965,475,29440.0
202000006491,31,12,2020,18:05,5,76.0,76212,2,1,1.0,2.0,BELGES. RUE DES,"49,4422300","1,1498400",,76.076212,76212,Seine-Maritime,28.0,Normandie,50.0,4.0,2.0,2,1.0,28,Normandie,76,3,6,Darnétal,9738,74,9812.0
202000006492,31,12,2020,09:50,1,76.0,76575,2,6,1.0,3.0,GUYNEMER. RUE GEORGES,"49,3974900","1,0807700",,76.076575,76575,Seine-Maritime,28.0,Normandie,50.0,4.0,2.0,2,1.0,28,Normandie,76,3,98,Saint-Étienne-du-Rouvray,28508,225,28733.0
202000006580,27,11,2020,00:15,3,76.0,76355,1,1,1.0,6.0,Rd 149,"49,7081910","0,7196040",,76.076355,76355,Seine-Maritime,28.0,Normandie,80.0,3.0,2.0,2,1.0,28,Normandie,76,3,35,Héricourt-en-Caux,959,13,972.0
202000006696,26,11,2020,15:45,1,76.0,76653,1,1,1.0,1.0,D50,"49,7734490","0,7184030",,76.076653,76653,Seine-Maritime,28.0,Normandie,80.0,3.0,2.0,2,1.0,28,Normandie,76,1,33,Saint-Vaast-DieppedalLe375,9,384,
202000006780,16,5,2020,19:30,1,76.0,76196,1,1,1.0,7.0,Rue du Canot,"49,6269440","0,2617680",,76.076196,76196,Seine-Maritime,28.0,Normandie,50.0,4.0,-1.0,2,1.0,28,Normandie,76,2,26,Criquetot-l'Esneval,2567,82,2649.0
202000006781,17,5,2020,17:40,1,76.0,76123,1,1,1.0,1.0,Route de dieppe,"49,5439940","1,1513970",,76.076123,76123,Seine-Maritime,28.0,Normandie,80.0,3.0,2.0,2,1.0,28,Normandie,76,3,2,Bosc-Guérard-Saint-Adrien,1070,30,1100.0