Num_Acc,jour,mois,an,hrmn,lum,dep,com,agg,int,atm,col,adr,lat,long,gps,com_insee_temp,com_insee,departmentName,regionCode,regionName,vma,catr,circ,nbv,surf,Code,Region,Departement,Arrondissement,Code_Canton,Nom_Commune,Population_municipaLe,Population_comptee_a_part,Population_Totale
202000024602,8,7,2020,10:40,1,76.0,76157,2,6,1.0,7.0,CD 982 (RUE DE DUCLAIR),"49,4450100","1,0124700",,76.076157,76157,Seine-Maritime,28.0,Normandie,50.0,3.0,-1.0,2,1.0,28,Normandie,76,3,4,Canteleu,13966,360,14326.0
202000024603,7,7,2020,12:10,1,76.0,76351,2,1,1.0,6.0,VALLEE (RUE DE LA),"49,4951300","0,1552500",,76.076351,76351,Seine-Maritime,28.0,Normandie,50.0,4.0,2.0,2,1.0,28,Normandie,76,2,96,LeHavre,166058,1780,167838.0
202000024753,16,2,2020,07:20,5,76.0,76540,2,2,1.0,3.0,DUFAY. RUE,"49,4221400","1,0800100",,76.076540,76540,Seine-Maritime,28.0,Normandie,30.0,4.0,2.0,2,2.0,28,Normandie,76,3,97,Rouen,114083,1556,115639.0
202000024754,14,2,2020,08:30,1,76.0,76157,1,1,1.0,1.0,SAHURS. ROUTE DE (CD 351),"49,4254300","1,0119200",,76.076157,76157,Seine-Maritime,28.0,Normandie,70.0,3.0,2.0,2,2.0,28,Normandie,76,3,4,Canteleu,13966,360,14326.0
202000024755,14,2,2020,07:50,5,76.0,76540,2,3,1.0,3.0,NEUFCHATEL. ROUTE DE,"49,4518000","1,0981700",,76.076540,76540,Seine-Maritime,28.0,Normandie,50.0,3.0,2.0,3,1.0,28,Normandie,76,3,97,Rouen,114083,1556,115639.0
202000024756,14,2,2020,14:15,1,76.0,76319,1,1,1.0,2.0,RN 138,"49,3469752","1,0182115",,76.076319,76319,Seine-Maritime,28.0,Normandie,110.0,2.0,3.0,4,1.0,28,Normandie,76,3,9,Grand-Couronne,9726,177,9903.0
202000024757,10,2,2020,19:10,5,76.0,76540,2,2,3.0,7.0,GAMBETTA. BOULEVARD LEON,"49,4367800","1,1023300",,76.076540,76540,Seine-Maritime,28.0,Normandie,50.0,4.0,2.0,2,2.0,28,Normandie,76,3,97,Rouen,114083,1556,115639.0
202000024758,1,2,2020,11:10,1,76.0,76216,2,3,1.0,-1.0,PETIT AULNAY. RUE DU,"49,4633600","1,0461600",,76.076216,76216,Seine-Maritime,28.0,Normandie,50.0,4.0,2.0,2,2.0,28,Normandie,76,3,22,Déville-lès-Rouen,10745,62,10807.0
202000024759,8,2,2020,07:45,2,76.0,76351,2,1,2.0,6.0,GENERAL FERRIE (AVENUE),"49,5089800","0,1746300",,76.076351,76351,Seine-Maritime,28.0,Normandie,50.0,4.0,2.0,2,2.0,28,Normandie,76,2,96,LeHavre,166058,1780,167838.0
202000024760,24,1,2020,13:15,1,76.0,76351,2,1,1.0,6.0,FELIX FAURE,"49,5016800","0,1140000",,76.076351,76351,Seine-Maritime,28.0,Normandie,50.0,4.0,2.0,2,1.0,28,Normandie,76,2,96,LeHavre,166058,1780,167838.0
202000024761,7,2,2020,22:00,5,76.0,76217,2,2,1.0,6.0,FAUBOURG DE LA BARRE (DE),"49,9222079","1,0701585",,76.076217,76217,Seine-Maritime,28.0,Normandie,50.0,3.0,2.0,2,1.0,28,Normandie,76,1,95,Dieppe,28358,455,28813.0
202000024891,5,9,2020,09:05,1,76.0,76540,2,3,1.0,3.0,AMIENS. RUE D',"49,4401900","1,1027200",,76.076540,76540,Seine-Maritime,28.0,Normandie,30.0,4.0,2.0,2,1.0,28,Normandie,76,3,97,Rouen,114083,1556,115639.0
202000024892,6,9,2020,04:00,5,76.0,76351,2,2,1.0,2.0,MARECHAL JOFFRE (RUE),"49,4996000","0,1227400",,76.076351,76351,Seine-Maritime,28.0,Normandie,50.0,4.0,2.0,2,1.0,28,Normandie,76,2,96,LeHavre,166058,1780,167838.0
202000024893,6,9,2020,00:55,5,76.0,76351,2,2,1.0,7.0,REPUBLIQUE (COURS DE LA),"49,5000000","0,1298000",,76.076351,76351,Seine-Maritime,28.0,Normandie,50.0,4.0,2.0,4,1.0,28,Normandie,76,2,96,LeHavre,166058,1780,167838.0
202000025011,8,8,2020,15:20,1,76.0,76628,1,9,1.0,7.0,A29,"49,6408840","1,0214710",,76.076628,76628,Seine-Maritime,28.0,Normandie,130.0,1.0,1.0,4,1.0,28,Normandie,76,1,20,Saint-Ouen-du-Breuil,889,14,903.0
202000025018,8,8,2020,10:40,1,76.0,76755,1,3,7.0,3.0,D926,"49,6883890","0,5450730",,76.076755,76755,Seine-Maritime,28.0,Normandie,80.0,3.0,2.0,2,1.0,28,Normandie,76,2,11,Ypreville-BivilLe555,8,563,
202000025102,6,8,2020,04:50,5,76.0,76217,2,1,1.0,6.0,GAMBETTA (AVENUE),"49,9219900","1,0732200",,76.076217,76217,Seine-Maritime,28.0,Normandie,50.0,3.0,2.0,3,1.0,28,Normandie,76,1,95,Dieppe,28358,455,28813.0
202000025275,5,6,2020,20:00,1,76.0,76484,1,1,1.0,6.0,A139,"49,3527490","1,0335730",,76.076484,76484,Seine-Maritime,28.0,Normandie,110.0,1.0,3.0,4,1.0,28,Normandie,76,3,31,Oissel,12367,83,12450.0
202000025313,7,6,2020,23:00,3,76.0,76473,1,2,1.0,2.0,D490,"49,4861150","0,7574790",,76.076473,76473,Seine-Maritime,28.0,Normandie,80.0,3.0,2.0,2,1.0,28,Normandie,76,3,25,Notre-Dame-de-Bliquetuit,817,11,828.0
202000025345,6,11,2020,07:40,1,76.0,76540,2,1,1.0,3.0,NEUFCHATEL. ROUTE DE,"49,4530300","1,0986600",,76.076540,76540,Seine-Maritime,28.0,Normandie,50.0,3.0,2.0,3,1.0,28,Normandie,76,3,97,Rouen,114083,1556,115639.0
202000025348,5,11,2020,21:00,5,76.0,76351,2,2,1.0,3.0,MARECHAL JOFFRE (RUE),"49,4989310","0,1198750",,76.076351,76351,Seine-Maritime,28.0,Normandie,50.0,4.0,2.0,2,1.0,28,Normandie,76,2,96,LeHavre,166058,1780,167838.0
202000025501,6,6,2020,17:00,1,76.0,76488,1,1,6.0,7.0,Rue de Maldestour,"49,7839000","0,5923000",,76.076488,76488,Seine-Maritime,28.0,Normandie,80.0,3.0,2.0,2,1.0,28,Normandie,76,1,33,OuainvilLe527,12,539,
202000025576,2,10,2020,20:00,3,76.0,76095,2,1,2.0,5.0,RN 28 (ROUTE DE NEUFCHATEL),"49,4575200","1,1080900",,76.076095,76095,Seine-Maritime,28.0,Normandie,50.0,3.0,2.0,2,2.0,28,Normandie,76,3,2,Bihorel,8199,164,8363.0
202000025663,5,6,2020,15:00,1,76.0,76217,2,1,1.0,6.0,BOURSE (ARCADES DE LA),"49,9267600","1,0794700",,76.076217,76217,Seine-Maritime,28.0,Normandie,30.0,4.0,1.0,2,1.0,28,Normandie,76,1,95,Dieppe,28358,455,28813.0
202000025943,9,4,2020,23:00,5,76.0,76319,1,1,1.0,7.0,ESSARTS. RUE DES (CD 13),"49,3382604","1,0140420",,76.076319,76319,Seine-Maritime,28.0,Normandie,80.0,3.0,2.0,2,1.0,28,Normandie,76,3,9,Grand-Couronne,9726,177,9903.0
202000026028,15,12,2020,18:00,5,76.0,76540,2,1,1.0,2.0,CANADIENS. AVENUE DES,"49,4589100","1,1289700",,76.076540,76540,Seine-Maritime,28.0,Normandie,30.0,4.0,2.0,2,1.0,28,Normandie,76,3,97,Rouen,114083,1556,115639.0
202000026153,16,1,2020,19:07,4,76.0,76165,2,1,1.0,-1.0,CHENNEVIERE. RUE,"49,2899100","1,0262500",,76.076165,76165,Seine-Maritime,28.0,Normandie,50.0,4.0,2.0,2,1.0,28,Normandie,76,3,5,Caudebec-lès-Elbeuf,10135,69,10204.0
202000026154,16,1,2020,18:05,5,76.0,76351,2,1,1.0,-1.0,FRISSARD (QUAI),"49,4903800","0,1275600",,76.076351,76351,Seine-Maritime,28.0,Normandie,30.0,4.0,2.0,2,1.0,28,Normandie,76,2,96,LeHavre,166058,1780,167838.0
202000026338,15,1,2020,08:10,5,76.0,76540,2,1,1.0,6.0,MONT RIBOUDET. AVENUE DU,"49,4463700","1,0708900",,76.076540,76540,Seine-Maritime,28.0,Normandie,50.0,3.0,3.0,7,1.0,28,Normandie,76,3,97,Rouen,114083,1556,115639.0
202000026339,15,1,2020,09:10,1,76.0,76351,2,1,1.0,6.0,PIERRE FARCIS,"49,5168100","0,1011000",,76.076351,76351,Seine-Maritime,28.0,Normandie,50.0,4.0,2.0,-1,1.0,28,Normandie,76,2,96,LeHavre,166058,1780,167838.0
202000026340,10,1,2020,12:10,1,76.0,76351,2,2,1.0,3.0,LOUIS BRINDEAU,"49,4912200","0,1033600",,76.076351,76351,Seine-Maritime,28.0,Normandie,30.0,4.0,1.0,2,1.0,28,Normandie,76,2,96,LeHavre,166058,1780,167838.0
202000026737,7,9,2020,08:30,1,76.0,76155,2,1,7.0,3.0,153 Rue des Potiers,"49,9845350","1,3536680",,76.076155,76155,Seine-Maritime,28.0,Normandie,50.0,3.0,2.0,2,1.0,28,Normandie,76,1,10,Canehan,381,13,394.0
202000026880,6,9,2020,15:00,1,76.0,76637,1,1,1.0,7.0,D79,"49,8124980","0,5121250",,76.076637,76637,Seine-Maritime,28.0,Normandie,80.0,3.0,2.0,2,1.0,28,Normandie,76,2,11,Saint-Pierre-en-Port,830,14,844.0
202000027067,5,11,2020,04:30,5,76.0,76681,2,1,9.0,3.0,14 JUILLET. AVENUE DU,"49,4078700","1,0904900",,76.076681,76681,Seine-Maritime,28.0,Normandie,50.0,4.0,2.0,2,1.0,28,Normandie,76,3,99,Sotteville-lès-Rouen,28965,475,29440.0
202000027069,4,11,2020,17:36,1,76.0,76351,2,3,1.0,2.0,PAUL BERT (AVENUE).,"49,5079900","0,1682400",,76.076351,76351,Seine-Maritime,28.0,Normandie,50.0,4.0,2.0,2,1.0,28,Normandie,76,2,96,LeHavre,166058,1780,167838.0
202000027073,4,11,2020,09:50,1,76.0,76351,2,3,1.0,6.0,ALBERT SAMAIN,"49,5167300","0,0929600",,76.076351,76351,Seine-Maritime,28.0,Normandie,50.0,4.0,2.0,2,1.0,28,Normandie,76,2,96,LeHavre,166058,1780,167838.0
202000027085,9,4,2020,01:15,5,76.0,76319,2,1,1.0,7.0,ESSARTS. RUE DES (CD 13),"49,3528700","1,0130800",,76.076319,76319,Seine-Maritime,28.0,Normandie,50.0,3.0,2.0,2,1.0,28,Normandie,76,3,9,Grand-Couronne,9726,177,9903.0
202000027302,8,4,2020,17:40,1,76.0,76226,2,1,7.0,6.0,2 Rue des Hetres,"49,7904490","0,4849000",,76.076226,76226,Seine-Maritime,28.0,Normandie,50.0,4.0,2.0,2,1.0,28,Normandie,76,2,11,Écretteville-sur-Mer,155,2,157.0
202000027305,8,4,2020,18:30,1,76.0,76452,2,6,1.0,7.0,Rue de Bois Isambert,"49,5435800","1,1042010",,76.076452,76452,Seine-Maritime,28.0,Normandie,50.0,3.0,2.0,2,1.0,28,Normandie,76,3,2,MontvilLe4595,51,4646,
202000027455,2,11,2020,11:40,1,76.0,76351,2,1,2.0,1.0,LOUIS BLERIOT,"49,5302052","0,0948046",,76.076351,76351,Seine-Maritime,28.0,Normandie,50.0,3.0,2.0,2,2.0,28,Normandie,76,2,96,LeHavre,166058,1780,167838.0
202000027735,3,10,2020,10:00,1,76.0,76125,1,9,8.0,1.0,Chemin de Crecieusemare,"49,6246400","1,1685100",,76.076125,76125,Seine-Maritime,28.0,Normandie,80.0,4.0,2.0,2,6.0,28,Normandie,76,3,23,Bosc-le-Hard,1579,18,1597.0
202000028035,16,12,2020,11:29,1,76.0,76728,1,1,1.0,2.0,A150,"49,4826990","1,0067490",,76.076728,76728,Seine-Maritime,28.0,Normandie,110.0,1.0,1.0,4,1.0,28,Normandie,76,3,24,La Vaupalière,1192,21,1213.0
202000028237,14,1,2020,16:55,2,76.0,76217,2,9,1.0,3.0,DUQUESNE (QUAI),"49,9251000","1,0804690",,76.076217,76217,Seine-Maritime,28.0,Normandie,30.0,4.0,1.0,2,1.0,28,Normandie,76,1,95,Dieppe,28358,455,28813.0
202000028238,14,1,2020,11:30,1,76.0,76414,2,1,1.0,7.0,SAINT MARTIN (RUE),"49,8995675","1,1505707",,76.076414,76414,Seine-Maritime,28.0,Normandie,50.0,4.0,2.0,2,2.0,28,Normandie,76,1,8,Martin-Église,1600,55,1655.0
202000028438,5,7,2020,19:05,1,76.0,76681,2,2,1.0,2.0,CORNEILLE. RUE PIERRE,"49,4182000","1,0971500",,76.076681,76681,Seine-Maritime,28.0,Normandie,50.0,3.0,2.0,2,1.0,28,Normandie,76,3,99,Sotteville-lès-Rouen,28965,475,29440.0
202000028512,17,2,2020,17:27,1,76.0,76281,1,2,1.0,2.0,D484,"49,5201310","0,5748890",,76.076281,76281,Seine-Maritime,28.0,Normandie,80.0,3.0,2.0,2,1.0,28,Normandie,76,2,25,La Frénaye,2081,44,2125.0
202000028589,16,2,2020,18:40,3,76.0,76516,1,1,3.0,7.0,A28,"49,7166000","1,4154000",,76.076516,76516,Seine-Maritime,28.0,Normandie,130.0,1.0,3.0,4,2.0,28,Normandie,76,1,23,Quièvrecourt,406,18,424.0
202000028608,17,2,2020,00:00,3,76.0,76657,1,9,1.0,6.0,A131,"49,4892600","0,3792860",,76.076657,76657,Seine-Maritime,28.0,Normandie,130.0,1.0,3.0,4,2.0,28,Normandie,76,2,32,Saint-Vigor-d'YmonvilLe1167,24,1191,
202000028665,6,9,2020,22:00,3,76.0,76223,1,1,1.0,6.0,D89,"49,6177310","0,8310000",,76.076223,76223,Seine-Maritime,28.0,Normandie,80.0,3.0,2.0,2,1.0,28,Normandie,76,3,24,Écalles-Alix,528,6,534.0
202000028666,7,9,2020,13:40,1,76.0,76660,1,1,1.0,2.0,Route des Alizes,"49,4785109","0,3081141",,76.076660,76660,Seine-Maritime,28.0,Normandie,50.0,4.0,2.0,2,1.0,28,Normandie,76,2,32,SandouvilLe800,11,811,
202000028697,4,9,2020,17:08,1,76.0,76329,2,9,1.0,3.0,ABBAYE (RUE DE L'),"49,5498400","0,4919000",,76.076329,76329,Seine-Maritime,28.0,Normandie,50.0,3.0,2.0,1,1.0,28,Normandie,76,2,3,Gruchet-le-Valasse,3074,39,3113.0
202000028856,7,4,2020,20:15,2,76.0,76331,2,1,1.0,6.0,Route de l'Etablissement,"49,6154890","1,1051990",,76.076331,76331,Seine-Maritime,28.0,Normandie,30.0,3.0,2.0,2,1.0,28,Normandie,76,3,2,Grugny,1005,5,1010.0
202000028879,6,4,2020,04:17,5,76.0,76681,2,1,1.0,7.0,GUESDE. RUE JULES,"49,3975800","1,0831900",,76.076681,76681,Seine-Maritime,28.0,Normandie,50.0,4.0,2.0,2,1.0,28,Normandie,76,3,99,Sotteville-lès-Rouen,28965,475,29440.0
202000029059,4,8,2020,12:10,1,76.0,76498,2,1,1.0,2.0,ALLIES. AVENUE DES,"49,4225500","1,0533500",,76.076498,76498,Seine-Maritime,28.0,Normandie,50.0,3.0,2.0,2,1.0,28,Normandie,76,3,27,LePetit-Quevilly,21782,274,22056.0
202000029060,1,8,2020,05:25,5,76.0,76351,2,2,1.0,6.0,CHANTIERS (DES),"49,4851900","0,1632600",,76.076351,76351,Seine-Maritime,28.0,Normandie,50.0,4.0,2.0,2,1.0,28,Normandie,76,2,96,LeHavre,166058,1780,167838.0
202000029218,1,8,2020,12:00,1,76.0,76682,1,1,1.0,7.0,VILLAGE RUE DU,"49,3199634","1,1056633",,76.076682,76682,Seine-Maritime,28.0,Normandie,70.0,3.0,2.0,2,1.0,28,Normandie,76,3,5,Sotteville-sous-le-Val,742,4,746.0
202000029240,5,11,2020,18:20,3,76.0,76001,1,2,1.0,3.0,D34,"49,5893100","0,6600380",,76.076001,76001,Seine-Maritime,28.0,Normandie,80.0,3.0,2.0,2,1.0,28,Normandie,76,3,35,Allouville-Bellefosse,1150,19,1169.0
202000029260,2,11,2020,17:22,1,76.0,76451,2,1,1.0,-1.0,MONT AUX MALADES. AVENUE DU,"49,4644900","1,0734400",,76.076451,76451,Seine-Maritime,28.0,Normandie,50.0,4.0,2.0,2,1.0,28,Normandie,76,3,22,Mont-Saint-Aignan,20066,415,20481.0
202000029351,31,10,2020,02:40,5,76.0,76341,2,1,1.0,7.0,RD 6382,"49,5137747","0,1997570",,76.076341,76341,Seine-Maritime,28.0,Normandie,50.0,3.0,3.0,4,1.0,28,Normandie,76,2,15,Harfleur,8315,53,8368.0
202000029352,1,11,2020,02:15,5,76.0,76351,1,1,2.0,6.0,JULES DURAND (BD),"49,4974291","0,1832129",,76.076351,76351,Seine-Maritime,28.0,Normandie,50.0,3.0,3.0,6,3.0,28,Normandie,76,2,96,LeHavre,166058,1780,167838.0
202000029502,30,9,2020,20:25,5,76.0,76351,2,2,2.0,2.0,CALIGNY (DE),"49,4932000","0,1007800",,76.076351,76351,Seine-Maritime,28.0,Normandie,50.0,4.0,2.0,2,2.0,28,Normandie,76,2,96,LeHavre,166058,1780,167838.0
202000029638,29,5,2020,15:45,1,76.0,76486,1,1,1.0,7.0,RD 932 (AVENUE DU CIRCUIT),"49,3244100","0,9990600",,76.076486,76486,Seine-Maritime,28.0,Normandie,70.0,3.0,2.0,2,1.0,28,Normandie,76,3,9,Orival,860,5,865.0
202000029640,30,5,2020,17:37,1,76.0,76681,1,1,1.0,2.0,INDUSTRIEL. BOULEVARD (CD 18E),"49,4155708","1,1072159",,76.076681,76681,Seine-Maritime,28.0,Normandie,70.0,3.0,3.0,4,1.0,28,Normandie,76,3,99,Sotteville-lès-Rouen,28965,475,29440.0
202000029642,2,6,2020,14:40,1,76.0,76681,2,2,1.0,3.0,CORNEILLE. RUE PIERRE,"49,4181900","1,0971900",,76.076681,76681,Seine-Maritime,28.0,Normandie,50.0,3.0,2.0,3,1.0,28,Normandie,76,3,99,Sotteville-lès-Rouen,28965,475,29440.0
202000029834,13,12,2020,02:00,5,76.0,76540,2,2,1.0,7.0,GANTERIE. RUE,"49,4438500","1,0924800",,76.076540,76540,Seine-Maritime,28.0,Normandie,10.0,4.0,1.0,1,1.0,28,Normandie,76,3,97,Rouen,114083,1556,115639.0
202000029835,13,12,2020,09:30,1,76.0,76322,2,1,1.0,6.0,PAINLEVE. RUE PAUL,"49,4062500","1,0608200",,76.076322,76322,Seine-Maritime,28.0,Normandie,50.0,4.0,2.0,2,2.0,28,Normandie,76,3,13,LeGrand-Quevilly,25975,225,26200.0
202000029836,13,12,2020,17:13,5,76.0,76486,2,1,1.0,6.0,CORNEILLE. RUE PIERRE ET THOMAS,"49,3044800","0,9926700",,76.076486,76486,Seine-Maritime,28.0,Normandie,50.0,3.0,2.0,2,2.0,28,Normandie,76,3,9,Orival,860,5,865.0
202000029837,14,12,2020,08:25,1,76.0,76351,2,1,1.0,2.0,LENINGRAD (BD DE),"49,5003500","0,1773400",,76.076351,76351,Seine-Maritime,28.0,Normandie,50.0,3.0,3.0,5,2.0,28,Normandie,76,2,96,LeHavre,166058,1780,167838.0
202000029838,13,12,2020,21:55,3,76.0,76341,1,1,2.0,6.0,RD 6382,"49,5141789","0,1937790",,76.076341,76341,Seine-Maritime,28.0,Normandie,50.0,3.0,1.0,1,2.0,28,Normandie,76,2,15,Harfleur,8315,53,8368.0
202000029961,14,12,2020,18:15,5,76.0,76475,2,6,2.0,3.0,D6014,"49,4024530","1,1609670",,76.076475,76475,Seine-Maritime,28.0,Normandie,50.0,3.0,2.0,2,2.0,28,Normandie,76,3,21,Franqueville-Saint-Pierre,6067,195,6262.0
202000030077,14,1,2020,10:40,1,76.0,76013,1,2,2.0,3.0,516 Route de Sassetot,"49,7788350","0,5227530",,76.076013,76013,Seine-Maritime,28.0,Normandie,70.0,3.0,2.0,2,2.0,28,Normandie,76,2,11,Angerville-la-Martel,1083,27,1110.0
202000030256,7,7,2020,11:00,1,76.0,76719,1,1,1.0,2.0,Route du Bec au Cauchois,"49,7443010","0,4926950",,76.076719,76719,Seine-Maritime,28.0,Normandie,70.0,3.0,2.0,2,1.0,28,Normandie,76,2,11,Valmont,867,15,882.0
202000030456,14,2,2020,15:00,1,76.0,76563,1,2,1.0,4.0,D6015,"49,5259880","0,3304910",,76.076563,76563,Seine-Maritime,28.0,Normandie,80.0,3.0,2.0,2,1.0,28,Normandie,76,2,32,Saint-Aubin-Routot,1954,20,1974.0
202000030493,13,2,2020,20:50,5,76.0,76157,2,1,1.0,6.0,HUGO. RUE VICTOR,"49,4460500","1,0360400",,76.076157,76157,Seine-Maritime,28.0,Normandie,50.0,3.0,2.0,2,2.0,28,Normandie,76,3,4,Canteleu,13966,360,14326.0
202000031105,29,10,2020,18:20,3,76.0,76540,2,1,1.0,6.0,GAMBETTA. BOULEVARD,"49,4378700","1,1054600",,76.076540,76540,Seine-Maritime,28.0,Normandie,30.0,4.0,2.0,2,1.0,28,Normandie,76,3,97,Rouen,114083,1556,115639.0
202000031106,29,10,2020,18:50,1,76.0,76305,2,1,1.0,6.0,CAMP PHILIP MORIS (RUE),"49,5093100","0,2288400",,76.076305,76305,Seine-Maritime,28.0,Normandie,50.0,4.0,1.0,2,1.0,28,Normandie,76,2,16,Gonfreville-l'Orcher,8961,44,9005.0
202000031360,1,6,2020,19:02,1,76.0,76498,2,1,1.0,7.0,JAURES. AVENUE JEAN,"49,4271978","1,0655665",,76.076498,76498,Seine-Maritime,28.0,Normandie,50.0,3.0,2.0,2,1.0,28,Normandie,76,3,27,LePetit-Quevilly,21782,274,22056.0
202000031361,31,5,2020,15:20,1,76.0,76165,2,3,1.0,-1.0,REPUBLIQUE. RUE DE LA,"49,2837882","1,0164347",,76.076165,76165,Seine-Maritime,28.0,Normandie,30.0,3.0,1.0,1,1.0,28,Normandie,76,3,5,Caudebec-lès-Elbeuf,10135,69,10204.0
202000031363,31,5,2020,23:10,5,76.0,76305,2,8,1.0,6.0,BREQUE (Route de la),"49,4900500","0,1963000",,76.076305,76305,Seine-Maritime,28.0,Normandie,50.0,4.0,2.0,2,1.0,28,Normandie,76,2,16,Gonfreville-l'Orcher,8961,44,9005.0
202000031364,31,5,2020,02:45,3,76.0,76270,1,1,1.0,7.0,RD 6382,"49,5305600","0,1294100",,76.076270,76270,Seine-Maritime,28.0,Normandie,90.0,3.0,3.0,4,1.0,28,Normandie,76,2,26,Fontaine-la-Mallet,2635,54,2689.0
202000031366,1,6,2020,17:24,1,76.0,76351,2,2,1.0,3.0,PIERRE GUINARD,"49,4852000","0,1300400",,76.076351,76351,Seine-Maritime,28.0,Normandie,50.0,4.0,2.0,1,1.0,28,Normandie,76,2,96,LeHavre,166058,1780,167838.0
202000031522,3,6,2020,16:40,1,76.0,76235,2,1,1.0,7.0,Rue Abbé Cochet,"49,8955900","1,2655980",,76.076235,76235,Seine-Maritime,28.0,Normandie,50.0,3.0,2.0,2,1.0,28,Normandie,76,1,8,Envermeu,1978,132,2110.0
202000031729,28,9,2020,08:25,1,76.0,76231,1,1,1.0,2.0,SAUSSAYE. RUE DE LA,"49,2715500","0,9970900",,76.076231,76231,Seine-Maritime,28.0,Normandie,80.0,3.0,2.0,2,1.0,28,Normandie,76,3,9,Elbeuf,15951,138,16089.0
202000031768,14,12,2020,09:30,1,76.0,76302,2,1,1.0,6.0,18 rue Emile Benard,"49,6455720","0,3683580",,76.076302,76302,Seine-Maritime,28.0,Normandie,50.0,3.0,2.0,2,1.0,28,Normandie,76,2,32,GodervilLe2839,39,2878,
202000032078,12,1,2020,17:50,1,76.0,76305,1,1,1.0,7.0,RD 6015,"49,5122800","0,2164700",,76.076305,76305,Seine-Maritime,28.0,Normandie,50.0,3.0,1.0,1,1.0,28,Normandie,76,2,16,Gonfreville-l'Orcher,8961,44,9005.0
202000032295,5,7,2020,12:45,1,76.0,76196,2,6,8.0,6.0,Route de Gonneville,"49,6433740","0,2621385",,76.076196,76196,Seine-Maritime,28.0,Normandie,50.0,3.0,2.0,2,2.0,28,Normandie,76,2,26,Criquetot-l'Esneval,2567,82,2649.0
202000032296,5,7,2020,05:00,3,76.0,76258,1,1,2.0,6.0,Rd 926,"49,6353490","0,6301370",,76.076258,76258,Seine-Maritime,28.0,Normandie,80.0,3.0,2.0,2,2.0,28,Normandie,76,2,33,Terres-de-Caux,4208,112,4320.0
202000032337,24,1,2020,15:17,1,76.0,76351,2,1,1.0,6.0,CAPUCHET (DU),"49,5234500","0,1040900",,76.076351,76351,Seine-Maritime,28.0,Normandie,20.0,6.0,-1.0,-1,1.0,28,Normandie,76,2,96,LeHavre,166058,1780,167838.0
202000032343,24,3,2020,23:00,5,76.0,76351,2,4,1.0,1.0,DU GUESCLIN,"49,4961300","0,1261200",,76.076351,76351,Seine-Maritime,28.0,Normandie,50.0,4.0,2.0,2,1.0,28,Normandie,76,2,96,LeHavre,166058,1780,167838.0
202000032381,25,3,2020,18:57,1,76.0,76135,1,9,1.0,7.0,Villers-Écalles,"49,5481470","0,9216020",,76.076135,76135,Seine-Maritime,28.0,Normandie,70.0,1.0,1.0,4,1.0,28,Normandie,76,3,1,BouvilLe1013,12,1025,
202000032385,16,3,2020,17:15,1,76.0,76517,1,4,1.0,3.0,Rue de la Muette,"49,5158365","1,1395705",,76.076517,76517,Seine-Maritime,28.0,Normandie,80.0,3.0,2.0,2,1.0,28,Normandie,76,3,2,Quincampoix,3110,68,3178.0
202000032395,13,1,2020,19:30,5,76.0,76540,2,2,1.0,6.0,COUPERIN. RUE FRANCOIS,"49,4498500","1,1384600",,76.076540,76540,Seine-Maritime,28.0,Normandie,50.0,4.0,2.0,2,1.0,28,Normandie,76,3,97,Rouen,114083,1556,115639.0
202000032426,24,3,2020,12:45,1,76.0,76638,1,1,1.0,6.0,D1314,"50,0044460","1,4320690",,76.076638,76638,Seine-Maritime,28.0,Normandie,80.0,3.0,2.0,2,1.0,28,Normandie,76,1,10,Saint-Pierre-en-Val,1090,16,1106.0
202000032519,15,2,2020,05:15,3,76.0,76610,2,1,1.0,6.0,Rue des Tilleuls,"49,6257410","0,7813650",,76.076610,76610,Seine-Maritime,28.0,Normandie,50.0,4.0,1.0,1,2.0,28,Normandie,76,3,35,Sainte-Marie-des-Champs,1579,13,1592.0
202000032557,18,3,2020,19:00,1,76.0,76351,2,1,1.0,5.0,LENINGRAD (BD DE),"49,4986117","0,1585186",,76.076351,76351,Seine-Maritime,28.0,Normandie,50.0,3.0,3.0,3,1.0,28,Normandie,76,2,96,LeHavre,166058,1780,167838.0
202000032578,12,2,2020,16:25,1,76.0,76351,2,6,1.0,3.0,Rue des Chargeurs Réunis,"49,4853900","0,1368000",,76.076351,76351,Seine-Maritime,28.0,Normandie,-1.0,3.0,2.0,2,1.0,28,Normandie,76,2,96,LeHavre,166058,1780,167838.0
202000032620,18,3,2020,09:20,1,76.0,76484,2,4,1.0,3.0,FRATERNITE. AVENUE DE LA,"49,3610300","1,0988100",,76.076484,76484,Seine-Maritime,28.0,Normandie,50.0,4.0,2.0,2,1.0,28,Normandie,76,3,31,Oissel,12367,83,12450.0
202000032745,2,9,2020,12:25,1,76.0,76216,2,1,1.0,6.0,FONTENELLE. RUE DE,"49,4762200","1,0535600",,76.076216,76216,Seine-Maritime,28.0,Normandie,50.0,4.0,2.0,2,1.0,28,Normandie,76,3,22,Déville-lès-Rouen,10745,62,10807.0
202000032746,2,9,2020,20:45,5,76.0,76451,2,1,1.0,6.0,MONT AUX MALADES. AVENUE DU,"49,4606600","1,0824500",,76.076451,76451,Seine-Maritime,28.0,Normandie,50.0,3.0,2.0,3,1.0,28,Normandie,76,3,22,Mont-Saint-Aignan,20066,415,20481.0
202000032747,2,9,2020,13:10,1,76.0,76575,2,1,1.0,-1.0,RUE DU CLOS TELLIER,"49,3777400","1,1157300",,76.076575,76575,Seine-Maritime,28.0,Normandie,50.0,4.0,-1.0,2,1.0,28,Normandie,76,3,98,Saint-Étienne-du-Rouvray,28508,225,28733.0
202000032748,3,9,2020,16:00,1,76.0,76382,1,1,1.0,2.0,D6015,"49,5777100","0,5152840",,76.076382,76382,Seine-Maritime,28.0,Normandie,80.0,3.0,2.0,3,1.0,28,Normandie,76,2,3,Lanquetot,1152,19,1171.0