Num_Acc,jour,mois,an,hrmn,lum,dep,com,agg,int,atm,col,adr,lat,long,gps,com_insee_temp,com_insee,departmentName,regionCode,regionName,vma,catr,circ,nbv,surf,Code,Region,Departement,Arrondissement,Code_Canton,Nom_Commune,Population_municipaLe,Population_comptee_a_part,Population_Totale
202000032863,5,8,2020,18:50,1,76.0,76126,1,1,1.0,6.0,D928,"49,6748490","1,3434220",,76.076126,76126,Seine-Maritime,28.0,Normandie,80.0,3.0,2.0,2,1.0,28,Normandie,76,1,23,Bosc-Mesnil,325,5,330.0
202000033066,31,7,2020,22:11,5,76.0,76540,2,2,1.0,3.0,ELBEUF. RUE D',"49,4257700","1,0826100",,76.076540,76540,Seine-Maritime,28.0,Normandie,30.0,4.0,2.0,2,1.0,28,Normandie,76,3,97,Rouen,114083,1556,115639.0
202000033206,2,8,2020,02:00,5,76.0,76468,2,1,7.0,6.0,238 Route de la Gare,"49,5972280","0,4803140",,76.076468,76468,Seine-Maritime,28.0,Normandie,50.0,3.0,2.0,2,1.0,28,Normandie,76,2,3,Nointot,1364,33,1397.0
202000033429,1,6,2020,16:15,1,76.0,76132,2,1,1.0,-1.0,947 Grand Rue,"49,6792780","0,9401040",,76.076132,76132,Seine-Maritime,28.0,Normandie,50.0,3.0,2.0,2,9.0,28,Normandie,76,3,35,BourdainvilLe471,2,473,
202000033473,31,7,2020,01:10,4,76.0,76366,2,1,1.0,7.0,RN 27 (RUE DU GENERAL DE GAULLE),"49,5037300","1,0426100",,76.076366,76366,Seine-Maritime,28.0,Normandie,50.0,3.0,2.0,2,1.0,28,Normandie,76,3,24,LeHoulme,4133,32,4165.0
202000033474,30,7,2020,23:49,5,76.0,76351,2,3,1.0,3.0,RENE COTY,"49,4984783","0,1179798",,76.076351,76351,Seine-Maritime,28.0,Normandie,30.0,4.0,2.0,2,1.0,28,Normandie,76,2,96,LeHavre,166058,1780,167838.0
202000033569,10,12,2020,18:25,3,76.0,76498,2,1,1.0,4.0,JACQUARD. RUE,"49,4303500","1,0544800",,76.076498,76498,Seine-Maritime,28.0,Normandie,30.0,5.0,2.0,2,2.0,28,Normandie,76,3,27,LePetit-Quevilly,21782,274,22056.0
202000033571,10,12,2020,17:45,5,76.0,76322,2,1,1.0,6.0,REPUBLIQUE. RUE DE LA,"49,4173098","1,0378622",,76.076322,76322,Seine-Maritime,28.0,Normandie,30.0,4.0,2.0,2,1.0,28,Normandie,76,3,13,LeGrand-Quevilly,25975,225,26200.0
202000033574,11,12,2020,07:25,5,76.0,76351,2,2,2.0,3.0,LOUIS LUMIERE,"49,5241500","0,1228670",,76.076351,76351,Seine-Maritime,28.0,Normandie,50.0,3.0,2.0,5,1.0,28,Normandie,76,2,96,LeHavre,166058,1780,167838.0
202000033687,30,8,2020,09:50,1,76.0,76540,2,2,1.0,3.0,EUROPE. BOULEVARD DE L',"49,4282700","1,0813400",,76.076540,76540,Seine-Maritime,28.0,Normandie,50.0,4.0,2.0,8,1.0,28,Normandie,76,3,97,Rouen,114083,1556,115639.0
202000033691,26,9,2020,22:20,5,76.0,76540,2,1,1.0,3.0,REPUBLIQUE. RUE DE LA,"49,4420800","1,0983000",,76.076540,76540,Seine-Maritime,28.0,Normandie,30.0,4.0,1.0,1,1.0,28,Normandie,76,3,97,Rouen,114083,1556,115639.0
202000033696,27,9,2020,01:20,5,76.0,76351,2,2,1.0,3.0,JULES LECESNE (RUE),"49,4933000","0,1185000",,76.076351,76351,Seine-Maritime,28.0,Normandie,50.0,4.0,1.0,1,1.0,28,Normandie,76,2,96,LeHavre,166058,1780,167838.0
202000033812,11,12,2020,10:26,1,76.0,76462,2,1,2.0,3.0,Avenue des Canadiens,"49,7297540","1,4287160",,76.076462,76462,Seine-Maritime,28.0,Normandie,80.0,3.0,2.0,2,2.0,28,Normandie,76,1,23,Neufchâtel-en-Bray,4680,213,4893.0
202000033993,9,1,2020,08:00,5,76.0,76540,2,1,1.0,3.0,CONSTANTINE. RUE DE,"49,4480600","1,0719400",,76.076540,76540,Seine-Maritime,28.0,Normandie,50.0,4.0,1.0,1,1.0,28,Normandie,76,3,97,Rouen,114083,1556,115639.0
202000034125,2,7,2020,16:50,1,76.0,76575,2,1,1.0,3.0,HOTEL FORMULE 1 (AV. DES CANADIENS),"49,4001100","1,0639100",,76.076575,76575,Seine-Maritime,28.0,Normandie,50.0,4.0,2.0,2,1.0,28,Normandie,76,3,98,Saint-Étienne-du-Rouvray,28508,225,28733.0
202000034126,3,7,2020,09:25,1,76.0,76351,2,2,1.0,3.0,BOUGAINVILLE,"49,4984100","0,1255400",,76.076351,76351,Seine-Maritime,28.0,Normandie,50.0,4.0,2.0,1,1.0,28,Normandie,76,2,96,LeHavre,166058,1780,167838.0
202000034325,28,2,2020,11:45,1,76.0,76351,2,3,2.0,6.0,MARECHAL JOFFRE (RUE),"49,4989000","0,1197300",,76.076351,76351,Seine-Maritime,28.0,Normandie,50.0,4.0,2.0,2,2.0,28,Normandie,76,2,96,LeHavre,166058,1780,167838.0
202000034395,15,3,2020,15:45,1,76.0,76540,2,1,1.0,7.0,GUILLAUME LE CONQUERANT. RAMPE,"49,4410500","1,0815000",,76.076540,76540,Seine-Maritime,28.0,Normandie,50.0,2.0,2.0,5,1.0,28,Normandie,76,3,97,Rouen,114083,1556,115639.0
202000034490,2,9,2020,14:00,1,76.0,76217,2,1,1.0,3.0,POURVILLE (ROUTE DE),"49,9218400","1,0567800",,76.076217,76217,Seine-Maritime,28.0,Normandie,50.0,3.0,2.0,2,1.0,28,Normandie,76,1,95,Dieppe,28358,455,28813.0
202000034688,11,2,2020,16:35,1,76.0,76157,1,1,1.0,1.0,SAHURS. ROUTE DE (CD 351),"49,4316000","1,0133700",,76.076157,76157,Seine-Maritime,28.0,Normandie,70.0,3.0,2.0,2,2.0,28,Normandie,76,3,4,Canteleu,13966,360,14326.0
202000035053,29,7,2020,17:10,1,76.0,76540,2,2,1.0,3.0,BICHERAY. AVENUE DU COMMANDANT,"49,4496600","1,0505500",,76.076540,76540,Seine-Maritime,28.0,Normandie,50.0,3.0,2.0,7,1.0,28,Normandie,76,3,97,Rouen,114083,1556,115639.0
202000035056,29,7,2020,12:00,1,76.0,76575,2,2,1.0,3.0,FERBER. RUE DU CAPITAINE,"49,3955400","1,0775400",,76.076575,76575,Seine-Maritime,28.0,Normandie,50.0,4.0,2.0,2,1.0,28,Normandie,76,3,98,Saint-Étienne-du-Rouvray,28508,225,28733.0
202000035059,29,7,2020,17:30,1,76.0,76351,2,2,1.0,3.0,GRAND HAMEAU (Avenue du ),"49,5242500","0,0968600",,76.076351,76351,Seine-Maritime,28.0,Normandie,50.0,3.0,2.0,2,1.0,28,Normandie,76,2,96,LeHavre,166058,1780,167838.0
202000035062,28,7,2020,12:20,1,76.0,76351,1,1,1.0,3.0,LENINGRAD (BD DE),"49,5003500","0,1793000",,76.076351,76351,Seine-Maritime,28.0,Normandie,70.0,3.0,3.0,4,1.0,28,Normandie,76,2,96,LeHavre,166058,1780,167838.0
202000035063,28,7,2020,12:50,1,76.0,76351,2,1,1.0,6.0,JULES DURAND (BD),"49,4894700","0,1547900",,76.076351,76351,Seine-Maritime,28.0,Normandie,50.0,3.0,2.0,2,1.0,28,Normandie,76,2,96,LeHavre,166058,1780,167838.0
202000035127,28,9,2020,06:33,3,76.0,76138,1,2,2.0,3.0,D151,"49,6587370","1,1818050",,76.076138,76138,Seine-Maritime,28.0,Normandie,80.0,3.0,2.0,2,2.0,28,Normandie,76,1,23,Bracquetuit,332,8,340.0
202000035368,12,1,2020,17:50,2,76.0,76211,1,3,2.0,6.0,D149,"49,9118176","1,5571774",,76.076211,76211,Seine-Maritime,28.0,Normandie,80.0,3.0,2.0,2,1.0,28,Normandie,76,1,10,Dancourt,233,2,235.0
202000035570,29,5,2020,19:00,1,76.0,76540,2,3,1.0,2.0,BOISGUILBERT. QUAI DE,"49,4424200","1,0772700",,76.076540,76540,Seine-Maritime,28.0,Normandie,50.0,4.0,1.0,4,1.0,28,Normandie,76,3,97,Rouen,114083,1556,115639.0
202000035684,11,12,2020,07:30,3,76.0,76244,1,1,2.0,3.0,AUTOROUTE a28 pk 061+500,"49,7069560","1,3757260",,76.076244,76244,Seine-Maritime,28.0,Normandie,-1.0,1.0,3.0,4,2.0,28,Normandie,76,1,23,EsclavelLes386,6,392,
202000035779,12,1,2020,17:15,2,76.0,76222,1,1,1.0,6.0,410 Route de Sainte Marguerite,"49,4910590","0,8615660",,76.076222,76222,Seine-Maritime,28.0,Normandie,80.0,3.0,2.0,2,1.0,28,Normandie,76,3,1,Duclair,4020,52,4072.0
202000035822,31,5,2020,03:30,3,76.0,76380,1,1,1.0,7.0,3 Avenue des Canadiens,"49,7940000","0,9803000",,76.076380,76380,Seine-Maritime,28.0,Normandie,80.0,3.0,2.0,2,1.0,28,Normandie,76,1,20,LammervilLe309,8,317,
202000035919,8,12,2020,07:30,3,76.0,76575,2,3,1.0,6.0,LORRAINE. RUE DE,"49,3742840","1,1027100",,76.076575,76575,Seine-Maritime,28.0,Normandie,50.0,3.0,1.0,1,1.0,28,Normandie,76,3,98,Saint-Étienne-du-Rouvray,28508,225,28733.0
202000036054,1,7,2020,22:11,5,76.0,76231,2,6,1.0,3.0,JAURES. RUE JEAN,"49,2870000","1,0088000",,76.076231,76231,Seine-Maritime,28.0,Normandie,50.0,3.0,2.0,2,1.0,28,Normandie,76,3,9,Elbeuf,15951,138,16089.0
202000036055,1,7,2020,10:00,1,76.0,76402,2,1,2.0,5.0,RN 27 (ROUTE DE DIEPPE),"49,5221000","1,0400000",,76.076402,76402,Seine-Maritime,28.0,Normandie,50.0,3.0,2.0,2,2.0,28,Normandie,76,3,24,Malaunay,6143,49,6192.0
202000036056,1,7,2020,16:00,1,76.0,76305,2,1,1.0,6.0,INDUSTRIELLE (ROUTE),"49,4877000","0,2105000",,76.076305,76305,Seine-Maritime,28.0,Normandie,70.0,4.0,3.0,6,1.0,28,Normandie,76,2,16,Gonfreville-l'Orcher,8961,44,9005.0
202000036141,3,7,2020,06:35,1,76.0,76584,1,1,1.0,7.0,A28 vers Rouen pk 055.100,"49,7487808","1,4787877",,76.076584,76584,Seine-Maritime,28.0,Normandie,130.0,1.0,3.0,4,1.0,28,Normandie,76,1,23,Saint-Germain-sur-Eaulne,222,4,226.0
202000036146,8,6,2020,08:00,1,76.0,76361,1,1,1.0,7.0,Route d'Etretat,"49,6116130","0,1550306",,76.076361,76361,Seine-Maritime,28.0,Normandie,70.0,3.0,2.0,2,1.0,28,Normandie,76,2,26,HeuquevilLe720,9,729,
202000036300,13,3,2020,18:05,1,76.0,76540,2,1,1.0,7.0,RONDEAUX. AVENUE JEAN,"49,4371500","1,0785800",,76.076540,76540,Seine-Maritime,28.0,Normandie,50.0,2.0,2.0,4,1.0,28,Normandie,76,3,97,Rouen,114083,1556,115639.0
202000036301,13,3,2020,18:00,1,76.0,76157,2,3,1.0,3.0,CD 982 (COTE DE CANTELEU),"49,4451500","1,0420500",,76.076157,76157,Seine-Maritime,28.0,Normandie,70.0,3.0,2.0,4,1.0,28,Normandie,76,3,4,Canteleu,13966,360,14326.0
202000036380,31,8,2020,19:40,1,76.0,76540,2,1,1.0,7.0,JUIFS. RUE AUX,"49,4420300","1,0923300",,76.076540,76540,Seine-Maritime,28.0,Normandie,10.0,4.0,-1.0,0,1.0,28,Normandie,76,3,97,Rouen,114083,1556,115639.0
202000036381,1,8,2020,05:45,2,76.0,76481,2,2,1.0,3.0,JARDINETS (IMPASSE DES),"49,5524800","0,1176300",,76.076481,76481,Seine-Maritime,28.0,Normandie,50.0,4.0,2.0,2,1.0,28,Normandie,76,2,26,Octeville-sur-Mer,6122,119,6241.0
202000036382,31,8,2020,17:30,1,76.0,76351,2,2,1.0,6.0,LOUIS BRINDEAU,"49,4911500","0,1053300",,76.076351,76351,Seine-Maritime,28.0,Normandie,30.0,4.0,1.0,2,1.0,28,Normandie,76,2,96,LeHavre,166058,1780,167838.0
202000036383,30,7,2020,10:50,1,76.0,76384,2,1,1.0,6.0,RD 173 (RUES DU BECQUET/DESGENETAIS),"49,5210000","0,5330000",,76.076384,76384,Seine-Maritime,28.0,Normandie,50.0,3.0,1.0,2,1.0,28,Normandie,76,2,3,Lillebonne,8729,141,8870.0
202000036461,6,8,2020,01:15,5,76.0,76400,2,1,1.0,6.0,Rue du Moulin à Vent,"49,8280590","0,9092370",,76.076400,76400,Seine-Maritime,28.0,Normandie,50.0,3.0,2.0,2,1.0,28,Normandie,76,1,20,Luneray,2170,36,2206.0
202000036465,2,9,2020,17:25,1,76.0,76619,2,2,1.0,3.0,6 Rue Vallee Tournee,"49,9931330","1,3544080",,76.076619,76619,Seine-Maritime,28.0,Normandie,70.0,3.0,2.0,2,1.0,28,Normandie,76,1,10,Saint-Martin-le-Gaillard,288,5,293.0
202000036579,21,8,2020,18:00,1,76.0,76540,2,2,1.0,6.0,LYONS LA FORET. RUE DE,"49,4364400","1,1338400",,76.076540,76540,Seine-Maritime,28.0,Normandie,70.0,3.0,1.0,2,1.0,28,Normandie,76,3,97,Rouen,114083,1556,115639.0
202000036581,10,2,2020,19:30,3,76.0,76244,1,1,2.0,6.0,A28,"49,7155620","1,4132830",,76.076244,76244,Seine-Maritime,28.0,Normandie,130.0,1.0,3.0,4,2.0,28,Normandie,76,1,23,EsclavelLes386,6,392,
202000036582,30,8,2020,04:35,5,76.0,76447,2,2,2.0,3.0,COMMUNE 1871 (DE LA),"49,5450000","0,1886300",,76.076447,76447,Seine-Maritime,28.0,Normandie,50.0,4.0,2.0,2,2.0,28,Normandie,76,2,15,Montivilliers,15457,203,15660.0
202000036583,29,8,2020,00:20,5,76.0,76351,2,1,2.0,-1.0,GEORGES LAFAURIE (RUE),"49,5013000","0,1141000",,76.076351,76351,Seine-Maritime,28.0,Normandie,50.0,4.0,2.0,2,2.0,28,Normandie,76,2,96,LeHavre,166058,1780,167838.0
202000036608,8,2,2020,05:20,3,76.0,76381,1,1,6.0,6.0,D7,"49,7953940","1,6252900",,76.076381,76381,Seine-Maritime,28.0,Normandie,80.0,3.0,2.0,2,2.0,28,Normandie,76,1,12,Landes-Vieilles-et-Neuves,127,1,128.0
202000036720,9,2,2020,01:20,5,76.0,76351,2,3,1.0,3.0,MICHEL FERE (QUAI),"49,4885900","0,1112400",,76.076351,76351,Seine-Maritime,28.0,Normandie,50.0,4.0,2.0,2,1.0,28,Normandie,76,2,96,LeHavre,166058,1780,167838.0
202000036875,7,1,2020,05:50,5,76.0,76540,2,1,1.0,6.0,BOISGUILBERT. QUAI DE,"49,4424600","1,0773100",,76.076540,76540,Seine-Maritime,28.0,Normandie,50.0,3.0,1.0,3,2.0,28,Normandie,76,3,97,Rouen,114083,1556,115639.0
202000036964,29,5,2020,09:30,1,76.0,76216,2,1,1.0,7.0,DIEPPE. ROUTE DE (RN 27),"49,4709500","1,0498700",,76.076216,76216,Seine-Maritime,28.0,Normandie,50.0,3.0,2.0,2,1.0,28,Normandie,76,3,22,Déville-lès-Rouen,10745,62,10807.0
202000036966,29,5,2020,07:45,1,76.0,76351,2,6,1.0,3.0,COCHET,"49,5055600","0,1010300",,76.076351,76351,Seine-Maritime,28.0,Normandie,50.0,3.0,2.0,2,1.0,28,Normandie,76,2,96,LeHavre,166058,1780,167838.0
202000037096,29,4,2020,02:55,3,76.0,76421,1,4,1.0,7.0,372 Rue du Carreau,"49,5514744","0,4316313",,76.076421,76421,Seine-Maritime,28.0,Normandie,80.0,4.0,2.0,2,1.0,28,Normandie,76,2,3,Mélamare,928,14,942.0
202000037413,5,12,2020,16:00,1,76.0,76540,2,2,1.0,3.0,BELGES. BOULEVARD DES,"49,4427100","1,0845900",,76.076540,76540,Seine-Maritime,28.0,Normandie,50.0,3.0,3.0,6,1.0,28,Normandie,76,3,97,Rouen,114083,1556,115639.0
202000037416,7,12,2020,08:45,2,76.0,76540,2,2,1.0,6.0,ELBEUF. RUE D',"49,4257600","1,0826300",,76.076540,76540,Seine-Maritime,28.0,Normandie,30.0,4.0,2.0,3,1.0,28,Normandie,76,3,97,Rouen,114083,1556,115639.0
202000037560,25,9,2020,09:30,1,76.0,76540,1,1,2.0,4.0,GRAND COURS. AVENUE DU,"49,4274300","1,1035900",,76.076540,76540,Seine-Maritime,28.0,Normandie,70.0,3.0,3.0,2,2.0,28,Normandie,76,3,97,Rouen,114083,1556,115639.0
202000037609,28,7,2020,14:15,1,76.0,76540,2,2,1.0,3.0,NEUFCHATEL. ROUTE DE (RN 28),"49,4505500","1,0986900",,76.076540,76540,Seine-Maritime,28.0,Normandie,50.0,3.0,3.0,3,1.0,28,Normandie,76,3,97,Rouen,114083,1556,115639.0
202000037646,1,7,2020,12:48,1,76.0,76484,1,1,2.0,1.0,D 13,"49,3453200","1,0753600",,76.076484,76484,Seine-Maritime,28.0,Normandie,80.0,3.0,2.0,2,2.0,28,Normandie,76,3,31,Oissel,12367,83,12450.0
202000037647,30,6,2020,14:23,1,76.0,76552,2,1,1.0,7.0,OCTEVILLE,"49,5158000","0,0856000",,76.076552,76552,Seine-Maritime,28.0,Normandie,50.0,3.0,2.0,2,1.0,28,Normandie,76,2,19,Sainte-Adresse,7116,188,7304.0
202000037821,27,9,2020,11:10,1,76.0,76126,1,9,6.0,6.0,A28,"49,6774180","1,3388510",,76.076126,76126,Seine-Maritime,28.0,Normandie,130.0,1.0,1.0,2,2.0,28,Normandie,76,1,23,Bosc-Mesnil,325,5,330.0
202000038038,24,10,2020,11:28,1,76.0,76498,2,2,2.0,2.0,GIRARDIN. BOULEVARD STANISLAS,"49,4159300","1,0565400",,76.076498,76498,Seine-Maritime,28.0,Normandie,50.0,3.0,2.0,2,2.0,28,Normandie,76,3,27,LePetit-Quevilly,21782,274,22056.0
202000038040,25,10,2020,20:30,5,76.0,76231,2,1,1.0,6.0,CARNOT. COURS,"49,2869500","1,0163900",,76.076231,76231,Seine-Maritime,28.0,Normandie,50.0,4.0,2.0,2,2.0,28,Normandie,76,3,9,Elbeuf,15951,138,16089.0
202000038042,24,10,2020,11:00,1,76.0,76540,2,1,1.0,4.0,NANSEN. RUE FRIDTJOF,"49,4450600","1,0638700",,76.076540,76540,Seine-Maritime,28.0,Normandie,50.0,2.0,2.0,4,2.0,28,Normandie,76,3,97,Rouen,114083,1556,115639.0
202000038054,1,7,2020,07:40,2,76.0,76532,1,1,2.0,2.0,D41,"49,6128558","1,3260949",,76.076532,76532,Seine-Maritime,28.0,Normandie,80.0,3.0,2.0,2,2.0,28,Normandie,76,1,23,Rocquemont,778,17,795.0
202000038171,12,3,2020,18:05,1,76.0,76540,2,5,1.0,3.0,BRIAND. AVENUE ARISTIDE,"49,4345100","1,1060900",,76.076540,76540,Seine-Maritime,28.0,Normandie,50.0,3.0,1.0,3,1.0,28,Normandie,76,3,97,Rouen,114083,1556,115639.0
202000038172,12,3,2020,15:25,1,76.0,76305,2,1,2.0,1.0,Allée Victor Hugo,"49,5054000","0,2319000",,76.076305,76305,Seine-Maritime,28.0,Normandie,50.0,4.0,2.0,2,2.0,28,Normandie,76,2,16,Gonfreville-l'Orcher,8961,44,9005.0
202000038173,13,3,2020,07:55,1,76.0,76217,2,2,2.0,3.0,CORMORANS (DES),"49,9302200","1,0973500",,76.076217,76217,Seine-Maritime,28.0,Normandie,50.0,4.0,2.0,2,2.0,28,Normandie,76,1,95,Dieppe,28358,455,28813.0
202000038264,13,3,2020,19:10,3,76.0,76006,1,1,1.0,1.0,D88,"49,6861890","0,8320750",,76.076006,76006,Seine-Maritime,28.0,Normandie,80.0,3.0,2.0,2,1.0,28,Normandie,76,3,35,Amfreville-les-Champs,184,4,188.0
202000038400,31,8,2020,20:00,1,76.0,76758,2,2,1.0,-1.0,Rue Saint-françois,"49,6163370","0,7597300",,76.076758,76758,Seine-Maritime,28.0,Normandie,50.0,4.0,1.0,1,1.0,28,Normandie,76,3,35,Yvetot,11385,208,11593.0
202000038461,30,8,2020,09:30,1,76.0,76516,1,1,3.0,7.0,A28,"49,7190133","1,4213397",,76.076516,76516,Seine-Maritime,28.0,Normandie,130.0,1.0,3.0,4,2.0,28,Normandie,76,1,23,Quièvrecourt,406,18,424.0
202000038469,30,7,2020,21:10,1,76.0,76711,2,1,1.0,3.0,Avenue du Marechal Foch,"50,0642980","1,3794390",,76.076711,76711,Seine-Maritime,28.0,Normandie,50.0,3.0,2.0,2,1.0,28,Normandie,76,1,10,LeTréport,4424,91,4515.0
202000038747,7,1,2020,07:40,5,76.0,76351,2,3,1.0,3.0,GRAVILLE (BD DE),"49,4861400","0,1513200",,76.076351,76351,Seine-Maritime,28.0,Normandie,50.0,4.0,2.0,3,2.0,28,Normandie,76,2,96,LeHavre,166058,1780,167838.0
202000038749,7,1,2020,13:45,1,76.0,76351,2,1,1.0,6.0,RD 6015,"49,5001700","0,1764900",,76.076351,76351,Seine-Maritime,28.0,Normandie,50.0,3.0,3.0,4,1.0,28,Normandie,76,2,96,LeHavre,166058,1780,167838.0
202000038758,8,2,2020,21:15,4,76.0,76728,1,1,1.0,6.0,Rue de l'Eglise,"49,4897662","0,9997846",,76.076728,76728,Seine-Maritime,28.0,Normandie,130.0,1.0,1.0,4,2.0,28,Normandie,76,3,24,La Vaupalière,1192,21,1213.0
202000038902,27,5,2020,21:20,1,76.0,76351,2,2,1.0,3.0,BOIS AU COQ (AVENUE),"49,5185000","0,1167000",,76.076351,76351,Seine-Maritime,28.0,Normandie,50.0,4.0,3.0,0,1.0,28,Normandie,76,2,96,LeHavre,166058,1780,167838.0
202000039028,28,5,2020,13:15,1,76.0,76057,2,1,1.0,2.0,Avenue de la Porte Océane,"49,5489020","0,9533910",,76.076057,76057,Seine-Maritime,28.0,Normandie,50.0,3.0,2.0,0,1.0,28,Normandie,76,3,1,Barentin,12154,238,12392.0
202000039155,4,12,2020,08:10,5,76.0,76681,2,2,1.0,6.0,JAURES. AVENUE JEAN,"49,4145600","1,0915800",,76.076681,76681,Seine-Maritime,28.0,Normandie,50.0,4.0,2.0,4,1.0,28,Normandie,76,3,99,Sotteville-lès-Rouen,28965,475,29440.0
202000039158,4,12,2020,15:20,1,76.0,76351,2,4,1.0,6.0,DRAPIERS (DES),"49,4872800","0,1090100",,76.076351,76351,Seine-Maritime,28.0,Normandie,50.0,4.0,2.0,2,2.0,28,Normandie,76,2,96,LeHavre,166058,1780,167838.0
202000039160,4,12,2020,14:50,1,76.0,76351,2,3,2.0,3.0,FELIX FAURE,"49,5020350","0,1171750",,76.076351,76351,Seine-Maritime,28.0,Normandie,50.0,4.0,3.0,6,2.0,28,Normandie,76,2,96,LeHavre,166058,1780,167838.0
202000039216,30,7,2020,08:00,1,76.0,76651,2,2,1.0,3.0,1360 Route de l'Aerodrome,"49,8386740","0,6622480",,76.076651,76651,Seine-Maritime,28.0,Normandie,50.0,3.0,2.0,2,1.0,28,Normandie,76,1,33,Saint-Sylvain,138,3,141.0
202000039327,30,7,2020,16:00,1,76.0,76057,2,3,1.0,3.0,1 Rue Pierre et Marie Curie,"49,5436330","0,9551740",,76.076057,76057,Seine-Maritime,28.0,Normandie,50.0,3.0,2.0,2,1.0,28,Normandie,76,3,1,Barentin,12154,238,12392.0
202000039386,27,7,2020,17:30,1,76.0,76451,2,9,1.0,3.0,CD 31 (CHEMIN DE CLERES),"49,4572945","1,0947892",,76.076451,76451,Seine-Maritime,28.0,Normandie,50.0,3.0,2.0,2,1.0,28,Normandie,76,3,22,Mont-Saint-Aignan,20066,415,20481.0
202000039389,27,7,2020,08:08,1,76.0,76351,2,2,1.0,2.0,BIGNE A FOSSE,"49,5236900","0,1126000",,76.076351,76351,Seine-Maritime,28.0,Normandie,50.0,4.0,1.0,2,1.0,28,Normandie,76,2,96,LeHavre,166058,1780,167838.0
202000039475,25,9,2020,04:10,5,76.0,76575,1,2,1.0,3.0,LENINE. BOULEVARD,"49,3679200","1,1106700",,76.076575,76575,Seine-Maritime,28.0,Normandie,70.0,3.0,3.0,4,1.0,28,Normandie,76,3,98,Saint-Étienne-du-Rouvray,28508,225,28733.0
202000039476,24,9,2020,16:40,1,76.0,76351,2,2,2.0,6.0,JULES TELLIER,"49,4984500","0,1269400",,76.076351,76351,Seine-Maritime,28.0,Normandie,30.0,4.0,2.0,1,2.0,28,Normandie,76,2,96,LeHavre,166058,1780,167838.0
202000039477,24,9,2020,13:40,1,76.0,76351,2,1,1.0,4.0,PABLO PICASSO (AVENUE) ,"49,5024900","0,1519800",,76.076351,76351,Seine-Maritime,28.0,Normandie,50.0,4.0,2.0,4,1.0,28,Normandie,76,2,96,LeHavre,166058,1780,167838.0
202000039641,30,6,2020,13:00,1,76.0,76454,1,1,8.0,6.0,A29,"49,7379880","1,5453600",,76.076454,76454,Seine-Maritime,28.0,Normandie,130.0,1.0,3.0,4,1.0,28,Normandie,76,1,23,Mortemer,87,0,87.0
202000039726,23,6,2020,15:30,1,76.0,76203,1,3,7.0,3.0,D6015,"49,6120860","0,8402130",,76.076203,76203,Seine-Maritime,28.0,Normandie,80.0,3.0,2.0,2,1.0,28,Normandie,76,3,24,Croix-Mare,719,8,727.0
202000039827,26,6,2020,16:50,1,76.0,76319,1,1,1.0,7.0,MARITIME. BOULEVARD,"49,3555326","0,9876741",,76.076319,76319,Seine-Maritime,28.0,Normandie,50.0,4.0,2.0,2,1.0,28,Normandie,76,3,9,Grand-Couronne,9726,177,9903.0
202000039912,25,10,2020,15:35,1,76.0,76670,1,4,1.0,3.0,RD925,"49,7669630","0,4163220",,76.076670,76670,Seine-Maritime,28.0,Normandie,70.0,3.0,2.0,2,1.0,28,Normandie,76,2,11,Senneville-sur-Fécamp,881,19,900.0
202000039991,26,10,2020,19:50,3,76.0,76469,1,1,1.0,2.0,Rue du Tilleul,"49,4858060","1,4557260",,76.076469,76469,Seine-Maritime,28.0,Normandie,80.0,3.0,2.0,2,1.0,28,Normandie,76,1,12,Nolléval,420,5,425.0
202000040082,23,1,2020,09:05,1,76.0,76351,2,3,1.0,6.0,SAULES (DES),"49,5097600","0,1530500",,76.076351,76351,Seine-Maritime,28.0,Normandie,50.0,4.0,2.0,2,1.0,28,Normandie,76,2,96,LeHavre,166058,1780,167838.0
202000040498,5,2,2020,23:45,5,76.0,76540,2,1,1.0,6.0,GAMBETTA. BOULEVARD LEON,"49,4414500","1,1126500",,76.076540,76540,Seine-Maritime,28.0,Normandie,50.0,2.0,3.0,2,1.0,28,Normandie,76,3,97,Rouen,114083,1556,115639.0
202000040499,6,2,2020,14:30,1,76.0,76351,2,2,1.0,3.0,FOCH (AVENUE),"49,4934500","0,1036900",,76.076351,76351,Seine-Maritime,28.0,Normandie,50.0,4.0,2.0,4,1.0,28,Normandie,76,2,96,LeHavre,166058,1780,167838.0
202000040627,7,12,2020,07:40,3,76.0,76678,1,1,5.0,3.0,D915,"49,6362730","1,4476100",,76.076678,76678,Seine-Maritime,28.0,Normandie,80.0,3.0,2.0,2,2.0,28,Normandie,76,1,23,Sommery,834,10,844.0
202000040777,23,9,2020,07:15,1,76.0,76540,2,1,1.0,2.0,PONT MATHILDE,"49,4306700","1,1020600",,76.076540,76540,Seine-Maritime,28.0,Normandie,70.0,3.0,3.0,3,1.0,28,Normandie,76,3,97,Rouen,114083,1556,115639.0
202000040779,23,9,2020,15:52,1,76.0,76351,2,1,1.0,6.0,VALLEE (RUE DE LA),"49,4981000","0,1612000",,76.076351,76351,Seine-Maritime,28.0,Normandie,50.0,4.0,2.0,2,1.0,28,Normandie,76,2,96,LeHavre,166058,1780,167838.0
202000040897,9,1,2020,14:30,1,76.0,76578,1,2,2.0,3.0,D1,"49,6524000","1,4276470",,76.076578,76578,Seine-Maritime,28.0,Normandie,80.0,3.0,2.0,2,2.0,28,Normandie,76,1,23,Sainte-Geneviève,264,5,269.0