Num_Acc,jour,mois,an,hrmn,lum,dep,com,agg,int,atm,col,adr,lat,long,gps,com_insee_temp,com_insee,departmentName,regionCode,regionName,vma,catr,circ,nbv,surf,Code,Region,Departement,Arrondissement,Code_Canton,Nom_Commune,Population_municipaLe,Population_comptee_a_part,Population_Totale
202000041071,29,7,2020,17:00,1,76.0,76159,2,2,1.0,3.0,Avenue de Maximiliansau,"49,7916510","0,6335810",,76.076159,76159,Seine-Maritime,28.0,Normandie,50.0,4.0,2.0,2,1.0,28,Normandie,76,1,33,Cany-BarvilLe2947,46,2993,
202000041077,24,9,2020,17:35,1,76.0,76397,2,1,3.0,3.0,65 Route de Newton Longville,"49,7969120","1,1054530",,76.076397,76397,Seine-Maritime,28.0,Normandie,50.0,3.0,2.0,2,2.0,28,Normandie,76,1,20,Longueville-sur-Scie,936,15,951.0
202000041310,27,7,2020,10:25,1,76.0,76351,2,1,1.0,6.0,GUILLOT ET DEHELLY,"49,5132748","0,1679599",,76.076351,76351,Seine-Maritime,28.0,Normandie,10.0,9.0,-1.0,0,1.0,28,Normandie,76,2,96,LeHavre,166058,1780,167838.0
202000041312,27,7,2020,08:45,1,76.0,76351,2,1,1.0,6.0,WINSTON CHURCHILL,"49,4929800","0,1323800",,76.076351,76351,Seine-Maritime,28.0,Normandie,50.0,4.0,3.0,5,1.0,28,Normandie,76,2,96,LeHavre,166058,1780,167838.0
202000041313,6,1,2020,15:40,1,76.0,76116,1,1,1.0,3.0,Allée Louis Blériot,"49,3908920","1,1933390",,76.076116,76116,Seine-Maritime,28.0,Normandie,50.0,4.0,2.0,2,1.0,28,Normandie,76,3,21,Boos,3991,46,4037.0
202000041314,25,7,2020,20:05,1,76.0,76305,1,1,2.0,6.0,RD 6382,"49,4986400","0,1979400",,76.076305,76305,Seine-Maritime,28.0,Normandie,70.0,3.0,3.0,2,2.0,28,Normandie,76,2,16,Gonfreville-l'Orcher,8961,44,9005.0
202000041491,26,5,2020,20:30,2,76.0,76250,2,1,1.0,7.0,Route Saint Jacques,"49,5669930","0,3111260",,76.076250,76250,Seine-Maritime,28.0,Normandie,50.0,3.0,2.0,2,1.0,28,Normandie,76,2,32,Étainhus,1210,28,1238.0
202000041524,25,5,2020,20:40,1,76.0,76540,2,1,1.0,6.0,LA FAYETTE. RUE,"49,4309200","1,0864200",,76.076540,76540,Seine-Maritime,28.0,Normandie,20.0,9.0,-1.0,2,1.0,28,Normandie,76,3,97,Rouen,114083,1556,115639.0
202000041525,26,5,2020,09:20,1,76.0,76351,2,1,1.0,3.0,BOIS AU COQ (AVENUE),"49,5197000","0,1153000",,76.076351,76351,Seine-Maritime,28.0,Normandie,50.0,4.0,3.0,4,1.0,28,Normandie,76,2,96,LeHavre,166058,1780,167838.0
202000041526,25,5,2020,17:15,1,76.0,76351,2,2,1.0,1.0,RAYMOND GUENOT,"49,4943000","0,1037000",,76.076351,76351,Seine-Maritime,28.0,Normandie,50.0,4.0,2.0,1,1.0,28,Normandie,76,2,96,LeHavre,166058,1780,167838.0
202000041527,23,5,2020,22:20,5,76.0,76351,1,6,1.0,6.0,LOUIS BLANC,"49,5078000","0,1338000",,76.076351,76351,Seine-Maritime,28.0,Normandie,50.0,3.0,2.0,2,1.0,28,Normandie,76,2,96,LeHavre,166058,1780,167838.0
202000041917,21,10,2020,11:30,1,76.0,76351,2,1,1.0,3.0,PONT VI (DU),"49,4851100","0,1624800",,76.076351,76351,Seine-Maritime,28.0,Normandie,50.0,4.0,2.0,2,1.0,28,Normandie,76,2,96,LeHavre,166058,1780,167838.0
202000041918,21,10,2020,18:20,1,76.0,76351,2,1,1.0,1.0,HALLATES (DES),"49,5062000","0,1442600",,76.076351,76351,Seine-Maritime,28.0,Normandie,50.0,4.0,-1.0,1,1.0,28,Normandie,76,2,96,LeHavre,166058,1780,167838.0
202000041919,21,10,2020,18:05,2,76.0,76351,1,1,1.0,4.0,LENINGRAD (BD DE),"49,5002000","0,1723700",,76.076351,76351,Seine-Maritime,28.0,Normandie,50.0,3.0,3.0,5,1.0,28,Normandie,76,2,96,LeHavre,166058,1780,167838.0
202000042022,29,8,2020,06:58,2,76.0,76517,1,1,2.0,6.0,A28,"49,5312740","1,2081820",,76.076517,76517,Seine-Maritime,28.0,Normandie,110.0,1.0,3.0,4,2.0,28,Normandie,76,3,2,Quincampoix,3110,68,3178.0
202000042034,28,8,2020,14:40,1,76.0,76196,2,2,1.0,3.0,Rue des Chataîgniers,"49,6269965","0,2622293",,76.076196,76196,Seine-Maritime,28.0,Normandie,50.0,4.0,2.0,2,1.0,28,Normandie,76,2,26,Criquetot-l'Esneval,2567,82,2649.0
202000042089,28,8,2020,08:45,1,76.0,76244,2,6,2.0,6.0,RD 928 RD915,"49,6943160","1,3652340",,76.076244,76244,Seine-Maritime,28.0,Normandie,70.0,3.0,1.0,1,2.0,28,Normandie,76,1,23,EsclavelLes386,6,392,
202000042170,10,3,2020,19:20,5,76.0,76410,1,1,2.0,7.0,D86,"49,4738100","1,0290400",,76.076410,76410,Seine-Maritime,28.0,Normandie,50.0,3.0,3.0,2,2.0,28,Normandie,76,3,4,Maromme,11024,122,11146.0
202000042378,21,7,2020,13:40,1,76.0,76351,2,3,1.0,6.0,SAINTE ADRESSE (DE),"49,4995300","0,0934700",,76.076351,76351,Seine-Maritime,28.0,Normandie,50.0,4.0,2.0,1,1.0,28,Normandie,76,2,96,LeHavre,166058,1780,167838.0
202000042399,5,1,2020,18:27,5,76.0,76351,2,2,1.0,3.0,LENINGRAD (BD DE),"49,4987400","0,1592600",,76.076351,76351,Seine-Maritime,28.0,Normandie,50.0,3.0,3.0,8,1.0,28,Normandie,76,2,96,LeHavre,166058,1780,167838.0
202000042403,4,1,2020,10:10,1,76.0,76351,2,3,1.0,6.0,VERDUN (RUE DE),"49,5017700","0,1542700",,76.076351,76351,Seine-Maritime,28.0,Normandie,50.0,3.0,2.0,2,1.0,28,Normandie,76,2,96,LeHavre,166058,1780,167838.0
202000042514,27,7,2020,21:00,3,76.0,76181,1,1,1.0,6.0,781 Route du Mont aux Roux,"49,6213620","0,6331430",,76.076181,76181,Seine-Maritime,28.0,Normandie,80.0,4.0,2.0,2,1.0,28,Normandie,76,2,33,ClévilLe144,3,147,
202000042517,27,7,2020,20:00,2,76.0,76395,1,1,1.0,7.0,RD 323,"49,8950210","0,9594150",,76.076395,76395,Seine-Maritime,28.0,Normandie,80.0,3.0,-1.0,2,1.0,28,Normandie,76,1,7,Longueil,526,9,535.0
202000042634,28,7,2020,19:20,1,76.0,76718,1,1,7.0,7.0,D6015,"49,6165220","0,7126310",,76.076718,76718,Seine-Maritime,28.0,Normandie,70.0,3.0,2.0,3,1.0,28,Normandie,76,3,35,ValliquervilLe1423,38,1461,
202000042755,24,9,2020,12:00,1,76.0,76400,2,3,7.0,5.0,RUE GÉNÉRAL DE GAULLE,"49,8209340","0,9112970",,76.076400,76400,Seine-Maritime,28.0,Normandie,50.0,3.0,2.0,2,1.0,28,Normandie,76,1,20,Luneray,2170,36,2206.0
202000042940,5,1,2020,06:30,3,76.0,76352,1,1,5.0,6.0,route de rouen,"49,4638800","1,4650400",,76.076352,76352,Seine-Maritime,28.0,Normandie,80.0,2.0,2.0,2,2.0,28,Normandie,76,1,12,La Haye,369,4,373.0
202000042942,6,1,2020,13:25,1,76.0,76111,1,1,1.0,1.0,N31,"49,4628620","1,2527020",,76.076111,76111,Seine-Maritime,28.0,Normandie,80.0,2.0,2.0,2,1.0,28,Normandie,76,3,21,Bois-l'Évêque,612,10,622.0
202000042986,5,2,2020,12:15,1,76.0,76351,2,3,1.0,3.0,GENERAL FERRIE (AVENUE),"49,5098000","0,1744800",,76.076351,76351,Seine-Maritime,28.0,Normandie,50.0,4.0,2.0,2,1.0,28,Normandie,76,2,96,LeHavre,166058,1780,167838.0
202000043089,6,2,2020,19:30,5,76.0,76738,1,2,1.0,3.0,196 Route de la Gare,"49,5550130","1,2794350",,76.076738,76738,Seine-Maritime,28.0,Normandie,80.0,3.0,2.0,2,1.0,28,Normandie,76,3,21,Vieux-Manoir,771,11,782.0
202000043090,6,2,2020,10:30,1,76.0,76152,2,1,7.0,6.0,14 Rue de l'Eglise,"49,5785980","1,2283550",,76.076152,76152,Seine-Maritime,28.0,Normandie,50.0,3.0,2.0,2,1.0,28,Normandie,76,3,21,Cailly,742,4,746.0
202000043152,29,6,2020,15:30,1,76.0,76551,1,4,6.0,7.0,Route d'Etainhus,"49,5622890","0,3031810",,76.076551,76551,Seine-Maritime,28.0,Normandie,80.0,3.0,2.0,2,1.0,28,Normandie,76,2,32,SainnevilLe854,11,865,
202000043153,26,6,2020,16:50,1,76.0,76647,2,1,1.0,7.0,Route de la Cerlangue,"49,5235860","0,3673230",,76.076647,76647,Seine-Maritime,28.0,Normandie,50.0,3.0,2.0,2,1.0,28,Normandie,76,2,32,Saint-Romain-de-Colbosc,4436,43,4479.0
202000043175,26,6,2020,20:35,1,76.0,76575,2,2,1.0,3.0,MACE. PERIPHERIQUE JEAN,"49,3949100","1,0665200",,76.076575,76575,Seine-Maritime,28.0,Normandie,30.0,4.0,2.0,2,1.0,28,Normandie,76,3,98,Saint-Étienne-du-Rouvray,28508,225,28733.0
202000043239,28,6,2020,00:45,3,76.0,76183,1,1,8.0,7.0,D68,"49,7568328","0,4616931",,76.076183,76183,Seine-Maritime,28.0,Normandie,80.0,3.0,2.0,2,2.0,28,Normandie,76,2,11,CollevilLe767,19,786,
202000043240,26,6,2020,23:15,3,76.0,76348,1,3,1.0,3.0,Route du Grand Tôt,"49,6767720","0,7335790",,76.076348,76348,Seine-Maritime,28.0,Normandie,80.0,4.0,2.0,2,1.0,28,Normandie,76,3,35,Hautot-Saint-Sulpice,690,8,698.0
202000043286,28,6,2020,12:30,1,76.0,76276,2,3,1.0,6.0,15 Avenue des Sources,"49,6111880","1,5409730",,76.076276,76276,Seine-Maritime,28.0,Normandie,50.0,3.0,2.0,2,1.0,28,Normandie,76,1,12,Forges-les-Eaux,3702,157,3859.0
202000043375,23,5,2020,11:15,1,76.0,76319,2,1,1.0,6.0,CLEMENCEAU. RUE GEORGES,"49,3566000","1,0075100",,76.076319,76319,Seine-Maritime,28.0,Normandie,50.0,3.0,2.0,2,1.0,28,Normandie,76,3,9,Grand-Couronne,9726,177,9903.0
202000043683,22,10,2020,21:10,5,76.0,76700,2,3,1.0,1.0,"D929, Rue des Forrières","49,6788480","1,0377790",,76.076700,76700,Seine-Maritime,28.0,Normandie,50.0,3.0,2.0,2,1.0,28,Normandie,76,1,20,Tôtes,1575,30,1605.0
202000043698,3,12,2020,18:00,5,76.0,76540,2,3,1.0,6.0,ECUREUIL. RUE DE L',"49,4441405","1,0946533",,76.076540,76540,Seine-Maritime,28.0,Normandie,30.0,4.0,1.0,2,2.0,28,Normandie,76,3,97,Rouen,114083,1556,115639.0
202000043699,3,12,2020,17:30,5,76.0,76540,2,2,2.0,2.0,PARIS. QUAI (HAUT) DE,"49,4373600","1,0963100",,76.076540,76540,Seine-Maritime,28.0,Normandie,50.0,3.0,3.0,3,2.0,28,Normandie,76,3,97,Rouen,114083,1556,115639.0
202000043700,3,12,2020,11:25,1,76.0,76484,2,3,1.0,3.0,GAULLE. AVENUE DU GENERAL DE,"49,3454300","1,0932600",,76.076484,76484,Seine-Maritime,28.0,Normandie,50.0,3.0,2.0,2,2.0,28,Normandie,76,3,31,Oissel,12367,83,12450.0
202000043811,4,12,2020,15:32,2,76.0,76550,1,1,1.0,2.0,route de la foret,"49,3840280","0,9698010",,76.076550,76550,Seine-Maritime,28.0,Normandie,80.0,3.0,2.0,2,1.0,28,Normandie,76,3,4,Sahurs,1219,17,1236.0
202000043906,22,9,2020,04:00,5,76.0,76540,2,2,1.0,3.0,CONSTANTINE. RUE DE,"49,4479400","1,0722100",,76.076540,76540,Seine-Maritime,28.0,Normandie,30.0,4.0,1.0,1,1.0,28,Normandie,76,3,97,Rouen,114083,1556,115639.0
202000043907,21,9,2020,17:50,1,76.0,76540,2,2,1.0,6.0,LYONS LA FORET. RUE DE,"49,4363600","1,1270200",,76.076540,76540,Seine-Maritime,28.0,Normandie,50.0,2.0,2.0,2,1.0,28,Normandie,76,3,97,Rouen,114083,1556,115639.0
202000043908,21,9,2020,18:40,1,76.0,76540,2,2,1.0,5.0,SCHUMAN. RUE ROBERT,"49,4378900","1,1020900",,76.076540,76540,Seine-Maritime,28.0,Normandie,30.0,4.0,2.0,2,1.0,28,Normandie,76,3,97,Rouen,114083,1556,115639.0
202000043909,21,9,2020,17:40,1,76.0,76157,2,1,1.0,6.0,MONTIGNY. RUE DE,"49,4503300","1,0341300",,76.076157,76157,Seine-Maritime,28.0,Normandie,30.0,5.0,1.0,1,1.0,28,Normandie,76,3,4,Canteleu,13966,360,14326.0
202000043910,20,9,2020,18:15,1,76.0,76351,2,3,1.0,1.0,VALMY (DES),"49,4913100","0,1455690",,76.076351,76351,Seine-Maritime,28.0,Normandie,50.0,4.0,2.0,2,1.0,28,Normandie,76,2,96,LeHavre,166058,1780,167838.0
202000043911,21,9,2020,12:40,1,76.0,76447,1,6,1.0,2.0,PRESIDENT WILSON,"49,5346834","0,1792574",,76.076447,76447,Seine-Maritime,28.0,Normandie,50.0,3.0,2.0,2,1.0,28,Normandie,76,2,15,Montivilliers,15457,203,15660.0
202000044026,23,9,2020,11:30,1,76.0,76159,2,1,2.0,7.0,Rue de Greenock,"49,7919380","0,6357800",,76.076159,76159,Seine-Maritime,28.0,Normandie,50.0,4.0,2.0,2,2.0,28,Normandie,76,1,33,Cany-BarvilLe2947,46,2993,
202000044051,20,9,2020,04:30,3,76.0,76484,1,1,1.0,6.0,A13,"49,3432510","1,0558840",,76.076484,76484,Seine-Maritime,28.0,Normandie,110.0,1.0,-1.0,5,1.0,28,Normandie,76,3,31,Oissel,12367,83,12450.0
202000044228,8,3,2020,13:00,1,76.0,76540,1,1,2.0,2.0,A150,"49,4520100","1,0557600",,76.076540,76540,Seine-Maritime,28.0,Normandie,110.0,1.0,3.0,4,2.0,28,Normandie,76,3,97,Rouen,114083,1556,115639.0
202000044229,6,3,2020,23:45,5,76.0,76474,2,2,1.0,3.0,RD 927 (ROUTE DE DIEPPE),"49,4892230","1,0492080",,76.076474,76474,Seine-Maritime,28.0,Normandie,50.0,3.0,2.0,2,1.0,28,Normandie,76,3,24,Notre-Dame-de-BondevilLe6957,82,7039,
202000044230,6,3,2020,14:00,1,76.0,76540,2,2,1.0,7.0,BELGES. BOULEVARD DES,"49,4434700","1,0849200",,76.076540,76540,Seine-Maritime,28.0,Normandie,50.0,3.0,2.0,5,1.0,28,Normandie,76,3,97,Rouen,114083,1556,115639.0
202000044231,8,3,2020,18:19,2,76.0,76351,2,1,1.0,5.0,FRISSARD (QUAI),"49,4902300","0,1269300",,76.076351,76351,Seine-Maritime,28.0,Normandie,30.0,4.0,2.0,2,2.0,28,Normandie,76,2,96,LeHavre,166058,1780,167838.0
202000044241,23,6,2020,13:38,1,76.0,76540,2,2,1.0,7.0,BETHENCOURT. QUAI (HAUT) JEAN DE,"49,4398900","1,0696000",,76.076540,76540,Seine-Maritime,28.0,Normandie,50.0,4.0,4.0,2,1.0,28,Normandie,76,3,97,Rouen,114083,1556,115639.0
202000044427,26,6,2020,21:50,1,76.0,76531,1,2,1.0,3.0,D131,"49,6710720","0,7183810",,76.076531,76531,Seine-Maritime,28.0,Normandie,80.0,3.0,2.0,2,1.0,28,Normandie,76,3,33,Rocquefort,326,8,334.0
202000044434,27,8,2020,16:15,1,76.0,76035,1,1,1.0,1.0,Départementale 929,"49,7672680","1,7627910",,76.076035,76035,Seine-Maritime,28.0,Normandie,80.0,3.0,2.0,2,1.0,28,Normandie,76,1,12,AumaLe1974,45,2019,
202000044565,24,6,2020,18:50,1,76.0,76351,2,1,1.0,6.0,LENINGRAD (BD DE),"49,4993000","0,1636000",,76.076351,76351,Seine-Maritime,28.0,Normandie,50.0,3.0,3.0,2,1.0,28,Normandie,76,2,96,LeHavre,166058,1780,167838.0
202000044572,28,8,2020,06:36,2,76.0,76434,2,2,1.0,4.0,Route de Mesnil Raoul,"49,3865350","1,2709490",,76.076434,76434,Seine-Maritime,28.0,Normandie,50.0,3.0,2.0,2,2.0,28,Normandie,76,3,21,Mesnil-Raoul,1171,8,1179.0
202000044694,25,8,2020,16:35,1,76.0,76351,2,3,1.0,3.0,VERDUN (RUE DE),"49,5020500","0,1576000",,76.076351,76351,Seine-Maritime,28.0,Normandie,50.0,3.0,2.0,2,1.0,28,Normandie,76,2,96,LeHavre,166058,1780,167838.0
202000044700,26,8,2020,15:30,1,76.0,76576,1,5,1.0,3.0,D6015,"49,5595900","0,4687900",,76.076576,76576,Seine-Maritime,28.0,Normandie,80.0,3.0,2.0,2,1.0,28,Normandie,76,2,3,Saint-Eustache-la-Forêt,1233,16,1249.0
202000044979,1,2,2020,03:00,3,76.0,76457,1,1,2.0,2.0,A13,"49,3381270","0,9755730",,76.076457,76457,Seine-Maritime,28.0,Normandie,130.0,1.0,3.0,5,2.0,28,Normandie,76,3,9,Moulineaux,932,16,948.0
202000045296,20,10,2020,09:43,1,76.0,76305,1,1,1.0,7.0,ESTUAIRE,"49,4563659","0,2321780",,76.076305,76305,Seine-Maritime,28.0,Normandie,50.0,4.0,2.0,2,2.0,28,Normandie,76,2,16,Gonfreville-l'Orcher,8961,44,9005.0
202000045300,20,10,2020,14:45,1,76.0,76351,2,3,1.0,3.0,Rue Demidoff,"49,4975900","0,1341500",,76.076351,76351,Seine-Maritime,28.0,Normandie,30.0,4.0,2.0,2,1.0,28,Normandie,76,2,96,LeHavre,166058,1780,167838.0
202000045364,2,12,2020,08:25,1,76.0,76497,2,6,1.0,6.0,JAURES. RUE JEAN,"49,3931400","1,0290300",,76.076497,76497,Seine-Maritime,28.0,Normandie,50.0,4.0,2.0,2,1.0,28,Normandie,76,3,13,Petit-Couronne,8688,175,8863.0
202000045371,28,11,2020,15:10,1,76.0,76259,2,1,7.0,6.0,DEGENETAIS ( RUE LEON),"49,7531000","0,3701000",,76.076259,76259,Seine-Maritime,28.0,Normandie,50.0,4.0,2.0,2,1.0,28,Normandie,76,2,11,Fécamp,18016,269,18285.0
202000045586,22,10,2020,00:00,3,76.0,76122,1,1,1.0,-1.0,A28,"49,8375950","1,5314770",,76.076122,76122,Seine-Maritime,28.0,Normandie,130.0,1.0,1.0,4,1.0,28,Normandie,76,1,23,CallengevilLe502,8,510,
202000045679,23,7,2020,16:30,1,76.0,76575,1,1,1.0,2.0,A 13 - D 18 E (BRETELLE D'ACCES),"49,3589000","1,0856000",,76.076575,76575,Seine-Maritime,28.0,Normandie,70.0,3.0,1.0,2,1.0,28,Normandie,76,3,98,Saint-Étienne-du-Rouvray,28508,225,28733.0
202000045793,1,12,2020,07:00,3,76.0,76270,1,1,1.0,2.0,RD 6382,"49,5307700","0,1335100",,76.076270,76270,Seine-Maritime,28.0,Normandie,90.0,3.0,3.0,4,2.0,28,Normandie,76,2,26,Fontaine-la-Mallet,2635,54,2689.0
202000045872,20,9,2020,16:30,1,76.0,76540,2,1,1.0,6.0,SAINT SEVER. QUAI (BAS),"49,4364200","1,0901600",,76.076540,76540,Seine-Maritime,28.0,Normandie,10.0,9.0,-1.0,0,1.0,28,Normandie,76,3,97,Rouen,114083,1556,115639.0
202000045873,20,9,2020,17:00,1,76.0,76157,1,1,1.0,3.0,A150,"49,4565714","1,0496788",,76.076157,76157,Seine-Maritime,28.0,Normandie,110.0,1.0,3.0,4,1.0,28,Normandie,76,3,4,Canteleu,13966,360,14326.0
202000045874,19,9,2020,02:45,5,76.0,76351,2,1,1.0,6.0,BELLOT,"49,4840000","0,1275000",,76.076351,76351,Seine-Maritime,28.0,Normandie,50.0,4.0,2.0,2,1.0,28,Normandie,76,2,96,LeHavre,166058,1780,167838.0
202000045875,20,9,2020,15:10,1,76.0,76351,2,3,1.0,2.0,GRAVILLE (BD DE),"49,4889000","0,1500600",,76.076351,76351,Seine-Maritime,28.0,Normandie,50.0,4.0,2.0,5,1.0,28,Normandie,76,2,96,LeHavre,166058,1780,167838.0
202000046031,10,3,2020,16:15,1,76.0,76222,1,2,2.0,3.0,Route de Saint Paer,"49,4930870","0,8741910",,76.076222,76222,Seine-Maritime,28.0,Normandie,80.0,3.0,2.0,2,2.0,28,Normandie,76,3,1,Duclair,4020,52,4072.0
202000046379,23,6,2020,18:42,1,76.0,76682,1,3,1.0,1.0,VILLAGE RUE DU,"49,3188300","1,1139400",,76.076682,76682,Seine-Maritime,28.0,Normandie,70.0,3.0,2.0,2,1.0,28,Normandie,76,3,5,Sotteville-sous-le-Val,742,4,746.0
202000046411,2,2,2020,00:25,5,76.0,76351,2,3,1.0,3.0,CAVEE VERTE (RUE DE LA),"49,5022100","0,1034400",,76.076351,76351,Seine-Maritime,28.0,Normandie,50.0,3.0,2.0,2,2.0,28,Normandie,76,2,96,LeHavre,166058,1780,167838.0
202000046415,3,2,2020,17:20,2,76.0,76351,2,2,2.0,3.0,Rue Pierre Curie,"49,5096100","0,1276400",,76.076351,76351,Seine-Maritime,28.0,Normandie,50.0,4.0,2.0,2,2.0,28,Normandie,76,2,96,LeHavre,166058,1780,167838.0
202000046462,21,5,2020,13:35,1,76.0,76575,2,1,1.0,6.0,VAL L'ABBE. RUE DU,"49,3852400","1,0995700",,76.076575,76575,Seine-Maritime,28.0,Normandie,50.0,3.0,2.0,2,1.0,28,Normandie,76,3,98,Saint-Étienne-du-Rouvray,28508,225,28733.0
202000046463,21,5,2020,17:45,1,76.0,76447,2,1,1.0,3.0,PIERRE MENDES FRANCE,"49,5296900","0,1816000",,76.076447,76447,Seine-Maritime,28.0,Normandie,50.0,3.0,2.0,4,1.0,28,Normandie,76,2,15,Montivilliers,15457,203,15660.0
202000046720,23,7,2020,15:20,1,76.0,76322,2,1,1.0,6.0,LECLERC. AVENUE DU MARECHAL (CD 3),"49,4125871","1,0427735",,76.076322,76322,Seine-Maritime,28.0,Normandie,50.0,3.0,1.0,2,1.0,28,Normandie,76,3,13,LeGrand-Quevilly,25975,225,26200.0
202000046724,23,7,2020,09:15,1,76.0,76540,2,2,1.0,6.0,QUAI JACQUES ANQUETIL,"49,4348100","1,0937800",,76.076540,76540,Seine-Maritime,28.0,Normandie,50.0,3.0,2.0,5,1.0,28,Normandie,76,3,97,Rouen,114083,1556,115639.0
202000046803,25,8,2020,05:57,5,76.0,76599,2,1,2.0,6.0,PTT (ROUTE DE LYONS LA FORET),"49,4330871","1,1529744",,76.076599,76599,Seine-Maritime,28.0,Normandie,50.0,3.0,2.0,2,2.0,28,Normandie,76,3,6,Saint-Léger-du-Bourg-Denis,3641,42,3683.0
202000046806,24,8,2020,16:30,1,76.0,76351,2,1,1.0,7.0,ARMAND BARBES,"49,5004000","0,1502000",,76.076351,76351,Seine-Maritime,28.0,Normandie,50.0,4.0,2.0,1,1.0,28,Normandie,76,2,96,LeHavre,166058,1780,167838.0
202000046811,23,8,2020,09:40,1,76.0,76351,2,1,3.0,6.0,FRISSARD (QUAI),"49,4893900","0,1235300",,76.076351,76351,Seine-Maritime,28.0,Normandie,50.0,4.0,2.0,2,2.0,28,Normandie,76,2,96,LeHavre,166058,1780,167838.0
202000046813,21,8,2020,22:45,5,76.0,76351,2,2,1.0,3.0,GUSTAVE BRINDEAU (RUE),"49,4924700","0,1396400",,76.076351,76351,Seine-Maritime,28.0,Normandie,50.0,4.0,2.0,2,1.0,28,Normandie,76,2,96,LeHavre,166058,1780,167838.0
202000046873,20,10,2020,02:40,3,76.0,76351,1,1,1.0,7.0,AMIRAL DU CHILLOU,"49,4724300","0,1796000",,76.076351,76351,Seine-Maritime,28.0,Normandie,50.0,4.0,2.0,2,1.0,28,Normandie,76,2,96,LeHavre,166058,1780,167838.0
202000047096,1,1,2020,18:50,3,76.0,76242,2,1,5.0,6.0,D221,"49,4591800","1,6987220",,76.076242,76242,Seine-Maritime,28.0,Normandie,50.0,3.0,2.0,2,2.0,28,Normandie,76,1,12,Ernemont-la-Villette,207,4,211.0
202000047216,2,2,2020,00:42,3,76.0,76165,2,1,1.0,7.0,REPUBLIQUE. RUE DE LA,"49,2790513","1,0291314",,76.076165,76165,Seine-Maritime,28.0,Normandie,50.0,3.0,2.0,2,1.0,28,Normandie,76,3,5,Caudebec-lès-Elbeuf,10135,69,10204.0
202000047219,2,2,2020,06:10,5,76.0,76540,2,2,1.0,3.0,GAMBETTA. BOULEVARD LEON,"49,4378400","1,1052500",,76.076540,76540,Seine-Maritime,28.0,Normandie,30.0,4.0,2.0,2,1.0,28,Normandie,76,3,97,Rouen,114083,1556,115639.0
202000047224,29,1,2020,12:00,1,76.0,76561,2,1,1.0,6.0,LECLERC. RUE DU MARECHAL (CD 144),"49,3033500","1,0159300",,76.076561,76561,Seine-Maritime,28.0,Normandie,50.0,3.0,2.0,2,1.0,28,Normandie,76,3,5,Saint-Aubin-lès-Elbeuf,8428,75,8503.0
202000047227,2,2,2020,00:40,5,76.0,76351,2,1,2.0,2.0,ALBERT 1ER,"49,4965235","0,0933623",,76.076351,76351,Seine-Maritime,28.0,Normandie,50.0,4.0,3.0,4,2.0,28,Normandie,76,2,96,LeHavre,166058,1780,167838.0
202000047231,31,1,2020,22:10,5,76.0,76351,2,1,1.0,2.0,COMMANDANT ABADIE,"49,5011900","0,1768800",,76.076351,76351,Seine-Maritime,28.0,Normandie,50.0,4.0,2.0,2,1.0,28,Normandie,76,2,96,LeHavre,166058,1780,167838.0
202000047288,1,1,2020,17:00,2,76.0,76644,1,1,8.0,6.0,Rue de Mont Plaisir,"50,0138550","1,3961840",,76.076644,76644,Seine-Maritime,28.0,Normandie,80.0,4.0,2.0,2,7.0,28,Normandie,76,1,10,Saint-Rémy-Boscrocourt,801,16,817.0
202000047589,20,10,2020,23:28,1,76.0,76758,2,3,1.0,3.0,PONT VI (DU),"49,6216790","0,7612500",,76.076758,76758,Seine-Maritime,28.0,Normandie,50.0,3.0,2.0,2,2.0,28,Normandie,76,3,35,Yvetot,11385,208,11593.0
202000047598,21,5,2020,20:40,1,76.0,76325,1,1,1.0,2.0,route de rouen,"49,6495420","0,8381580",,76.076325,76325,Seine-Maritime,28.0,Normandie,80.0,3.0,2.0,2,1.0,28,Normandie,76,3,35,GrémonvilLe449,5,454,
202000047621,27,11,2020,20:55,1,76.0,76351,1,3,1.0,1.0,rue de verdun,"49,5025150","0,1698510",,76.076351,76351,Seine-Maritime,28.0,Normandie,50.0,3.0,2.0,2,2.0,28,Normandie,76,2,96,LeHavre,166058,1780,167838.0
201900000033,29,11,2019,16:00,1,76.0,76026,1,1,2.0,1.0,RD 1,"49,8951000","1,1368600",,76.076026,76026,Seine-Maritime,28.0,Normandie,80.0,3.0,2.0,2,2.0,28,Normandie,76,1,8,Arques-la-BatailLe2480,44,2524,
201900000088,21,9,2019,04:50,3,76.0,76287,1,1,1.0,7.0,d44,"49,5611360","1,0296220",,76.076287,76287,Seine-Maritime,28.0,Normandie,80.0,3.0,2.0,2,1.0,28,Normandie,76,3,24,Fresquiennes,1063,14,1077.0
201900000135,20,9,2019,10:10,1,76.0,76217,2,9,1.0,6.0,DE GAULLE (BOUVEVARD GENERAL),"49,9234800","1,0756000",,76.076217,76217,Seine-Maritime,28.0,Normandie,50.0,3.0,1.0,2,1.0,28,Normandie,76,1,95,Dieppe,28358,455,28813.0
201900000136,19,9,2019,09:00,1,76.0,76217,2,2,1.0,6.0,LIBERATION (AVENUE DE LA),"49,9246000","1,1093300",,76.076217,76217,Seine-Maritime,28.0,Normandie,50.0,4.0,2.0,2,1.0,28,Normandie,76,1,95,Dieppe,28358,455,28813.0