Num_Acc,jour,mois,an,hrmn,lum,dep,com,agg,int,atm,col,adr,lat,long,gps,com_insee_temp,com_insee,departmentName,regionCode,regionName,vma,catr,circ,nbv,surf,Code,Region,Departement,Arrondissement,Code_Canton,Nom_Commune,Population_municipaLe,Population_comptee_a_part,Population_Totale
201900000192,17,2,2019,19:10,2,76.0,76660,1,1,1.0,3.0,N 1029,"49,4425301","0,2726543",,76.076660,76660,Seine-Maritime,28.0,Normandie,70.0,2.0,3.0,4,1.0,28,Normandie,76,2,32,SandouvilLe800,11,811,
201900000298,28,5,2019,16:00,1,76.0,76454,1,1,1.0,6.0,route nationale,"49,7537672","1,5513468",,76.076454,76454,Seine-Maritime,28.0,Normandie,80.0,3.0,2.0,2,1.0,28,Normandie,76,1,23,Mortemer,87,0,87.0
201900000518,24,10,2019,11:40,1,76.0,76318,1,2,1.0,3.0,905 Route de Grandcamp,"49,5560600","0,6001730",,76.076318,76318,Seine-Maritime,28.0,Normandie,80.0,3.0,2.0,2,1.0,28,Normandie,76,2,25,Grand-Camp,763,28,791.0
201900000630,30,11,2019,07:50,2,76.0,76660,1,1,1.0,4.0,A131,"49,4860630","0,3184330",,76.076660,76660,Seine-Maritime,28.0,Normandie,130.0,1.0,1.0,2,1.0,28,Normandie,76,2,32,SandouvilLe800,11,811,
201900000644,30,11,2019,03:00,3,76.0,76495,2,1,1.0,5.0,Avenue Jean Jouvenet,"49,5741200","0,9459580",,76.076495,76495,Seine-Maritime,28.0,Normandie,50.0,3.0,2.0,2,1.0,28,Normandie,76,3,24,Pavilly,6121,53,6174.0
201900000863,20,9,2019,22:10,3,76.0,76020,1,1,1.0,7.0,Route du Colombier,"49,4492100","0,8809090",,76.076020,76020,Seine-Maritime,28.0,Normandie,80.0,4.0,2.0,2,1.0,28,Normandie,76,3,1,Anneville-AmbourvilLe1168,18,1186,
201900000864,21,9,2019,05:30,3,76.0,76242,1,1,1.0,1.0,cd916,"49,4643680","1,6965340",,76.076242,76242,Seine-Maritime,28.0,Normandie,80.0,3.0,2.0,2,1.0,28,Normandie,76,1,12,Ernemont-la-Villette,207,4,211.0
201900001040,18,2,2019,11:45,1,76.0,76758,2,1,1.0,6.0,IMPASSE LÉON JACQUES,"49,6172400","0,7449050",,76.076758,76758,Seine-Maritime,28.0,Normandie,50.0,9.0,2.0,2,1.0,28,Normandie,76,3,35,Yvetot,11385,208,11593.0
201900001041,17,2,2019,12:48,1,76.0,76024,1,1,6.0,2.0,route de dieppe,"49,7503050","1,2846030",,76.076024,76024,Seine-Maritime,28.0,Normandie,80.0,3.0,2.0,2,1.0,28,Normandie,76,1,23,Ardouval,155,4,159.0
201900001160,11,2,2019,16:45,1,76.0,76351,2,3,1.0,3.0,ARISTIDE BRIAND,"49,5001700","0,1335300",,76.076351,76351,Seine-Maritime,28.0,Normandie,50.0,3.0,2.0,2,1.0,28,Normandie,76,2,96,LeHavre,166058,1780,167838.0
201900001739,16,8,2019,13:45,1,76.0,76135,1,1,1.0,6.0,A150 pk 17+900,"49,5645474","0,9014261",,76.076135,76135,Seine-Maritime,28.0,Normandie,130.0,1.0,3.0,4,1.0,28,Normandie,76,3,1,BouvilLe1013,12,1025,
201900001767,24,10,2019,17:15,1,76.0,76321,2,3,3.0,3.0,route de dieppe,"49,7817170","1,2336050",,76.076321,76321,Seine-Maritime,28.0,Normandie,50.0,3.0,2.0,2,2.0,28,Normandie,76,1,23,LesGrandes-Ventes,1746,27,1773.0
201900001889,14,10,2019,15:25,1,76.0,76245,1,1,1.0,2.0,A151,"49,5487730","1,0411350",,76.076245,76245,Seine-Maritime,28.0,Normandie,130.0,1.0,3.0,4,1.0,28,Normandie,76,3,24,Eslettes,1641,16,1657.0
201900001928,28,11,2019,11:00,1,76.0,76647,2,1,1.0,6.0,Rue Félix Faure,"49,5298320","0,3578930",,76.076647,76647,Seine-Maritime,28.0,Normandie,50.0,4.0,2.0,2,2.0,28,Normandie,76,2,32,Saint-Romain-de-Colbosc,4436,43,4479.0
201900001967,26,11,2019,16:45,1,76.0,76498,2,1,1.0,2.0,KENNEDY. RUE DU PRESIDENT,"49,4317400","1,0702000",,76.076498,76498,Seine-Maritime,28.0,Normandie,30.0,4.0,1.0,1,1.0,28,Normandie,76,3,27,LePetit-Quevilly,21782,274,22056.0
201900001968,26,11,2019,11:40,1,76.0,76484,2,1,1.0,6.0,CARNOT. RUE SADI,"49,3422000","1,0912700",,76.076484,76484,Seine-Maritime,28.0,Normandie,50.0,4.0,2.0,2,1.0,28,Normandie,76,3,31,Oissel,12367,83,12450.0
201900001969,25,11,2019,17:30,5,76.0,76351,2,6,1.0,3.0,IRENE JOLIOT CURIE (RUE),"49,5318400","0,1031600",,76.076351,76351,Seine-Maritime,28.0,Normandie,50.0,3.0,1.0,2,1.0,28,Normandie,76,2,96,LeHavre,166058,1780,167838.0
201900002147,26,12,2019,18:00,5,76.0,76341,2,1,2.0,7.0,RESISTANCE (AVENUE DE LA),"49,4984561","0,2291518",,76.076341,76341,Seine-Maritime,28.0,Normandie,50.0,3.0,2.0,2,2.0,28,Normandie,76,2,15,Harfleur,8315,53,8368.0
201900002148,24,12,2019,19:50,5,76.0,76351,2,2,1.0,3.0,PAUL CLAUDEL,"49,5170100","0,1162700",,76.076351,76351,Seine-Maritime,28.0,Normandie,50.0,4.0,2.0,1,1.0,28,Normandie,76,2,96,LeHavre,166058,1780,167838.0
201900002149,24,12,2019,10:10,1,76.0,76447,2,2,1.0,7.0,COMMUNE 1871 (DE LA),"49,5455400","0,1882000",,76.076447,76447,Seine-Maritime,28.0,Normandie,50.0,4.0,2.0,2,2.0,28,Normandie,76,2,15,Montivilliers,15457,203,15660.0
201900002150,19,12,2019,18:20,3,76.0,76384,2,1,2.0,7.0,HUGO VICTOR (RUE),"49,5179800","0,5367100",,76.076384,76384,Seine-Maritime,28.0,Normandie,50.0,9.0,2.0,2,2.0,28,Normandie,76,2,3,Lillebonne,8729,141,8870.0
201900002151,16,12,2019,13:25,1,76.0,76575,2,6,1.0,3.0,OREE DU ROUVRAY. RUE DE L',"49,3920800","1,0870400",,76.076575,76575,Seine-Maritime,28.0,Normandie,50.0,4.0,-1.0,1,1.0,28,Normandie,76,3,98,Saint-Étienne-du-Rouvray,28508,225,28733.0
201900002152,6,12,2019,08:45,1,76.0,76351,2,4,2.0,2.0,GENERAL FERRIE (AVENUE),"49,5034575","0,1795542",,76.076351,76351,Seine-Maritime,28.0,Normandie,50.0,4.0,1.0,2,2.0,28,Normandie,76,2,96,LeHavre,166058,1780,167838.0
201900002153,15,12,2019,12:20,1,76.0,76305,2,1,1.0,7.0,ENTREPRISES (ROUTE DES),"49,4825000","0,1987700",,76.076305,76305,Seine-Maritime,28.0,Normandie,50.0,4.0,2.0,2,1.0,28,Normandie,76,2,16,Gonfreville-l'Orcher,8961,44,9005.0
201900002154,3,12,2019,16:20,1,76.0,76447,2,1,1.0,6.0,PRESIDENT WILSON,"49,5449526","0,1853192",,76.076447,76447,Seine-Maritime,28.0,Normandie,30.0,4.0,2.0,2,1.0,28,Normandie,76,2,15,Montivilliers,15457,203,15660.0
201900002155,3,12,2019,11:05,1,76.0,76351,2,3,1.0,6.0,PAUL MARION,"49,4847689","0,1334667",,76.076351,76351,Seine-Maritime,28.0,Normandie,50.0,3.0,2.0,2,1.0,28,Normandie,76,2,96,LeHavre,166058,1780,167838.0
201900002156,26,11,2019,16:00,1,76.0,76351,2,1,1.0,6.0,AMIRAL MOUCHEZ (BD),"49,4860800","0,1396300",,76.076351,76351,Seine-Maritime,28.0,Normandie,30.0,3.0,2.0,2,1.0,28,Normandie,76,2,96,LeHavre,166058,1780,167838.0
201900002304,18,9,2019,13:50,1,76.0,76351,2,2,1.0,3.0,STRASBOURG (BD),"49,4927000","0,1166000",,76.076351,76351,Seine-Maritime,28.0,Normandie,50.0,4.0,2.0,4,1.0,28,Normandie,76,2,96,LeHavre,166058,1780,167838.0
201900002305,18,9,2019,02:30,5,76.0,76351,2,3,1.0,6.0,JULES DURAND (BD),"49,4894000","0,1547200",,76.076351,76351,Seine-Maritime,28.0,Normandie,50.0,3.0,-1.0,2,1.0,28,Normandie,76,2,96,LeHavre,166058,1780,167838.0
201900002306,17,9,2019,19:45,1,76.0,76351,2,1,1.0,6.0,JULES DURAND (BD),"49,4893000","0,1540000",,76.076351,76351,Seine-Maritime,28.0,Normandie,50.0,3.0,2.0,2,1.0,28,Normandie,76,2,96,LeHavre,166058,1780,167838.0
201900002405,18,9,2019,11:00,1,76.0,76249,1,1,9.0,3.0,A 29,"49,6354900","1,1597470",,76.076249,76249,Seine-Maritime,28.0,Normandie,130.0,1.0,3.0,4,1.0,28,Normandie,76,1,20,Étaimpuis,850,7,857.0
201900002536,14,2,2019,16:30,1,76.0,76595,1,1,1.0,7.0,CD111,"49,6488890","0,1641260",,76.076595,76595,Seine-Maritime,28.0,Normandie,80.0,3.0,2.0,2,1.0,28,Normandie,76,2,26,Saint-Jouin-Bruneval,1829,35,1864.0
201900002650,8,7,2019,17:20,1,76.0,76498,1,1,1.0,6.0,SUD III (RN 338),"49,4296400","1,0566500",,76.076498,76498,Seine-Maritime,28.0,Normandie,90.0,2.0,3.0,4,1.0,28,Normandie,76,3,27,LePetit-Quevilly,21782,274,22056.0
201900002651,7,7,2019,06:55,1,76.0,76351,1,1,1.0,6.0,RD 6382,"49,5237500","0,1673700",,76.076351,76351,Seine-Maritime,28.0,Normandie,90.0,3.0,3.0,4,1.0,28,Normandie,76,2,96,LeHavre,166058,1780,167838.0
201900002991,16,8,2019,16:55,1,76.0,76367,1,1,1.0,6.0,D121,"49,5045990","1,0996010",,76.076367,76367,Seine-Maritime,28.0,Normandie,80.0,3.0,2.0,2,1.0,28,Normandie,76,3,24,HouppevilLe2884,51,2935,
201900003069,16,6,2019,11:20,1,76.0,76167,2,3,1.0,3.0,Rue d'Ecqueville,"49,5857000","0,1207000",,76.076167,76167,Seine-Maritime,28.0,Normandie,-1.0,4.0,2.0,-1,1.0,28,Normandie,76,2,26,Cauville-sur-Mer,1618,29,1647.0
201900003230,22,10,2019,13:30,1,76.0,76211,1,2,7.0,3.0,D16,"49,8968700","1,5364380",,76.076211,76211,Seine-Maritime,28.0,Normandie,80.0,3.0,2.0,2,1.0,28,Normandie,76,1,10,Dancourt,233,2,235.0
201900003390,1,6,2019,20:00,2,76.0,76655,2,1,1.0,6.0,Rue des remparts,"49,8693690","0,7161640",,76.076655,76655,Seine-Maritime,28.0,Normandie,50.0,6.0,-1.0,-1,1.0,28,Normandie,76,1,33,Saint-Valery-en-Caux,3915,162,4077.0
201900003391,16,6,2019,11:45,1,76.0,76419,1,2,1.0,6.0,RD265,"49,3945000","0,8972000",,76.076419,76419,Seine-Maritime,28.0,Normandie,80.0,3.0,2.0,2,1.0,28,Normandie,76,3,1,Mauny,155,6,161.0
201900003393,13,6,2019,22:50,3,76.0,76263,1,1,1.0,6.0,"PK 29+200, R.N. 31","49,4635000","1,4734000",,76.076263,76263,Seine-Maritime,28.0,Normandie,80.0,2.0,2.0,2,1.0,28,Normandie,76,1,12,La Feuillie,1262,28,1290.0
201900003396,19,6,2019,17:45,1,76.0,76555,1,2,2.0,3.0,route de neufchatel,"49,5455210","1,2331860",,76.076555,76555,Seine-Maritime,28.0,Normandie,80.0,3.0,2.0,2,2.0,28,Normandie,76,3,21,Saint-André-sur-Cailly,807,22,829.0
201900003398,12,6,2019,18:09,1,76.0,76271,1,1,1.0,1.0,route du Bolhard,"49,5813030","1,1683090",,76.076271,76271,Seine-Maritime,28.0,Normandie,80.0,3.0,2.0,2,1.0,28,Normandie,76,3,2,Fontaine-le-Bourg,1843,18,1861.0
201900003400,4,6,2019,18:30,1,76.0,76517,1,2,8.0,5.0,route de dieppe,"49,5218610","1,1415080",,76.076517,76517,Seine-Maritime,28.0,Normandie,80.0,3.0,2.0,2,2.0,28,Normandie,76,3,2,Quincampoix,3110,68,3178.0
201900003493,20,3,2019,21:05,5,76.0,76351,2,1,1.0,7.0,FRANCOIS 1ER (BD),"49,4848800","0,1056200",,76.076351,76351,Seine-Maritime,28.0,Normandie,50.0,4.0,3.0,4,1.0,28,Normandie,76,2,96,LeHavre,166058,1780,167838.0
201900003548,3,11,2019,21:55,5,76.0,76351,2,1,2.0,7.0,COLBERT (QUAI),"49,4919400","0,1282100",,76.076351,76351,Seine-Maritime,28.0,Normandie,50.0,4.0,3.0,4,2.0,28,Normandie,76,2,96,LeHavre,166058,1780,167838.0
201900003614,22,11,2019,13:20,1,76.0,76351,2,1,1.0,6.0,EDOUARD VAILLANT,"49,5160600","0,1758500",,76.076351,76351,Seine-Maritime,28.0,Normandie,30.0,4.0,2.0,2,1.0,28,Normandie,76,2,96,LeHavre,166058,1780,167838.0
201900003782,20,10,2019,07:10,5,76.0,76217,2,1,1.0,6.0,VAUBAN (AVENUE),"49,9144800","1,0843700",,76.076217,76217,Seine-Maritime,28.0,Normandie,30.0,4.0,2.0,2,1.0,28,Normandie,76,1,95,Dieppe,28358,455,28813.0
201900003834,19,12,2019,11:55,1,76.0,76351,2,1,1.0,7.0,GRAVILLE (BD DE),"49,5003400","0,1458700",,76.076351,76351,Seine-Maritime,28.0,Normandie,50.0,4.0,2.0,2,1.0,28,Normandie,76,2,96,LeHavre,166058,1780,167838.0
201900003864,16,12,2019,18:25,5,76.0,76351,2,1,1.0,7.0,PONTS (DES),"49,5205400","0,1261200",,76.076351,76351,Seine-Maritime,28.0,Normandie,50.0,4.0,2.0,2,2.0,28,Normandie,76,2,96,LeHavre,166058,1780,167838.0
201900003881,20,9,2019,06:15,3,76.0,76705,1,1,1.0,3.0,"A 13, PK 110.850","49,3332000","1,0804180",,76.076705,76705,Seine-Maritime,28.0,Normandie,110.0,1.0,3.0,5,1.0,28,Normandie,76,3,5,Tourville-la-Rivière,2568,19,2587.0
201900004231,7,7,2019,12:40,1,76.0,76540,2,3,1.0,3.0,VERTE. RUE,"49,4528600","1,0935000",,76.076540,76540,Seine-Maritime,28.0,Normandie,50.0,4.0,2.0,2,1.0,28,Normandie,76,3,97,Rouen,114083,1556,115639.0
201900004232,6,7,2019,17:00,1,76.0,76540,2,1,1.0,2.0,YSER. BOULEVARD DE L',"49,4480700","1,1016300",,76.076540,76540,Seine-Maritime,28.0,Normandie,50.0,3.0,2.0,5,1.0,28,Normandie,76,3,97,Rouen,114083,1556,115639.0
201900004233,6,7,2019,17:00,1,76.0,76341,1,1,1.0,6.0,RD 6015,"49,5161000","0,2091000",,76.076341,76341,Seine-Maritime,28.0,Normandie,90.0,3.0,3.0,4,1.0,28,Normandie,76,2,15,Harfleur,8315,53,8368.0
201900004234,6,7,2019,21:15,2,76.0,76351,2,3,1.0,3.0,JEAN JAURES (AVENUE),"49,5008400","0,1782100",,76.076351,76351,Seine-Maritime,28.0,Normandie,50.0,4.0,2.0,2,1.0,28,Normandie,76,2,96,LeHavre,166058,1780,167838.0
201900004235,6,7,2019,13:30,1,76.0,76305,2,3,1.0,6.0,ORCHER,"49,5034900","0,2140200",,76.076305,76305,Seine-Maritime,28.0,Normandie,50.0,4.0,2.0,2,1.0,28,Normandie,76,2,16,Gonfreville-l'Orcher,8961,44,9005.0
201900004282,10,2,2019,14:45,1,76.0,76540,2,2,1.0,3.0,MONT RIBOUDET. AVENUE DU,"49,4463300","1,0709600",,76.076540,76540,Seine-Maritime,28.0,Normandie,50.0,3.0,2.0,5,2.0,28,Normandie,76,3,97,Rouen,114083,1556,115639.0
201900004283,10,2,2019,12:15,1,76.0,76351,2,1,2.0,6.0,JEAN JAURES (AVENUE),"49,4991300","0,1532100",,76.076351,76351,Seine-Maritime,28.0,Normandie,50.0,3.0,2.0,2,2.0,28,Normandie,76,2,96,LeHavre,166058,1780,167838.0
201900004284,7,2,2019,10:10,1,76.0,76351,2,1,1.0,6.0,MULHOUSE (DE),"49,4877600","0,1415300",,76.076351,76351,Seine-Maritime,28.0,Normandie,50.0,6.0,-1.0,-1,2.0,28,Normandie,76,2,96,LeHavre,166058,1780,167838.0
201900004285,6,2,2019,19:45,5,76.0,76351,2,1,1.0,1.0,IRENE JOLIOT CURIE (RUE),"49,5182715","0,1058078",,76.076351,76351,Seine-Maritime,28.0,Normandie,50.0,3.0,2.0,2,3.0,28,Normandie,76,2,96,LeHavre,166058,1780,167838.0
201900004686,24,3,2019,17:30,1,76.0,76351,2,2,1.0,3.0,BOIS AU COQ (AVENUE),"49,5185100","0,1169600",,76.076351,76351,Seine-Maritime,28.0,Normandie,50.0,4.0,2.0,5,1.0,28,Normandie,76,2,96,LeHavre,166058,1780,167838.0
201900004687,21,3,2019,16:16,1,76.0,76351,2,1,1.0,5.0,MARCEL PAUL,"49,4935000","0,1455400",,76.076351,76351,Seine-Maritime,28.0,Normandie,50.0,4.0,2.0,2,1.0,28,Normandie,76,2,96,LeHavre,166058,1780,167838.0
201900004688,20,3,2019,17:28,1,76.0,76351,2,2,1.0,3.0,VERDUN (RUE DE),"49,5014020","0,1500919",,76.076351,76351,Seine-Maritime,28.0,Normandie,50.0,3.0,2.0,3,1.0,28,Normandie,76,2,96,LeHavre,166058,1780,167838.0
201900004689,19,3,2019,15:55,1,76.0,76351,2,2,1.0,3.0,ERNEST RENAN,"49,4971900","0,1132950",,76.076351,76351,Seine-Maritime,28.0,Normandie,30.0,4.0,1.0,1,1.0,28,Normandie,76,2,96,LeHavre,166058,1780,167838.0
201900004690,19,3,2019,14:45,1,76.0,76351,2,2,1.0,4.0,LENINGRAD (BD DE),"49,4963000","0,1469000",,76.076351,76351,Seine-Maritime,28.0,Normandie,50.0,3.0,3.0,4,1.0,28,Normandie,76,2,96,LeHavre,166058,1780,167838.0
201900004691,21,3,2019,16:05,1,76.0,76545,1,9,1.0,6.0,RD 154E,"49,9070200","1,1058900",,76.076545,76545,Seine-Maritime,28.0,Normandie,70.0,3.0,1.0,3,1.0,28,Normandie,76,1,7,Rouxmesnil-BouteilLes1814,33,1847,
201900004802,21,10,2019,06:45,5,76.0,76305,1,4,3.0,1.0,INDUSTRIELLE (ROUTE),"49,4873549","0,2158155",,76.076305,76305,Seine-Maritime,28.0,Normandie,70.0,4.0,3.0,4,2.0,28,Normandie,76,2,16,Gonfreville-l'Orcher,8961,44,9005.0
201900004803,19,10,2019,10:45,1,76.0,76552,2,1,1.0,6.0,EDITH CAVELL,"49,5081800","0,0838000",,76.076552,76552,Seine-Maritime,28.0,Normandie,50.0,3.0,2.0,1,1.0,28,Normandie,76,2,19,Sainte-Adresse,7116,188,7304.0
201900004804,18,10,2019,14:45,1,76.0,76351,2,3,1.0,3.0,LENINGRAD (BD DE),"49,4997300","0,1662800",,76.076351,76351,Seine-Maritime,28.0,Normandie,50.0,3.0,3.0,4,1.0,28,Normandie,76,2,96,LeHavre,166058,1780,167838.0
201900004805,20,10,2019,10:20,1,76.0,76217,2,1,1.0,7.0,BRIAND (ARISTIDE) - CHAMPION,"49,9289700","1,1002200",,76.076217,76217,Seine-Maritime,28.0,Normandie,30.0,4.0,-1.0,1,1.0,28,Normandie,76,1,95,Dieppe,28358,455,28813.0
201900005210,9,8,2019,10:55,1,76.0,76540,2,1,2.0,2.0,NEUFCHATEL. ROUTE DE,"49,4528500","1,0993600",,76.076540,76540,Seine-Maritime,28.0,Normandie,50.0,3.0,2.0,-1,2.0,28,Normandie,76,3,97,Rouen,114083,1556,115639.0
201900005360,26,11,2019,09:05,1,76.0,76295,2,9,1.0,6.0,44 Route de Neufchâtel,"49,6535440","1,6148310",,76.076295,76295,Seine-Maritime,28.0,Normandie,50.0,6.0,-1.0,-1,1.0,28,Normandie,76,1,12,Gaillefontaine,1183,13,1196.0
201900005407,21,11,2019,20:30,5,76.0,76540,2,1,1.0,6.0,CLEMENCEAU. COURS,"49,4347700","1,0877300",,76.076540,76540,Seine-Maritime,28.0,Normandie,50.0,3.0,3.0,4,2.0,28,Normandie,76,3,97,Rouen,114083,1556,115639.0
201900005408,22,11,2019,12:00,1,76.0,76231,2,1,1.0,3.0,ALSACE. RUE D',"49,2896330","1,0177588",,76.076231,76231,Seine-Maritime,28.0,Normandie,50.0,4.0,2.0,2,1.0,28,Normandie,76,3,9,Elbeuf,15951,138,16089.0
201900005409,17,11,2019,18:55,5,76.0,76351,2,2,1.0,3.0,ARTOIS (DE L'),"49,5127900","0,1252800",,76.076351,76351,Seine-Maritime,28.0,Normandie,50.0,4.0,2.0,3,1.0,28,Normandie,76,2,96,LeHavre,166058,1780,167838.0
201900005918,6,6,2019,13:05,1,76.0,76231,2,1,1.0,2.0,RN 840 (RUE DU NEUBOURG),"49,2796800","1,0073400",,76.076231,76231,Seine-Maritime,28.0,Normandie,50.0,3.0,2.0,2,1.0,28,Normandie,76,3,9,Elbeuf,15951,138,16089.0
201900005943,14,9,2019,18:30,1,76.0,76165,2,1,1.0,3.0,FAURE. RUE FELIX,"49,2879300","1,0281900",,76.076165,76165,Seine-Maritime,28.0,Normandie,50.0,4.0,2.0,0,1.0,28,Normandie,76,3,5,Caudebec-lès-Elbeuf,10135,69,10204.0
201900006457,26,4,2019,16:05,1,76.0,76474,2,1,1.0,6.0,RD 927 (ROUTE DE DIEPPE),"49,4938800","1,0486100",,76.076474,76474,Seine-Maritime,28.0,Normandie,50.0,3.0,2.0,2,1.0,28,Normandie,76,3,24,Notre-Dame-de-BondevilLe6957,82,7039,
201900006458,26,4,2019,06:25,2,76.0,76484,2,1,1.0,1.0,DAMBOURNEY. BOULEVARD ALEXANDRE,"49,3499900","1,1090000",,76.076484,76484,Seine-Maritime,28.0,Normandie,50.0,4.0,2.0,2,1.0,28,Normandie,76,3,31,Oissel,12367,83,12450.0
201900006459,23,4,2019,18:00,1,76.0,76212,2,1,1.0,4.0,RN 31 (ROUTE DE GOURNAY),"49,4368500","1,1422600",,76.076212,76212,Seine-Maritime,28.0,Normandie,70.0,2.0,2.0,2,1.0,28,Normandie,76,3,6,Darnétal,9738,74,9812.0
201900006460,22,4,2019,19:45,1,76.0,76540,1,6,1.0,2.0,MADAGASCAR. RUE DE,"49,4376181","1,0671033",,76.076540,76540,Seine-Maritime,28.0,Normandie,70.0,2.0,3.0,6,1.0,28,Normandie,76,3,97,Rouen,114083,1556,115639.0
201900006461,24,3,2019,19:15,3,76.0,76484,1,1,1.0,2.0,CD 18E,"49,3467100","1,0773900",,76.076484,76484,Seine-Maritime,28.0,Normandie,90.0,3.0,1.0,2,1.0,28,Normandie,76,3,31,Oissel,12367,83,12450.0
201900006462,17,4,2019,10:50,1,76.0,76540,2,2,1.0,3.0,ROUTE DU HAVRE,"49,4506000","1,0588000",,76.076540,76540,Seine-Maritime,28.0,Normandie,50.0,3.0,1.0,3,1.0,28,Normandie,76,3,97,Rouen,114083,1556,115639.0
201900006463,25,4,2019,15:35,1,76.0,76351,2,1,1.0,2.0,GRAVILLE (BD DE),"49,4947300","0,1474100",,76.076351,76351,Seine-Maritime,28.0,Normandie,50.0,4.0,2.0,5,2.0,28,Normandie,76,2,96,LeHavre,166058,1780,167838.0
201900006464,24,4,2019,18:30,1,76.0,76351,1,6,1.0,3.0,SEIZIEME PORT (AVENUE DU),"49,4829400","0,1656000",,76.076351,76351,Seine-Maritime,28.0,Normandie,50.0,4.0,2.0,2,2.0,28,Normandie,76,2,96,LeHavre,166058,1780,167838.0
201900006465,23,4,2019,17:50,1,76.0,76351,2,1,1.0,3.0,LENINGRAD (BD DE),"49,4987268","0,1587484",,76.076351,76351,Seine-Maritime,28.0,Normandie,50.0,3.0,3.0,4,1.0,28,Normandie,76,2,96,LeHavre,166058,1780,167838.0
201900006466,20,4,2019,02:00,5,76.0,76351,2,2,1.0,2.0,PERE FLAVIGNY,"49,5119900","0,1291400",,76.076351,76351,Seine-Maritime,28.0,Normandie,50.0,4.0,2.0,2,1.0,28,Normandie,76,2,96,LeHavre,166058,1780,167838.0
201900006467,20,4,2019,20:15,2,76.0,76351,2,1,1.0,3.0,ARISTIDE BRIAND,"49,5004800","0,1386800",,76.076351,76351,Seine-Maritime,28.0,Normandie,50.0,4.0,2.0,2,1.0,28,Normandie,76,2,96,LeHavre,166058,1780,167838.0
201900006468,20,4,2019,13:45,1,76.0,76305,2,1,1.0,3.0,JACQUES DUCLOS,"49,5069700","0,2281100",,76.076305,76305,Seine-Maritime,28.0,Normandie,30.0,4.0,2.0,2,1.0,28,Normandie,76,2,16,Gonfreville-l'Orcher,8961,44,9005.0
201900006469,19,4,2019,04:50,3,76.0,76341,1,1,1.0,6.0,RD 6015,"49,5135300","0,1997800",,76.076341,76341,Seine-Maritime,28.0,Normandie,70.0,3.0,3.0,4,1.0,28,Normandie,76,2,15,Harfleur,8315,53,8368.0
201900006470,23,4,2019,15:05,1,76.0,76217,2,1,1.0,6.0,SAINT-JEAN,"49,9264300","1,0796200",,76.076217,76217,Seine-Maritime,28.0,Normandie,50.0,4.0,1.0,1,1.0,28,Normandie,76,1,95,Dieppe,28358,455,28813.0
201900006471,19,4,2019,18:45,1,76.0,76545,2,1,1.0,3.0,BOURBON (COURS),"49,9148900","1,0939500",,76.076545,76545,Seine-Maritime,28.0,Normandie,30.0,9.0,-1.0,1,1.0,28,Normandie,76,1,7,Rouxmesnil-BouteilLes1814,33,1847,
201900006753,19,10,2019,07:05,5,76.0,76451,2,2,2.0,3.0,MONT AUX MALADES. AVENUE DU,"49,4660100","1,0709400",,76.076451,76451,Seine-Maritime,28.0,Normandie,50.0,4.0,2.0,2,2.0,28,Normandie,76,3,22,Mont-Saint-Aignan,20066,415,20481.0
201900006932,10,8,2019,05:00,3,76.0,76714,1,1,1.0,7.0,RD 6015,"49,5540130","0,4207430",,76.076714,76714,Seine-Maritime,28.0,Normandie,80.0,3.0,2.0,2,1.0,28,Normandie,76,2,32,LesTrois-Pierres,797,15,812.0
201900007047,10,8,2019,18:45,1,76.0,76287,1,4,1.0,2.0,Route de Montville,"49,5609240","1,0321490",,76.076287,76287,Seine-Maritime,28.0,Normandie,70.0,3.0,2.0,2,1.0,28,Normandie,76,3,24,Fresquiennes,1063,14,1077.0
201900007161,26,11,2019,17:45,3,76.0,76289,1,1,1.0,1.0,Rue de Caudebec,"49,5632520","0,8259350",,76.076289,76289,Seine-Maritime,28.0,Normandie,80.0,3.0,2.0,2,2.0,28,Normandie,76,3,24,Saint Martin de l'If,1732,24,1756.0
201900007361,8,7,2019,12:30,1,76.0,76394,1,1,1.0,7.0,D14,"49,9733560","1,5349560",,76.076394,76394,Seine-Maritime,28.0,Normandie,80.0,3.0,2.0,2,1.0,28,Normandie,76,1,10,Longroy,633,6,639.0
201900007416,4,7,2019,15:30,1,76.0,76552,2,3,1.0,3.0,REINE ELISABETH,"49,5027000","0,0866000",,76.076552,76552,Seine-Maritime,28.0,Normandie,50.0,3.0,2.0,2,1.0,28,Normandie,76,2,19,Sainte-Adresse,7116,188,7304.0
201900007601,1,12,2019,16:35,1,76.0,76429,2,1,1.0,3.0,DARNETAL. ROUTE DE,"49,4177000","1,1464400",,76.076429,76429,Seine-Maritime,28.0,Normandie,70.0,3.0,2.0,2,1.0,28,Normandie,76,3,21,LeMesnil-Esnard,7980,353,8333.0
201900007602,15,12,2019,01:25,5,76.0,76351,1,1,2.0,6.0,CHRISTOPHE COLOMB (AVENUE),"49,4772900","0,1434500",,76.076351,76351,Seine-Maritime,28.0,Normandie,70.0,4.0,3.0,4,2.0,28,Normandie,76,2,96,LeHavre,166058,1780,167838.0
201900007603,15,12,2019,09:00,2,76.0,76447,2,6,1.0,3.0,BELLE ETOILE,"49,5480600","0,1683500",,76.076447,76447,Seine-Maritime,28.0,Normandie,50.0,3.0,4.0,2,2.0,28,Normandie,76,2,15,Montivilliers,15457,203,15660.0
201900007604,30,11,2019,03:05,5,76.0,76351,2,2,1.0,3.0,BOIS AU COQ (RUE),"49,5110200","0,1286800",,76.076351,76351,Seine-Maritime,28.0,Normandie,50.0,4.0,2.0,4,1.0,28,Normandie,76,2,96,LeHavre,166058,1780,167838.0