Num_Acc,jour,mois,an,hrmn,lum,dep,com,agg,int,atm,col,adr,lat,long,gps,com_insee_temp,com_insee,departmentName,regionCode,regionName,vma,catr,circ,nbv,surf,Code,Region,Departement,Arrondissement,Code_Canton,Nom_Commune,Population_municipaLe,Population_comptee_a_part,Population_Totale
201900007731,15,9,2019,12:00,1,76.0,76540,2,1,1.0,6.0,BELGES. BOULEVARD DES,"49,4452200","1,0859700",,76.076540,76540,Seine-Maritime,28.0,Normandie,50.0,3.0,2.0,6,1.0,28,Normandie,76,3,97,Rouen,114083,1556,115639.0
201900007732,14,9,2019,14:30,1,76.0,76157,2,1,1.0,2.0,CD 51 (RUE DU CANAL),"49,4568300","1,0440800",,76.076157,76157,Seine-Maritime,28.0,Normandie,50.0,3.0,2.0,2,1.0,28,Normandie,76,3,4,Canteleu,13966,360,14326.0
201900007733,14,9,2019,02:45,5,76.0,76474,2,1,1.0,6.0,RN 27 (ROUTE DE DIEPPE),"49,4962200","1,0485600",,76.076474,76474,Seine-Maritime,28.0,Normandie,50.0,3.0,2.0,3,1.0,28,Normandie,76,3,24,Notre-Dame-de-BondevilLe6957,82,7039,
201900007734,13,9,2019,08:10,1,76.0,76451,2,1,2.0,5.0,SIEGFRIED. BOULEVARD ANDRE,"49,4589300","1,0679800",,76.076451,76451,Seine-Maritime,28.0,Normandie,30.0,4.0,2.0,2,2.0,28,Normandie,76,3,22,Mont-Saint-Aignan,20066,415,20481.0
201900007735,15,9,2019,18:10,1,76.0,76341,2,3,1.0,6.0,RESISTANCE (AVENUE DE LA),"49,5047600","0,1974800",,76.076341,76341,Seine-Maritime,28.0,Normandie,50.0,3.0,2.0,2,1.0,28,Normandie,76,2,15,Harfleur,8315,53,8368.0
201900007904,13,2,2019,10:25,1,76.0,76719,2,1,7.0,6.0,rue André FIQUET,"49,7438780","0,5114340",,76.076719,76719,Seine-Maritime,28.0,Normandie,50.0,3.0,2.0,2,1.0,28,Normandie,76,2,11,Valmont,867,15,882.0
201900007905,4,2,2019,08:25,2,76.0,76357,1,1,2.0,1.0,D925,"49,5984820","0,2711900",,76.076357,76357,Seine-Maritime,28.0,Normandie,80.0,3.0,2.0,2,2.0,28,Normandie,76,2,26,HermevilLe351,16,367,
201900008303,20,10,2019,18:00,2,76.0,76753,1,1,2.0,1.0,route départementale 6015,"49,3372970","1,1523230",,76.076753,76753,Seine-Maritime,28.0,Normandie,80.0,3.0,2.0,2,2.0,28,Normandie,76,3,6,Ymare,1212,22,1234.0
201900008344,17,10,2019,14:10,1,76.0,76540,2,2,1.0,3.0,HAVRE. ROUTE DU,"49,4527000","1,0566200",,76.076540,76540,Seine-Maritime,28.0,Normandie,50.0,3.0,2.0,2,1.0,28,Normandie,76,3,97,Rouen,114083,1556,115639.0
201900008345,17,10,2019,18:45,1,76.0,76410,2,1,2.0,3.0,REPUBLIQUE. RUE DE LA,"49,4745900","1,0421300",,76.076410,76410,Seine-Maritime,28.0,Normandie,50.0,4.0,2.0,2,2.0,28,Normandie,76,3,4,Maromme,11024,122,11146.0
201900008686,2,6,2019,11:45,1,76.0,76705,1,1,1.0,3.0,A 13 PK 110.020,"49,3284590","1,0889370",,76.076705,76705,Seine-Maritime,28.0,Normandie,110.0,1.0,2.0,3,1.0,28,Normandie,76,3,5,Tourville-la-Rivière,2568,19,2587.0
201900008766,7,8,2019,08:35,1,76.0,76351,2,3,1.0,3.0,LESUEUR (RUE),"49,4948000","0,1228900",,76.076351,76351,Seine-Maritime,28.0,Normandie,50.0,4.0,2.0,2,1.0,28,Normandie,76,2,96,LeHavre,166058,1780,167838.0
201900008767,7,8,2019,04:35,3,76.0,76481,1,1,1.0,7.0,rd 940,"49,5425000","0,1047000",,76.076481,76481,Seine-Maritime,28.0,Normandie,80.0,3.0,2.0,2,1.0,28,Normandie,76,2,26,Octeville-sur-Mer,6122,119,6241.0
201900009073,21,11,2019,19:20,4,76.0,76575,1,1,1.0,3.0,ROUSSEAU. RUE JEAN JACQUES,"49,3811200","1,1097500",,76.076575,76575,Seine-Maritime,28.0,Normandie,50.0,4.0,2.0,2,1.0,28,Normandie,76,3,98,Saint-Étienne-du-Rouvray,28508,225,28733.0
201900009134,5,7,2019,08:45,1,76.0,76498,2,2,1.0,3.0,DOCTEUR CHARCOT. RUE DU,"49,4298900","1,0644000",,76.076498,76498,Seine-Maritime,28.0,Normandie,50.0,4.0,1.0,1,1.0,28,Normandie,76,3,27,LePetit-Quevilly,21782,274,22056.0
201900009135,5,7,2019,11:20,1,76.0,76351,2,1,1.0,6.0,AUGUSTE BLANQUI (PONT),"49,4998000","0,1624000",,76.076351,76351,Seine-Maritime,28.0,Normandie,50.0,4.0,2.0,2,1.0,28,Normandie,76,2,96,LeHavre,166058,1780,167838.0
201900009136,4,7,2019,07:45,1,76.0,76305,1,2,1.0,6.0,BREQUE (Route de la),"49,4877800","0,1962100",,76.076305,76305,Seine-Maritime,28.0,Normandie,70.0,4.0,2.0,3,1.0,28,Normandie,76,2,16,Gonfreville-l'Orcher,8961,44,9005.0
201900009137,3,7,2019,13:30,1,76.0,76447,2,1,1.0,6.0,4 SAISONS (RUE DES ),"49,5352200","0,1855100",,76.076447,76447,Seine-Maritime,28.0,Normandie,30.0,6.0,-1.0,0,1.0,28,Normandie,76,2,15,Montivilliers,15457,203,15660.0
201900009138,5,7,2019,15:13,1,76.0,76217,2,1,1.0,6.0,GAMBETTA (AVENUE),"49,9151800","1,0747700",,76.076217,76217,Seine-Maritime,28.0,Normandie,50.0,3.0,2.0,3,1.0,28,Normandie,76,1,95,Dieppe,28358,455,28813.0
201900009452,18,12,2019,15:45,1,76.0,76351,2,3,1.0,7.0,ARISTIDE BRIAND,"49,5002300","0,1348000",,76.076351,76351,Seine-Maritime,28.0,Normandie,50.0,3.0,2.0,2,1.0,28,Normandie,76,2,96,LeHavre,166058,1780,167838.0
201900009593,16,9,2019,16:00,1,76.0,76536,1,1,1.0,6.0,229 Route de Darnétal,"49,4585800","1,1656270",,76.076536,76536,Seine-Maritime,28.0,Normandie,70.0,3.0,2.0,2,1.0,28,Normandie,76,3,6,Roncherolles-sur-le-Vivier,1231,23,1254.0
201900009736,23,3,2019,11:45,1,76.0,76307,2,1,1.0,7.0,Rue Gaston Delahais,"49,6380060","0,2183970",,76.076307,76307,Seine-Maritime,28.0,Normandie,-1.0,6.0,-1.0,-1,1.0,28,Normandie,76,2,26,Gonneville-la-Mallet,1363,13,1376.0
201900009737,24,3,2019,14:30,1,76.0,76179,2,1,1.0,6.0,Avenue du parc,"49,5920000","1,0990000",,76.076179,76179,Seine-Maritime,28.0,Normandie,50.0,3.0,2.0,2,1.0,28,Normandie,76,3,2,Clères,1380,15,1395.0
201900009738,22,3,2019,20:15,3,76.0,76038,1,1,5.0,7.0,D53,"49,5836540","1,1345130",,76.076038,76038,Seine-Maritime,28.0,Normandie,80.0,3.0,2.0,2,1.0,28,Normandie,76,3,2,Authieux-RatiévilLe403,6,409,
201900009739,23,3,2019,20:15,3,76.0,76517,1,1,2.0,3.0,694 Route de Dieppe,"49,5167900","1,1395130",,76.076517,76517,Seine-Maritime,28.0,Normandie,80.0,3.0,2.0,2,2.0,28,Normandie,76,3,2,Quincampoix,3110,68,3178.0
201900009955,8,2,2019,07:25,2,76.0,76563,2,1,1.0,1.0,RD 6015,"49,5207590","0,3082880",,76.076563,76563,Seine-Maritime,28.0,Normandie,50.0,3.0,2.0,2,1.0,28,Normandie,76,2,32,Saint-Aubin-Routot,1954,20,1974.0
201900010212,15,10,2019,15:58,1,76.0,76402,2,2,1.0,6.0, (ROUTE DE DIEPPE),"49,5283600","1,0416800",,76.076402,76402,Seine-Maritime,28.0,Normandie,50.0,3.0,2.0,2,2.0,28,Normandie,76,3,24,Malaunay,6143,49,6192.0
201900010213,16,10,2019,15:13,1,76.0,76351,2,2,2.0,2.0,VERDUN (RUE DE),"49,5022552","0,1869219",,76.076351,76351,Seine-Maritime,28.0,Normandie,50.0,4.0,2.0,2,2.0,28,Normandie,76,2,96,LeHavre,166058,1780,167838.0
201900010214,17,10,2019,16:25,1,76.0,76217,2,2,1.0,1.0,REPUBLIQUE (AVENUE DE LA),"49,9246000","1,1037000",,76.076217,76217,Seine-Maritime,28.0,Normandie,50.0,3.0,2.0,2,1.0,28,Normandie,76,1,95,Dieppe,28358,455,28813.0
201900010703,10,8,2019,19:30,1,76.0,76071,1,1,1.0,7.0,Rue du 31 Août 1944,"49,9163000","1,2483680",,76.076071,76071,Seine-Maritime,28.0,Normandie,80.0,3.0,-1.0,2,1.0,28,Normandie,76,1,8,BellengrevilLe472,14,486,
201900010704,10,8,2019,20:45,2,76.0,76743,1,9,1.0,7.0,a 150,"49,5426646","0,9279907",,76.076743,76743,Seine-Maritime,28.0,Normandie,130.0,1.0,1.0,4,1.0,28,Normandie,76,3,1,Villers-ÉcalLes1734,12,1746,
201900010980,6,7,2019,16:40,1,76.0,76517,1,1,1.0,6.0,Autoroute A28,"49,5334742","1,2186402",,76.076517,76517,Seine-Maritime,28.0,Normandie,110.0,1.0,3.0,4,1.0,28,Normandie,76,3,2,Quincampoix,3110,68,3178.0
201900011093,23,11,2019,11:40,1,76.0,76712,1,1,2.0,1.0,D34,"49,5510860","0,5681520",,76.076712,76712,Seine-Maritime,28.0,Normandie,80.0,3.0,2.0,2,2.0,28,Normandie,76,2,3,La Trinité-du-Mont,883,17,900.0
201900011235,17,12,2019,09:00,1,76.0,76540,2,1,1.0,3.0,NEUFCHATEL. ROUTE DE,"49,4546702","1,1056495",,76.076540,76540,Seine-Maritime,28.0,Normandie,50.0,3.0,2.0,4,1.0,28,Normandie,76,3,97,Rouen,114083,1556,115639.0
201900011236,16,12,2019,07:40,5,76.0,76366,2,1,1.0,6.0,11 NOVEMBRE. RUE DU,"49,5215500","1,0333400",,76.076366,76366,Seine-Maritime,28.0,Normandie,50.0,3.0,2.0,2,2.0,28,Normandie,76,3,24,LeHoulme,4133,32,4165.0
201900011237,13,12,2019,23:00,5,76.0,76351,2,3,2.0,3.0,MARECHAL JOFFRE (RUE),"49,4999611","0,1276892",,76.076351,76351,Seine-Maritime,28.0,Normandie,50.0,4.0,2.0,2,2.0,28,Normandie,76,2,96,LeHavre,166058,1780,167838.0
201900011238,13,12,2019,17:45,3,76.0,76447,1,1,2.0,2.0,RD 489,"49,5402813","0,2109128",,76.076447,76447,Seine-Maritime,28.0,Normandie,110.0,3.0,3.0,4,2.0,28,Normandie,76,2,15,Montivilliers,15457,203,15660.0
201900011460,15,9,2019,18:25,1,76.0,76235,2,3,7.0,3.0,72 rue des canadiens,"49,8971767","1,2596041",,76.076235,76235,Seine-Maritime,28.0,Normandie,50.0,3.0,2.0,2,1.0,28,Normandie,76,1,8,Envermeu,1978,132,2110.0
201900011604,18,3,2019,10:48,1,76.0,76057,2,9,7.0,6.0,Rue Saint-Hélier,"49,5449670","0,9572390",,76.076057,76057,Seine-Maritime,28.0,Normandie,50.0,3.0,2.0,2,1.0,28,Normandie,76,3,1,Barentin,12154,238,12392.0
201900011605,24,3,2019,11:20,1,76.0,76283,1,3,1.0,2.0,Route de pommereval - RD 915,"49,7331160","1,3267310",,76.076283,76283,Seine-Maritime,28.0,Normandie,80.0,3.0,2.0,2,1.0,28,Normandie,76,1,23,FresLes237,5,242,
201900011606,22,3,2019,20:30,5,76.0,76647,2,2,5.0,1.0,Avenue Maréchal de Lattre de Tassigny,"49,5327110","0,3543100",,76.076647,76647,Seine-Maritime,28.0,Normandie,50.0,3.0,2.0,2,1.0,28,Normandie,76,2,32,Saint-Romain-de-Colbosc,4436,43,4479.0
201900011681,12,3,2019,20:25,5,76.0,76457,2,1,1.0,3.0,DEPARTEMENTALE 3,"49,3418200","0,9667700",,76.076457,76457,Seine-Maritime,28.0,Normandie,50.0,3.0,-1.0,2,1.0,28,Normandie,76,3,9,Moulineaux,932,16,948.0
201900011711,18,3,2019,16:25,1,76.0,76540,2,1,1.0,2.0,BRIAND. AVENUE ARISTIDE,"49,4361400","1,1013200",,76.076540,76540,Seine-Maritime,28.0,Normandie,50.0,3.0,3.0,6,2.0,28,Normandie,76,3,97,Rouen,114083,1556,115639.0
201900011712,18,3,2019,09:00,1,76.0,76481,1,1,1.0,6.0,GOLF (CHEMIN DU),"49,5664000","0,1372000",,76.076481,76481,Seine-Maritime,28.0,Normandie,80.0,4.0,2.0,2,1.0,28,Normandie,76,2,26,Octeville-sur-Mer,6122,119,6241.0
201900011713,18,3,2019,08:42,1,76.0,76351,2,2,1.0,5.0,CAVEE VERTE (RUE DE LA),"49,5054700","0,1147400",,76.076351,76351,Seine-Maritime,28.0,Normandie,50.0,3.0,2.0,4,1.0,28,Normandie,76,2,96,LeHavre,166058,1780,167838.0
201900011714,16,3,2019,16:00,1,76.0,76447,2,1,1.0,6.0,PIERRE MENDES FRANCE,"49,5278900","0,1837700",,76.076447,76447,Seine-Maritime,28.0,Normandie,30.0,4.0,3.0,4,1.0,28,Normandie,76,2,15,Montivilliers,15457,203,15660.0
201900012065,15,10,2019,10:30,1,76.0,76351,2,2,1.0,3.0,FRANCOIS 1ER (BD),"49,4872000","0,1035000",,76.076351,76351,Seine-Maritime,28.0,Normandie,50.0,7.0,2.0,2,1.0,28,Normandie,76,2,96,LeHavre,166058,1780,167838.0
201900012418,8,8,2019,18:15,1,76.0,76099,1,3,1.0,3.0,Route du Manoir,"49,5482640","0,8542750",,76.076099,76099,Seine-Maritime,28.0,Normandie,80.0,3.0,2.0,2,1.0,28,Normandie,76,3,1,BlacquevilLe707,9,716,
201900012509,11,6,2019,07:35,1,76.0,76057,2,3,1.0,3.0,Rue du 11 Novembre,"49,5344560","0,9583104",,76.076057,76057,Seine-Maritime,28.0,Normandie,50.0,4.0,2.0,2,1.0,28,Normandie,76,3,1,Barentin,12154,238,12392.0
201900012510,14,2,2019,09:30,1,76.0,76203,1,1,1.0,1.0,Route de Freville,"49,5924600","0,8463790",,76.076203,76203,Seine-Maritime,28.0,Normandie,80.0,3.0,2.0,2,1.0,28,Normandie,76,3,24,Croix-Mare,719,8,727.0
201900012512,1,6,2019,21:50,2,76.0,76269,1,1,1.0,6.0,les tronquets,"49,6746685","1,4278579",,76.076269,76269,Seine-Maritime,28.0,Normandie,80.0,3.0,2.0,2,1.0,28,Normandie,76,1,23,Fontaine-en-Bray,168,3,171.0
201900012667,5,7,2019,16:20,1,76.0,76597,1,1,1.0,3.0,Rd 149,"49,7512601","0,8789053",,76.076597,76597,Seine-Maritime,28.0,Normandie,80.0,3.0,2.0,2,1.0,28,Normandie,76,3,35,Saint-Laurent-en-Caux,749,12,761.0
201900012668,6,7,2019,18:15,1,76.0,76242,1,2,7.0,3.0,PK 004 + 900,"49,4490858","1,7259103",,76.076242,76242,Seine-Maritime,28.0,Normandie,80.0,3.0,2.0,2,1.0,28,Normandie,76,1,12,Ernemont-la-Villette,207,4,211.0
201900012764,27,6,2019,20:45,1,76.0,76660,1,9,1.0,6.0,A131,"49,4865650","0,3152570",,76.076660,76660,Seine-Maritime,28.0,Normandie,130.0,1.0,3.0,4,1.0,28,Normandie,76,2,32,SandouvilLe800,11,811,
201900012843,20,11,2019,19:00,2,76.0,76540,2,1,1.0,6.0,RAFFETOT. RUE,"49,4509900","1,0835000",,76.076540,76540,Seine-Maritime,28.0,Normandie,50.0,4.0,2.0,2,1.0,28,Normandie,76,3,97,Rouen,114083,1556,115639.0
201900012938,22,11,2019,17:00,5,76.0,76163,2,1,1.0,2.0,Rue Saint Clair,"49,5129916","1,3308048",,76.076163,76163,Seine-Maritime,28.0,Normandie,50.0,3.0,2.0,2,1.0,28,Normandie,76,3,21,Catenay,689,14,703.0
201900012986,18,11,2019,07:40,2,76.0,76475,2,2,1.0,6.0,Route de Paris,"49,4012970","1,1651460",,76.076475,76475,Seine-Maritime,28.0,Normandie,50.0,3.0,2.0,2,2.0,28,Normandie,76,3,21,Franqueville-Saint-Pierre,6067,195,6262.0
201900013075,18,12,2019,17:45,3,76.0,76475,1,1,2.0,1.0,190 Rue de Pitres,"49,3943100","1,1720210",,76.076475,76475,Seine-Maritime,28.0,Normandie,70.0,3.0,2.0,2,2.0,28,Normandie,76,3,21,Franqueville-Saint-Pierre,6067,195,6262.0
201900013136,30,12,2019,14:25,1,76.0,76270,1,1,1.0,2.0,LOUIS LUMIERE,"49,5566000","0,1258000",,76.076270,76270,Seine-Maritime,28.0,Normandie,70.0,4.0,2.0,2,1.0,28,Normandie,76,2,26,Fontaine-la-Mallet,2635,54,2689.0
201900013137,27,12,2019,17:00,1,76.0,76351,2,1,1.0,3.0,MARECHAL JOFFRE (RUE),"49,4999800","0,1274900",,76.076351,76351,Seine-Maritime,28.0,Normandie,50.0,4.0,2.0,2,1.0,28,Normandie,76,2,96,LeHavre,166058,1780,167838.0
201900013238,12,9,2019,12:45,1,76.0,76681,2,3,1.0,3.0,LECHEVALLIER. RUE MARCEL,"49,4055400","1,0797900",,76.076681,76681,Seine-Maritime,28.0,Normandie,50.0,4.0,2.0,2,1.0,28,Normandie,76,3,99,Sotteville-lès-Rouen,28965,475,29440.0
201900013239,12,9,2019,06:05,5,76.0,76498,2,1,1.0,6.0,GAULLE. BOULEVARD CHARLES DE,"49,4199400","1,0613800",,76.076498,76498,Seine-Maritime,28.0,Normandie,50.0,4.0,1.0,2,2.0,28,Normandie,76,3,27,LePetit-Quevilly,21782,274,22056.0
201900013240,11,9,2019,19:30,1,76.0,76540,2,2,1.0,3.0,BELGES. BOULEVARD DES,"49,4422000","1,0838100",,76.076540,76540,Seine-Maritime,28.0,Normandie,50.0,2.0,3.0,4,1.0,28,Normandie,76,3,97,Rouen,114083,1556,115639.0
201900013241,11,9,2019,18:40,1,76.0,76540,2,3,1.0,3.0,YSER. BOULEVARD DE L',"49,4479500","1,1020000",,76.076540,76540,Seine-Maritime,28.0,Normandie,50.0,3.0,2.0,4,1.0,28,Normandie,76,3,97,Rouen,114083,1556,115639.0
201900013242,13,9,2019,12:15,1,76.0,76351,2,6,2.0,7.0,MARCEAU (RUE),"49,4910000","0,1335000",,76.076351,76351,Seine-Maritime,28.0,Normandie,50.0,4.0,3.0,4,2.0,28,Normandie,76,2,96,LeHavre,166058,1780,167838.0
201900013515,16,3,2019,22:10,3,76.0,76351,2,9,1.0,3.0,GRAND HAMEAU (Avenue du ),"49,5230600","0,1097500",,76.076351,76351,Seine-Maritime,28.0,Normandie,10.0,6.0,-1.0,-1,1.0,28,Normandie,76,2,96,LeHavre,166058,1780,167838.0
201900013540,4,2,2019,08:20,1,76.0,76565,2,3,1.0,3.0,VERTUS (CHEMIN DES),"49,8950300","1,0743300",,76.076565,76565,Seine-Maritime,28.0,Normandie,50.0,4.0,2.0,2,1.0,28,Normandie,76,1,7,Saint-Aubin-sur-Scie,1202,101,1303.0
201900013719,16,10,2019,05:23,5,76.0,76681,1,1,2.0,2.0,INDUSTRIEL. BOULEVARD (CD 18E),"49,4203100","1,1070400",,76.076681,76681,Seine-Maritime,28.0,Normandie,70.0,3.0,3.0,4,2.0,28,Normandie,76,3,99,Sotteville-lès-Rouen,28965,475,29440.0
201900013985,20,4,2019,05:55,2,76.0,76227,1,1,1.0,6.0,Autoroute A29 pk 81 + 100 sens AMIENS - LE HAVRE,"49,6633880","0,9259870",,76.076227,76227,Seine-Maritime,28.0,Normandie,130.0,1.0,3.0,4,1.0,28,Normandie,76,3,35,Ectot-l'Auber,703,10,713.0
201900014126,5,8,2019,16:06,1,76.0,76351,2,3,1.0,6.0,BAYARD,"49,5068500","0,0946000",,76.076351,76351,Seine-Maritime,28.0,Normandie,50.0,4.0,2.0,2,1.0,28,Normandie,76,2,96,LeHavre,166058,1780,167838.0
201900014529,29,6,2019,13:50,1,76.0,76498,2,1,1.0,1.0,CANADIENS. AVENUE DES,"49,4127300","1,0728600",,76.076498,76498,Seine-Maritime,28.0,Normandie,50.0,4.0,2.0,2,1.0,28,Normandie,76,3,27,LePetit-Quevilly,21782,274,22056.0
201900014530,2,7,2019,15:00,1,76.0,76540,2,2,1.0,3.0,DARNETAL. ROUTE DE,"49,4414500","1,1204000",,76.076540,76540,Seine-Maritime,28.0,Normandie,30.0,3.0,2.0,2,1.0,28,Normandie,76,3,97,Rouen,114083,1556,115639.0
201900014531,2,7,2019,08:30,1,76.0,76451,2,1,1.0,6.0,MONT AUX MALADES. AVENUE DU,"49,4641500","1,0739500",,76.076451,76451,Seine-Maritime,28.0,Normandie,50.0,4.0,2.0,2,1.0,28,Normandie,76,3,22,Mont-Saint-Aignan,20066,415,20481.0
201900014635,19,11,2019,17:30,5,76.0,76259,2,1,1.0,6.0,DE LATTRE DE TASSIGNY,"49,7542100","0,3781700",,76.076259,76259,Seine-Maritime,28.0,Normandie,50.0,4.0,2.0,2,1.0,28,Normandie,76,2,11,Fécamp,18016,269,18285.0
201900014636,20,11,2019,11:50,1,76.0,76217,2,1,1.0,7.0,CHANZY (GENERAL),"49,9131100","1,0822100",,76.076217,76217,Seine-Maritime,28.0,Normandie,30.0,3.0,2.0,2,1.0,28,Normandie,76,1,95,Dieppe,28358,455,28813.0
201900014856,9,12,2019,08:45,4,76.0,76231,2,1,2.0,6.0,SOLFERINO. RUE DE,"49,2897930","1,0110784",,76.076231,76231,Seine-Maritime,28.0,Normandie,50.0,4.0,2.0,2,2.0,28,Normandie,76,3,9,Elbeuf,15951,138,16089.0
201900014857,13,12,2019,12:10,1,76.0,76575,2,2,1.0,7.0,LENINE. BOULEVARD,"49,3811559","1,1096569",,76.076575,76575,Seine-Maritime,28.0,Normandie,70.0,3.0,3.0,2,2.0,28,Normandie,76,3,98,Saint-Étienne-du-Rouvray,28508,225,28733.0
201900014858,28,12,2019,07:50,2,76.0,76481,2,1,1.0,6.0,RD 940,"49,5780900","0,1221500",,76.076481,76481,Seine-Maritime,28.0,Normandie,50.0,3.0,2.0,2,1.0,28,Normandie,76,2,26,Octeville-sur-Mer,6122,119,6241.0
201900014935,31,12,2019,11:00,1,76.0,76483,1,1,1.0,6.0,Route du Manoir,"49,7209860","0,6834930",,76.076483,76483,Seine-Maritime,28.0,Normandie,80.0,3.0,2.0,2,2.0,28,Normandie,76,1,33,OhervilLe229,2,231,
201900015033,18,3,2019,15:00,1,76.0,76711,2,9,1.0,3.0,quai Cadi Sarnot,"50,0599390","1,3759870",,76.076711,76711,Seine-Maritime,28.0,Normandie,50.0,4.0,2.0,2,1.0,28,Normandie,76,1,10,LeTréport,4424,91,4515.0
201900015143,17,3,2019,10:45,1,76.0,76260,1,1,8.0,1.0,D930 - Route de Gerberoy,"49,4879730","1,7510790",,76.076260,76260,Seine-Maritime,28.0,Normandie,80.0,3.0,2.0,2,1.0,28,Normandie,76,1,12,Ferrières-en-Bray,1675,15,1690.0
201900015144,18,3,2019,07:35,1,76.0,76648,2,7,1.0,7.0,place maintenon,"49,6728170","1,2832690",,76.076648,76648,Seine-Maritime,28.0,Normandie,50.0,3.0,-1.0,2,2.0,28,Normandie,76,1,23,Saint-Saëns,2317,20,2337.0
201900015237,7,9,2019,11:15,1,76.0,76610,2,1,1.0,3.0,1307 Rue du Mont Asselin,"49,6184900","0,7876950",,76.076610,76610,Seine-Maritime,28.0,Normandie,50.0,4.0,2.0,2,1.0,28,Normandie,76,3,35,Sainte-Marie-des-Champs,1579,13,1592.0
201900015252,12,9,2019,09:09,1,76.0,76351,2,1,1.0,6.0,BOIS AU COQ (AVENUE),"49,5115500","0,1276800",,76.076351,76351,Seine-Maritime,28.0,Normandie,50.0,4.0,3.0,4,2.0,28,Normandie,76,2,96,LeHavre,166058,1780,167838.0
201900015546,13,10,2019,09:30,1,76.0,76351,2,3,1.0,6.0,VALLEE (RUE DE LA),"49,4977200","0,1596500",,76.076351,76351,Seine-Maritime,28.0,Normandie,50.0,7.0,2.0,2,1.0,28,Normandie,76,2,96,LeHavre,166058,1780,167838.0
201900015547,12,10,2019,17:04,1,76.0,76351,2,2,1.0,3.0,MARC BLOCH,"49,5190800","0,1198200",,76.076351,76351,Seine-Maritime,28.0,Normandie,50.0,4.0,2.0,2,1.0,28,Normandie,76,2,96,LeHavre,166058,1780,167838.0
201900015713,26,4,2019,23:25,3,76.0,76488,1,2,2.0,1.0,CD 925,"49,7842940","0,6097860",,76.076488,76488,Seine-Maritime,28.0,Normandie,80.0,3.0,2.0,2,2.0,28,Normandie,76,1,33,OuainvilLe527,12,539,
201900015714,26,4,2019,10:40,1,76.0,76594,1,1,1.0,1.0,Route Départementale 90,"49,5106000","1,0203000",,76.076594,76594,Seine-Maritime,28.0,Normandie,80.0,3.0,2.0,2,1.0,28,Normandie,76,3,24,Saint-Jean-du-Cardonnay,1340,27,1367.0
201900015715,19,4,2019,17:40,1,76.0,76067,1,1,1.0,1.0,RN31,"49,4658740","1,6282120",,76.076067,76067,Seine-Maritime,28.0,Normandie,80.0,2.0,2.0,2,1.0,28,Normandie,76,1,12,Beauvoir-en-Lyons,598,15,613.0
201900015716,20,4,2019,14:00,1,76.0,76070,1,1,1.0,7.0,Route d'Auffay,"49,7112450","1,2041670",,76.076070,76070,Seine-Maritime,28.0,Normandie,80.0,3.0,2.0,2,1.0,28,Normandie,76,1,23,Bellencombre,588,11,599.0
201900015717,29,4,2019,18:55,2,76.0,76452,2,4,1.0,6.0,,"49,5475960","1,0742920",,76.076452,76452,Seine-Maritime,28.0,Normandie,50.0,3.0,2.0,2,1.0,28,Normandie,76,3,2,MontvilLe4595,51,4646,
201900015718,23,4,2019,18:05,1,76.0,76517,1,2,1.0,3.0,4779 route de neufchatel,"49,5350360","1,2121250",,76.076517,76517,Seine-Maritime,28.0,Normandie,80.0,3.0,2.0,2,1.0,28,Normandie,76,3,2,Quincampoix,3110,68,3178.0
201900015719,23,4,2019,10:00,1,76.0,76177,1,1,1.0,2.0,route de cailly,"49,5961460","1,1982420",,76.076177,76177,Seine-Maritime,28.0,Normandie,80.0,3.0,2.0,2,1.0,28,Normandie,76,3,2,Claville-MottevilLe267,6,273,
201900015987,6,8,2019,19:00,1,76.0,76493,1,3,1.0,7.0,Route départementale 79 76460 PALUEL,"49,8506950","0,6455770",,76.076493,76493,Seine-Maritime,28.0,Normandie,80.0,3.0,2.0,2,1.0,28,Normandie,76,1,33,Paluel,395,12,407.0
201900015988,6,8,2019,09:50,1,76.0,76752,2,1,1.0,6.0,Rue Jacques Ferny,"49,6683930","0,8976150",,76.076752,76752,Seine-Maritime,28.0,Normandie,50.0,3.0,2.0,2,1.0,28,Normandie,76,3,35,YervilLe2584,29,2613,
201900015989,24,7,2019,19:41,1,76.0,76531,1,2,1.0,3.0,Route des Forrières,"49,6710540","0,7184480",,76.076531,76531,Seine-Maritime,28.0,Normandie,80.0,3.0,2.0,2,1.0,28,Normandie,76,3,33,Rocquefort,326,8,334.0
201900016114,4,7,2019,16:45,1,76.0,76054,1,1,1.0,1.0,RD149,"49,9104830","1,3182550",,76.076054,76054,Seine-Maritime,28.0,Normandie,70.0,3.0,2.0,2,1.0,28,Normandie,76,1,8,Bailly-en-Rivière,518,10,528.0
201900016215,1,7,2019,18:51,1,76.0,76351,2,2,1.0,6.0,DEMIDOFF (RUE),"49,4975300","0,1340900",,76.076351,76351,Seine-Maritime,28.0,Normandie,50.0,4.0,2.0,4,1.0,28,Normandie,76,2,96,LeHavre,166058,1780,167838.0
201900016216,2,7,2019,00:35,5,76.0,76481,2,3,1.0,6.0, FELIX FAURE (RUE ),"49,5550616","0,1161328",,76.076481,76481,Seine-Maritime,28.0,Normandie,50.0,4.0,2.0,2,1.0,28,Normandie,76,2,26,Octeville-sur-Mer,6122,119,6241.0