Num_Acc,jour,mois,an,hrmn,lum,dep,com,agg,int,atm,col,adr,lat,long,gps,com_insee_temp,com_insee,departmentName,regionCode,regionName,vma,catr,circ,nbv,surf,Code,Region,Departement,Arrondissement,Code_Canton,Nom_Commune,Population_municipaLe,Population_comptee_a_part,Population_Totale
201900016217,29,6,2019,23:10,5,76.0,76351,2,1,1.0,6.0,HUIT MAI 1945 (AVENUE DU),"49,5166200","0,1680500",,76.076351,76351,Seine-Maritime,28.0,Normandie,50.0,4.0,3.0,2,1.0,28,Normandie,76,2,96,LeHavre,166058,1780,167838.0
201900016218,29,6,2019,09:05,1,76.0,76341,1,1,1.0,6.0,RD 6382,"49,5243600","0,1819900",,76.076341,76341,Seine-Maritime,28.0,Normandie,70.0,3.0,3.0,4,1.0,28,Normandie,76,2,15,Harfleur,8315,53,8368.0
201900016219,30,6,2019,00:15,5,76.0,76351,2,2,1.0,2.0,VERDUN (RUE DE),"49,5022600","0,1602600",,76.076351,76351,Seine-Maritime,28.0,Normandie,50.0,3.0,2.0,4,1.0,28,Normandie,76,2,96,LeHavre,166058,1780,167838.0
201900016266,14,1,2019,06:50,5,76.0,76322,2,3,1.0,3.0,BROSSOLETTE. BOULEVARD PIERRE,"49,4174800","1,0348900",,76.076322,76322,Seine-Maritime,28.0,Normandie,50.0,4.0,2.0,2,1.0,28,Normandie,76,3,13,LeGrand-Quevilly,25975,225,26200.0
201900016426,16,11,2019,19:55,3,76.0,76305,2,9,1.0,3.0,RD 6015,"49,5160300","0,2386900",,76.076305,76305,Seine-Maritime,28.0,Normandie,50.0,3.0,2.0,2,1.0,28,Normandie,76,2,16,Gonfreville-l'Orcher,8961,44,9005.0
201900016661,30,12,2019,16:45,1,76.0,76421,1,1,1.0,3.0,D81,"49,5302940","0,4682290",,76.076421,76421,Seine-Maritime,28.0,Normandie,80.0,3.0,2.0,2,1.0,28,Normandie,76,2,3,Mélamare,928,14,942.0
201900016709,27,12,2019,18:00,5,76.0,76429,2,1,1.0,6.0,DUPRE. RUE MARCEL,"49,4047000","1,1486800",,76.076429,76429,Seine-Maritime,28.0,Normandie,30.0,4.0,2.0,2,1.0,28,Normandie,76,3,21,LeMesnil-Esnard,7980,353,8333.0
201900016913,14,3,2019,08:10,1,76.0,76681,2,1,3.0,7.0,GARIBALDI. RUE,"49,4186000","1,0911000",,76.076681,76681,Seine-Maritime,28.0,Normandie,50.0,4.0,3.0,1,2.0,28,Normandie,76,3,99,Sotteville-lès-Rouen,28965,475,29440.0
201900016914,14,3,2019,07:30,2,76.0,76451,2,1,3.0,7.0,MONT AUX MALADES. AVENUE DU,"49,4575200","1,0827100",,76.076451,76451,Seine-Maritime,28.0,Normandie,50.0,4.0,3.0,2,2.0,28,Normandie,76,3,22,Mont-Saint-Aignan,20066,415,20481.0
201900016915,13,3,2019,14:30,1,76.0,76498,2,3,1.0,6.0,PREVERT. AVENUE JACQUES,"49,4279200","1,0629000",,76.076498,76498,Seine-Maritime,28.0,Normandie,50.0,4.0,2.0,1,1.0,28,Normandie,76,3,27,LePetit-Quevilly,21782,274,22056.0
201900016916,13,3,2019,15:00,1,76.0,76681,2,1,1.0,2.0,CITE THUILLIER. RUE,"49,4073500","1,0998400",,76.076681,76681,Seine-Maritime,28.0,Normandie,30.0,5.0,-1.0,1,1.0,28,Normandie,76,3,99,Sotteville-lès-Rouen,28965,475,29440.0
201900016917,13,3,2019,10:00,1,76.0,76351,2,2,1.0,7.0,BERNARDIN DE SAINT PIERRE,"49,4900000","0,1053000",,76.076351,76351,Seine-Maritime,28.0,Normandie,50.0,4.0,2.0,2,2.0,28,Normandie,76,2,96,LeHavre,166058,1780,167838.0
201900016955,29,1,2019,21:00,5,76.0,76540,2,1,1.0,6.0,LA FAYETTE. RUE,"49,4327200","1,0897200",,76.076540,76540,Seine-Maritime,28.0,Normandie,50.0,4.0,2.0,2,2.0,28,Normandie,76,3,97,Rouen,114083,1556,115639.0
201900016956,31,1,2019,20:15,5,76.0,76351,2,3,4.0,6.0,FORTINS (DES),"49,5141900","0,1576700",,76.076351,76351,Seine-Maritime,28.0,Normandie,50.0,4.0,2.0,2,5.0,28,Normandie,76,2,96,LeHavre,166058,1780,167838.0
201900016957,30,1,2019,18:00,2,76.0,76341,2,1,1.0,2.0,OUDALLE (ROUTE D'),"49,5034500","0,2064100",,76.076341,76341,Seine-Maritime,28.0,Normandie,50.0,3.0,2.0,2,1.0,28,Normandie,76,2,15,Harfleur,8315,53,8368.0
201900016958,1,2,2019,18:30,5,76.0,76217,2,1,1.0,6.0,GRANDE RUE DU POLLET,"49,9274000","1,0871700",,76.076217,76217,Seine-Maritime,28.0,Normandie,50.0,3.0,2.0,2,1.0,28,Normandie,76,1,95,Dieppe,28358,455,28813.0
201900017222,10,9,2019,21:15,5,76.0,76351,2,2,1.0,7.0,ACACIAS (DES),"49,5091700","0,1409100",,76.076351,76351,Seine-Maritime,28.0,Normandie,50.0,4.0,2.0,2,1.0,28,Normandie,76,2,96,LeHavre,166058,1780,167838.0
201900017261,10,9,2019,08:31,1,76.0,76402,2,1,1.0,2.0,PELLERIN. RUE GEORGES,"49,5281600","1,0390700",,76.076402,76402,Seine-Maritime,28.0,Normandie,50.0,3.0,2.0,2,1.0,28,Normandie,76,3,24,Malaunay,6143,49,6192.0
201900017262,11,9,2019,00:05,5,76.0,76351,2,6,1.0,3.0,ROUGET DE LISLE (AVENUE) ,"49,5055700","0,1429300",,76.076351,76351,Seine-Maritime,28.0,Normandie,50.0,4.0,2.0,2,1.0,28,Normandie,76,2,96,LeHavre,166058,1780,167838.0
201900017263,10,9,2019,10:20,1,76.0,76351,2,2,1.0,6.0,FREDERIC BELLANGER,"49,4956000","0,0966800",,76.076351,76351,Seine-Maritime,28.0,Normandie,50.0,4.0,2.0,2,1.0,28,Normandie,76,2,96,LeHavre,166058,1780,167838.0
201900017554,21,4,2019,15:45,1,76.0,76305,1,1,1.0,7.0,AUTOROUTE A131- PK 31+200,"49,4952094","0,2477694",,76.076305,76305,Seine-Maritime,28.0,Normandie,130.0,1.0,3.0,4,1.0,28,Normandie,76,2,16,Gonfreville-l'Orcher,8961,44,9005.0
201900017775,2,8,2019,08:05,1,76.0,76319,1,1,1.0,3.0,CD 13,"49,3677300","1,0148200",,76.076319,76319,Seine-Maritime,28.0,Normandie,70.0,3.0,2.0,2,1.0,28,Normandie,76,3,9,Grand-Couronne,9726,177,9903.0
201900017776,1,8,2019,22:15,2,76.0,76540,1,1,1.0,5.0,ROCADE Nord-Est,"49,4389400","1,1150500",,76.076540,76540,Seine-Maritime,28.0,Normandie,70.0,2.0,3.0,4,1.0,28,Normandie,76,3,97,Rouen,114083,1556,115639.0
201900017777,31,7,2019,15:25,1,76.0,76351,2,1,1.0,2.0,ARISTIDE BRIAND,"49,5002500","0,1355700",,76.076351,76351,Seine-Maritime,28.0,Normandie,50.0,3.0,2.0,2,1.0,28,Normandie,76,2,96,LeHavre,166058,1780,167838.0
201900017778,30,7,2019,15:30,1,76.0,76351,2,1,1.0,6.0,ARISTIDE BRIAND,"49,5003300","0,1354000",,76.076351,76351,Seine-Maritime,28.0,Normandie,50.0,3.0,2.0,2,1.0,28,Normandie,76,2,96,LeHavre,166058,1780,167838.0
201900017779,3,8,2019,14:25,1,76.0,76217,2,1,1.0,2.0,DUQUESNE (QUAI),"49,9255300","1,0803400",,76.076217,76217,Seine-Maritime,28.0,Normandie,30.0,4.0,2.0,3,1.0,28,Normandie,76,1,95,Dieppe,28358,455,28813.0
201900017926,3,7,2019,18:30,1,76.0,76196,2,3,1.0,3.0,Route de Vergetot,"49,6410000","0,2670000",,76.076196,76196,Seine-Maritime,28.0,Normandie,50.0,3.0,2.0,2,1.0,28,Normandie,76,2,26,Criquetot-l'Esneval,2567,82,2649.0
201900017927,3,7,2019,10:25,1,76.0,76593,1,1,7.0,6.0,Route du Petit Bec,"49,5802550","0,4416380",,76.076593,76593,Seine-Maritime,28.0,Normandie,80.0,4.0,2.0,2,1.0,28,Normandie,76,2,3,Saint-Jean-de-la-NeuvilLe662,12,674,
201900017973,2,7,2019,07:05,1,76.0,76743,2,3,7.0,3.0,Route de Duclair,"49,5290612","0,9345619",,76.076743,76743,Seine-Maritime,28.0,Normandie,30.0,3.0,2.0,2,1.0,28,Normandie,76,3,1,Villers-ÉcalLes1734,12,1746,
201900018233,16,11,2019,22:30,5,76.0,76351,2,2,1.0,3.0,REPUBLIQUE (COURS DE LA),"49,4997400","0,1299200",,76.076351,76351,Seine-Maritime,28.0,Normandie,50.0,4.0,2.0,4,1.0,28,Normandie,76,2,96,LeHavre,166058,1780,167838.0
201900018234,15,11,2019,15:45,1,76.0,76447,2,3,1.0,6.0,PRESIDENT WILSON,"49,5430000","0,1819000",,76.076447,76447,Seine-Maritime,28.0,Normandie,50.0,3.0,2.0,3,3.0,28,Normandie,76,2,15,Montivilliers,15457,203,15660.0
201900018235,17,11,2019,05:00,5,76.0,76351,1,1,1.0,6.0,CHRISTOPHE COLOMB (AVENUE),"49,4810000","0,1506000",,76.076351,76351,Seine-Maritime,28.0,Normandie,70.0,4.0,3.0,4,1.0,28,Normandie,76,2,96,LeHavre,166058,1780,167838.0
201900018236,17,11,2019,10:25,1,76.0,76447,1,1,1.0,6.0,RD 489,"49,5337400","0,1889300",,76.076447,76447,Seine-Maritime,28.0,Normandie,70.0,3.0,3.0,4,1.0,28,Normandie,76,2,15,Montivilliers,15457,203,15660.0
201900018338,18,11,2019,17:30,5,76.0,76255,2,3,1.0,6.0,Boulevard Faidherbe,"50,0508900","1,4229570",,76.076255,76255,Seine-Maritime,28.0,Normandie,50.0,3.0,2.0,2,1.0,28,Normandie,76,1,10,Eu,6591,197,6788.0
201900018637,26,12,2019,20:30,5,76.0,76231,2,1,2.0,6.0,GARE. RUE DE LA,"49,2814200","1,0072600",,76.076231,76231,Seine-Maritime,28.0,Normandie,50.0,4.0,2.0,2,2.0,28,Normandie,76,3,9,Elbeuf,15951,138,16089.0
201900018730,28,12,2019,10:50,1,76.0,76169,1,1,1.0,3.0,A 131 . PK 017.500,"49,4886460","0,4300120",,76.076169,76169,Seine-Maritime,28.0,Normandie,130.0,1.0,3.0,4,1.0,28,Normandie,76,2,32,La Cerlangue,1297,116,1413.0
201900019108,7,9,2019,07:20,1,76.0,76351,2,1,1.0,6.0,DOCTEUR PIASCEKI,"49,4944900","0,1422300",,76.076351,76351,Seine-Maritime,28.0,Normandie,50.0,4.0,2.0,2,2.0,28,Normandie,76,2,96,LeHavre,166058,1780,167838.0
201900019170,12,10,2019,22:16,5,76.0,76259,2,1,9.0,7.0,COUTURIER ( RUE GUSTAVE),"49,7538600","0,3851400",,76.076259,76259,Seine-Maritime,28.0,Normandie,50.0,4.0,2.0,2,1.0,28,Normandie,76,2,11,Fécamp,18016,269,18285.0
201900019420,25,4,2019,05:50,3,76.0,76295,1,3,3.0,1.0,D156,"49,6266449","1,6267943",,76.076295,76295,Seine-Maritime,28.0,Normandie,80.0,3.0,2.0,2,2.0,28,Normandie,76,1,12,Gaillefontaine,1183,13,1196.0
201900019421,24,4,2019,08:10,1,76.0,76276,2,1,2.0,7.0,20 Rue du Chant des Oiseaux,"49,6098170","1,5478010",,76.076276,76276,Seine-Maritime,28.0,Normandie,50.0,4.0,2.0,2,2.0,28,Normandie,76,1,12,Forges-les-Eaux,3702,157,3859.0
201900019512,29,6,2019,20:10,1,76.0,76351,2,1,1.0,6.0,GEORGES BRAQUE (RUE),"49,4952100","0,1038900",,76.076351,76351,Seine-Maritime,28.0,Normandie,50.0,4.0,2.0,4,1.0,28,Normandie,76,2,96,LeHavre,166058,1780,167838.0
201900019857,3,8,2019,10:30,1,76.0,76123,1,1,1.0,7.0,Route de Dieppe,"49,5401610","1,1483530",,76.076123,76123,Seine-Maritime,28.0,Normandie,80.0,3.0,2.0,2,1.0,28,Normandie,76,3,2,Bosc-Guérard-Saint-Adrien,1070,30,1100.0
201900020710,19,1,2019,07:00,5,76.0,76484,1,6,1.0,6.0,CD 18E,"49,3461300","1,0772100",,76.076484,76484,Seine-Maritime,28.0,Normandie,90.0,3.0,3.0,0,1.0,28,Normandie,76,3,31,Oissel,12367,83,12450.0
201900020758,27,1,2019,03:30,5,76.0,76640,2,1,1.0,7.0,LOUVIERS. RUE DE,"49,2710400","1,0422200",,76.076640,76640,Seine-Maritime,28.0,Normandie,50.0,3.0,-1.0,2,1.0,28,Normandie,76,3,5,Saint-Pierre-lès-Elbeuf,8285,87,8372.0
201900020759,23,1,2019,16:53,2,76.0,76178,2,1,1.0,6.0,TOURVILLE. ROUTE DE (CD 7),"49,3064200","1,0267700",,76.076178,76178,Seine-Maritime,28.0,Normandie,50.0,3.0,2.0,4,1.0,28,Normandie,76,3,5,Cléon,4907,30,4937.0
201900020760,29,1,2019,12:20,1,76.0,76681,2,3,1.0,3.0,4 MARES. GRANDE RUE DE,"49,4037700","1,1033800",,76.076681,76681,Seine-Maritime,28.0,Normandie,50.0,3.0,2.0,2,1.0,28,Normandie,76,3,99,Sotteville-lès-Rouen,28965,475,29440.0
201900020761,29,1,2019,08:05,5,76.0,76540,2,1,1.0,7.0,DUPUIS. RUE ALBERT,"49,4542400","1,1275100",,76.076540,76540,Seine-Maritime,28.0,Normandie,50.0,4.0,2.0,2,1.0,28,Normandie,76,3,97,Rouen,114083,1556,115639.0
201900020762,30,1,2019,02:20,5,76.0,76351,2,3,1.0,6.0,HOTEL DE VILLE (PLACE DE),"49,4923600","0,1092300",,76.076351,76351,Seine-Maritime,28.0,Normandie,50.0,4.0,1.0,2,2.0,28,Normandie,76,2,96,LeHavre,166058,1780,167838.0
201900020763,29,1,2019,11:40,1,76.0,76447,2,3,1.0,6.0,BONVOISIN,"49,5455600","0,1921700",,76.076447,76447,Seine-Maritime,28.0,Normandie,30.0,4.0,1.0,1,2.0,28,Normandie,76,2,15,Montivilliers,15457,203,15660.0
201900020764,29,1,2019,09:05,1,76.0,76351,2,2,2.0,1.0,CAVEE VERTE (RUE DE LA),"49,5021100","0,1034900",,76.076351,76351,Seine-Maritime,28.0,Normandie,50.0,3.0,2.0,2,2.0,28,Normandie,76,2,96,LeHavre,166058,1780,167838.0
201900020839,13,10,2019,05:34,3,76.0,76201,1,6,1.0,7.0,N31,"49,4553260","1,3905280",,76.076201,76201,Seine-Maritime,28.0,Normandie,30.0,2.0,-1.0,2,2.0,28,Normandie,76,1,12,Croisy-sur-AndelLe524,4,528,
201900021049,10,9,2019,22:20,3,76.0,76488,1,1,1.0,6.0,départemantale 71,"49,7821750","0,5944430",,76.076488,76488,Seine-Maritime,28.0,Normandie,80.0,3.0,2.0,2,1.0,28,Normandie,76,1,33,OuainvilLe527,12,539,
201900021119,6,9,2019,22:30,5,76.0,76540,2,1,1.0,6.0,BRETAGNE. AVENUE DE,"49,4314600","1,0821700",,76.076540,76540,Seine-Maritime,28.0,Normandie,50.0,3.0,3.0,4,1.0,28,Normandie,76,3,97,Rouen,114083,1556,115639.0
201900021120,8,9,2019,16:15,1,76.0,76329,1,1,1.0,1.0,FONTAINE MUREE,"49,5406500","0,5118700",,76.076329,76329,Seine-Maritime,28.0,Normandie,70.0,4.0,2.0,2,1.0,28,Normandie,76,2,3,Gruchet-le-Valasse,3074,39,3113.0
201900021233,16,4,2019,22:00,5,76.0,76351,2,9,1.0,2.0,REPUBLIQUE (COURS DE LA),"49,5010200","0,1304000",,76.076351,76351,Seine-Maritime,28.0,Normandie,50.0,4.0,2.0,5,1.0,28,Normandie,76,2,96,LeHavre,166058,1780,167838.0
201900021396,1,7,2019,11:40,1,76.0,76197,1,1,1.0,6.0,RD 149,"49,7811910","1,0699890",,76.076197,76197,Seine-Maritime,28.0,Normandie,70.0,3.0,2.0,2,1.0,28,Normandie,76,1,20,Criquetot-sur-LonguevilLe217,2,219,
201900021490,2,6,2019,17:50,1,76.0,76351,2,1,1.0,3.0,DEMIDOFF (RUE),"49,4974400","0,1327500",,76.076351,76351,Seine-Maritime,28.0,Normandie,50.0,4.0,2.0,4,1.0,28,Normandie,76,2,96,LeHavre,166058,1780,167838.0
201900021585,1,8,2019,19:30,1,76.0,76319,1,1,1.0,3.0,A13,"49,3388070","1,0148650",,76.076319,76319,Seine-Maritime,28.0,Normandie,130.0,1.0,3.0,4,1.0,28,Normandie,76,3,9,Grand-Couronne,9726,177,9903.0
201900021639,3,8,2019,09:20,1,76.0,76057,2,2,1.0,6.0,54 rue Louis LESEIGNEUR,"49,5440070","0,9550686",,76.076057,76057,Seine-Maritime,28.0,Normandie,50.0,3.0,2.0,2,1.0,28,Normandie,76,3,1,Barentin,12154,238,12392.0
201900021671,25,6,2019,18:20,1,76.0,76575,2,1,1.0,3.0,DULLIN. RUE CHARLES,"49,3978100","1,0683700",,76.076575,76575,Seine-Maritime,28.0,Normandie,50.0,4.0,2.0,2,1.0,28,Normandie,76,3,98,Saint-Étienne-du-Rouvray,28508,225,28733.0
201900021672,24,6,2019,10:20,1,76.0,76575,2,1,1.0,1.0,CANADIENS. AVENUE DES,"49,4051100","1,0676300",,76.076575,76575,Seine-Maritime,28.0,Normandie,50.0,3.0,2.0,2,1.0,28,Normandie,76,3,98,Saint-Étienne-du-Rouvray,28508,225,28733.0
201900021955,13,3,2019,14:50,1,76.0,76557,1,1,6.0,6.0,cote de saint arnoult,"49,5277530","0,7161090",,76.076557,76557,Seine-Maritime,28.0,Normandie,80.0,3.0,2.0,2,1.0,28,Normandie,76,3,25,Saint-Arnoult,1453,23,1476.0
201900021970,8,3,2019,06:30,2,76.0,76351,2,2,1.0,3.0,LOUIS LUMIERE,"49,5240992","0,1229688",,76.076351,76351,Seine-Maritime,28.0,Normandie,50.0,3.0,2.0,3,2.0,28,Normandie,76,2,96,LeHavre,166058,1780,167838.0
201900022005,11,3,2019,21:50,5,76.0,76351,2,4,1.0,3.0,PASTEUR,"49,5030100","0,1306100",,76.076351,76351,Seine-Maritime,28.0,Normandie,50.0,4.0,2.0,2,1.0,28,Normandie,76,2,96,LeHavre,166058,1780,167838.0
201900022007,9,3,2019,17:50,1,76.0,76447,2,1,1.0,1.0,HENRI MATISSE,"49,5505000","0,1748000",,76.076447,76447,Seine-Maritime,28.0,Normandie,50.0,4.0,2.0,2,1.0,28,Normandie,76,2,15,Montivilliers,15457,203,15660.0
201900022009,10,3,2019,08:55,1,76.0,76351,2,3,1.0,6.0,LESUEUR (RUE),"49,4947000","0,1226900",,76.076351,76351,Seine-Maritime,28.0,Normandie,50.0,4.0,2.0,2,2.0,28,Normandie,76,2,96,LeHavre,166058,1780,167838.0
201900022065,14,11,2019,07:45,2,76.0,76681,2,1,1.0,2.0,ELUARD. RUE PAUL,"49,4032800","1,0989100",,76.076681,76681,Seine-Maritime,28.0,Normandie,50.0,4.0,2.0,2,1.0,28,Normandie,76,3,99,Sotteville-lès-Rouen,28965,475,29440.0
201900022066,14,11,2019,16:45,1,76.0,76351,2,2,1.0,6.0,GEORGES POMPIDOU (CHAUSSEE),"49,4906000","0,1166200",,76.076351,76351,Seine-Maritime,28.0,Normandie,50.0,4.0,1.0,5,1.0,28,Normandie,76,2,96,LeHavre,166058,1780,167838.0
201900022265,23,12,2019,18:40,5,76.0,76705,2,1,1.0,7.0,PICARD. AVENUE GUSTAVE,"49,3309792","1,0976101",,76.076705,76705,Seine-Maritime,28.0,Normandie,50.0,4.0,2.0,2,1.0,28,Normandie,76,3,5,Tourville-la-Rivière,2568,19,2587.0
201900022523,30,1,2019,09:15,1,76.0,76452,2,1,1.0,7.0,47 rue Baron Bigot,"49,5456865","1,0784094",,76.076452,76452,Seine-Maritime,28.0,Normandie,50.0,3.0,2.0,2,5.0,28,Normandie,76,3,2,MontvilLe4595,51,4646,
201900022651,10,10,2019,08:10,1,76.0,76103,2,3,2.0,3.0,RN 14 (ROUTE NEUVE),"49,4167300","1,1314600",,76.076103,76103,Seine-Maritime,28.0,Normandie,50.0,3.0,2.0,2,2.0,28,Normandie,76,3,6,Bonsecours,6455,95,6550.0
201900022652,3,10,2019,17:40,1,76.0,76705,1,1,1.0,2.0,CD 7,"49,3173900","1,0690200",,76.076705,76705,Seine-Maritime,28.0,Normandie,80.0,3.0,3.0,4,1.0,28,Normandie,76,3,5,Tourville-la-Rivière,2568,19,2587.0
201900022653,7,10,2019,16:50,1,76.0,76486,2,1,1.0,2.0,CD 132,"49,3087400","0,9949900",,76.076486,76486,Seine-Maritime,28.0,Normandie,50.0,4.0,2.0,2,1.0,28,Normandie,76,3,9,Orival,860,5,865.0
201900022860,10,9,2019,12:15,1,76.0,76057,2,1,1.0,1.0,Rue du 11 Novembre,"49,5343290","0,9583070",,76.076057,76057,Seine-Maritime,28.0,Normandie,50.0,4.0,2.0,2,1.0,28,Normandie,76,3,1,Barentin,12154,238,12392.0
201900022861,10,8,2019,11:45,1,76.0,76065,1,3,1.0,1.0,Rue de Bernimont,"49,6771000","1,5683000",,76.076065,76065,Seine-Maritime,28.0,Normandie,80.0,3.0,2.0,2,1.0,28,Normandie,76,1,12,Beaussault,412,4,416.0
201900023206,28,6,2019,16:45,1,76.0,76540,1,1,1.0,2.0,MATHILDE. PONT,"49,4314200","1,1029200",,76.076540,76540,Seine-Maritime,28.0,Normandie,50.0,3.0,3.0,6,1.0,28,Normandie,76,3,97,Rouen,114083,1556,115639.0
201900023207,13,6,2019,08:10,1,76.0,76322,2,1,1.0,4.0,LECLERC. AVENUE DU MARECHAL (CD 3),"49,4178500","1,0479400",,76.076322,76322,Seine-Maritime,28.0,Normandie,50.0,3.0,1.0,2,1.0,28,Normandie,76,3,13,LeGrand-Quevilly,25975,225,26200.0
201900023208,26,6,2019,09:52,1,76.0,76540,1,6,1.0,7.0,MADAGASCAR. RUE DE,"49,4376100","1,0671500",,76.076540,76540,Seine-Maritime,28.0,Normandie,50.0,2.0,3.0,5,1.0,28,Normandie,76,3,97,Rouen,114083,1556,115639.0
201900023209,28,6,2019,11:20,1,76.0,76305,2,3,1.0,3.0,Jacques EBERHARD (Avenue),"49,5044300","0,2338200",,76.076305,76305,Seine-Maritime,28.0,Normandie,50.0,4.0,2.0,2,1.0,28,Normandie,76,2,16,Gonfreville-l'Orcher,8961,44,9005.0
201900023210,26,6,2019,10:50,1,76.0,76351,2,3,1.0,6.0,NOTRE DAME (QUAI),"49,4873800","0,1106600",,76.076351,76351,Seine-Maritime,28.0,Normandie,50.0,4.0,2.0,2,1.0,28,Normandie,76,2,96,LeHavre,166058,1780,167838.0
201900023283,29,7,2019,13:20,1,76.0,76259,2,1,1.0,6.0,DE GAULLE ( PLACE CHARLES),"49,7575000","0,3763300",,76.076259,76259,Seine-Maritime,28.0,Normandie,50.0,3.0,2.0,2,1.0,28,Normandie,76,2,11,Fécamp,18016,269,18285.0
201900023346,1,8,2019,07:40,1,76.0,76735,1,2,1.0,3.0,D925,"49,8640860","0,7710190",,76.076735,76735,Seine-Maritime,28.0,Normandie,80.0,3.0,2.0,2,1.0,28,Normandie,76,1,33,Veules-les-Roses,520,13,533.0
201900023347,1,8,2019,01:00,3,76.0,76126,1,1,1.0,7.0,RD 928,"49,6657613","1,3349230",,76.076126,76126,Seine-Maritime,28.0,Normandie,50.0,3.0,2.0,2,9.0,28,Normandie,76,1,23,Bosc-Mesnil,325,5,330.0
201900023382,31,7,2019,16:30,1,76.0,76608,1,3,1.0,1.0,route du hamel,"49,5140320","0,8228610",,76.076608,76608,Seine-Maritime,28.0,Normandie,70.0,3.0,2.0,2,1.0,28,Normandie,76,3,1,Sainte-Marguerite-sur-Duclair,2032,32,2064.0
201900023448,28,7,2019,20:40,1,76.0,76540,2,1,1.0,2.0,EUROPE. BOULEVARD DE L',"49,4341400","1,0772000",,76.076540,76540,Seine-Maritime,28.0,Normandie,50.0,4.0,2.0,2,1.0,28,Normandie,76,3,97,Rouen,114083,1556,115639.0
201900023449,27,7,2019,11:40,1,76.0,76108,2,2,1.0,3.0,JUIN. AVENUE DU MARECHAL,"49,4639590","1,1160900",,76.076108,76108,Seine-Maritime,28.0,Normandie,50.0,3.0,2.0,3,1.0,28,Normandie,76,3,2,Bois-Guillaume,14262,361,14623.0
201900023450,26,7,2019,23:45,5,76.0,76108,1,1,1.0,7.0,BRETEQUE. CHEMIN DE LA,"49,4731900","1,1126800",,76.076108,76108,Seine-Maritime,28.0,Normandie,50.0,3.0,2.0,2,1.0,28,Normandie,76,3,2,Bois-Guillaume,14262,361,14623.0
201900023451,23,7,2019,07:18,1,76.0,76305,1,1,1.0,7.0,RD 6015,"49,5127800","0,2132000",,76.076305,76305,Seine-Maritime,28.0,Normandie,70.0,3.0,3.0,4,1.0,28,Normandie,76,2,16,Gonfreville-l'Orcher,8961,44,9005.0
201900023471,24,5,2019,21:40,3,76.0,76484,2,1,1.0,7.0,CURIE. RUE PIERRE,"49,3491000","1,0878700",,76.076484,76484,Seine-Maritime,28.0,Normandie,50.0,4.0,2.0,2,1.0,28,Normandie,76,3,31,Oissel,12367,83,12450.0
201900023472,24,5,2019,20:40,1,76.0,76540,2,1,1.0,7.0,GRAND MARE. AVENUE DE LA,"49,4608100","1,1328900",,76.076540,76540,Seine-Maritime,28.0,Normandie,50.0,4.0,2.0,2,1.0,28,Normandie,76,3,97,Rouen,114083,1556,115639.0
201900023473,18,5,2019,06:10,5,76.0,76540,1,1,1.0,7.0,LYONS LA FORET. ROUTE DE,"49,4368300","1,1280100",,76.076540,76540,Seine-Maritime,28.0,Normandie,50.0,2.0,2.0,2,1.0,28,Normandie,76,3,97,Rouen,114083,1556,115639.0
201900023474,16,5,2019,16:36,1,76.0,76540,2,1,1.0,6.0,MATHILDE. PONT,"49,4352500","1,1062600",,76.076540,76540,Seine-Maritime,28.0,Normandie,70.0,2.0,3.0,4,1.0,28,Normandie,76,3,97,Rouen,114083,1556,115639.0
201900023475,17,5,2019,00:25,3,76.0,76391,1,1,1.0,7.0,ROUTE FORESTIERE DE LA LOUVETERIE,"49,3329526","0,9178144",,76.076391,76391,Seine-Maritime,28.0,Normandie,80.0,3.0,2.0,2,1.0,28,Normandie,76,3,9,La Londe,2362,71,2433.0
201900023476,15,5,2019,19:45,1,76.0,76474,2,2,1.0,3.0,DIEPPE. ROUTE DE (RN 27),"49,4917400","1,0489000",,76.076474,76474,Seine-Maritime,28.0,Normandie,50.0,2.0,2.0,2,1.0,28,Normandie,76,3,24,Notre-Dame-de-BondevilLe6957,82,7039,
201900023477,11,5,2019,02:00,5,76.0,76231,2,1,1.0,3.0,MOULIN SAINT ETIENNE. RUE DU,"49,2920700","0,9996500",,76.076231,76231,Seine-Maritime,28.0,Normandie,50.0,4.0,2.0,2,1.0,28,Normandie,76,3,9,Elbeuf,15951,138,16089.0
201900023478,3,5,2019,18:00,1,76.0,76575,2,1,1.0,6.0,VAL L'ABBE. RUE DU,"49,3807200","1,1004900",,76.076575,76575,Seine-Maritime,28.0,Normandie,50.0,3.0,2.0,2,1.0,28,Normandie,76,3,98,Saint-Étienne-du-Rouvray,28508,225,28733.0
201900023479,23,4,2019,17:00,1,76.0,76575,2,1,1.0,6.0,RUE JULIAN GRIMAU,"49,3893400","1,0921200",,76.076575,76575,Seine-Maritime,28.0,Normandie,50.0,4.0,-1.0,2,1.0,28,Normandie,76,3,98,Saint-Étienne-du-Rouvray,28508,225,28733.0
201900023480,27,4,2019,16:30,1,76.0,76231,2,1,1.0,2.0,GAULLE. RUE DU GENERAL DE,"49,2856500","1,0112300",,76.076231,76231,Seine-Maritime,28.0,Normandie,50.0,3.0,2.0,2,1.0,28,Normandie,76,3,9,Elbeuf,15951,138,16089.0
201900023481,28,4,2019,08:19,1,76.0,76322,1,1,1.0,7.0,VOIE RAPIDE SUD 3 (RN 338),"49,4005800","1,0320700",,76.076322,76322,Seine-Maritime,28.0,Normandie,90.0,2.0,3.0,4,1.0,28,Normandie,76,3,13,LeGrand-Quevilly,25975,225,26200.0
201900023482,24,2,2019,15:50,1,76.0,76575,2,1,1.0,3.0,CROIZAT. AVENUE AMBROISE,"49,3741600","1,1027300",,76.076575,76575,Seine-Maritime,28.0,Normandie,50.0,3.0,2.0,2,1.0,28,Normandie,76,3,98,Saint-Étienne-du-Rouvray,28508,225,28733.0