Num_Acc,jour,mois,an,hrmn,lum,dep,com,agg,int,atm,col,adr,lat,long,gps,com_insee_temp,com_insee,departmentName,regionCode,regionName,vma,catr,circ,nbv,surf,Code,Region,Departement,Arrondissement,Code_Canton,Nom_Commune,Population_municipaLe,Population_comptee_a_part,Population_Totale
201900023483,6,3,2019,13:05,1,76.0,76561,2,1,1.0,1.0,VILLERS. AVENUE LOUIS,"49,3082100","1,0385700",,76.076561,76561,Seine-Maritime,28.0,Normandie,50.0,4.0,2.0,2,1.0,28,Normandie,76,3,5,Saint-Aubin-lès-Elbeuf,8428,75,8503.0
201900023484,15,5,2019,01:30,5,76.0,76108,2,1,1.0,7.0,CASSIOPEE (Avenue),"49,4744700","1,1308000",,76.076108,76108,Seine-Maritime,28.0,Normandie,50.0,4.0,2.0,2,1.0,28,Normandie,76,3,2,Bois-Guillaume,14262,361,14623.0
201900023485,7,5,2019,23:10,5,76.0,76216,2,2,1.0,3.0,CARNOT. AVENUE,"49,4550000","1,0574600",,76.076216,76216,Seine-Maritime,28.0,Normandie,50.0,3.0,2.0,2,1.0,28,Normandie,76,3,22,Déville-lès-Rouen,10745,62,10807.0
201900023486,7,5,2019,13:15,1,76.0,76681,2,1,1.0,2.0,PARIS. RUE DE,"49,4078600","1,1016000",,76.076681,76681,Seine-Maritime,28.0,Normandie,50.0,3.0,2.0,0,1.0,28,Normandie,76,3,99,Sotteville-lès-Rouen,28965,475,29440.0
201900023487,1,5,2019,12:10,1,76.0,76540,2,3,1.0,3.0,MARTYRS DE LA RESISTANCE. AVENUE,"49,4207400","1,0789800",,76.076540,76540,Seine-Maritime,28.0,Normandie,50.0,4.0,2.0,2,1.0,28,Normandie,76,3,97,Rouen,114083,1556,115639.0
201900023488,1,5,2019,19:30,1,76.0,76540,2,1,1.0,7.0,GUILLAUME LE CONQUERANT. RAMPE,"49,4411500","1,0814900",,76.076540,76540,Seine-Maritime,28.0,Normandie,50.0,2.0,1.0,1,1.0,28,Normandie,76,3,97,Rouen,114083,1556,115639.0
201900023489,25,5,2019,09:20,1,76.0,76447,2,1,1.0,3.0,PRESIDENT WILSON,"49,5397400","0,1784300",,76.076447,76447,Seine-Maritime,28.0,Normandie,50.0,4.0,2.0,3,1.0,28,Normandie,76,2,15,Montivilliers,15457,203,15660.0
201900023490,25,5,2019,09:35,1,76.0,76351,2,2,1.0,3.0,DOCTEUR CALMETTE,"49,5123762","0,0998238",,76.076351,76351,Seine-Maritime,28.0,Normandie,50.0,4.0,2.0,2,1.0,28,Normandie,76,2,96,LeHavre,166058,1780,167838.0
201900023491,21,5,2019,16:45,1,76.0,76351,2,3,1.0,2.0,JEAN JAURES (AVENUE),"49,5008739","0,1781416",,76.076351,76351,Seine-Maritime,28.0,Normandie,50.0,4.0,2.0,2,1.0,28,Normandie,76,2,96,LeHavre,166058,1780,167838.0
201900023492,20,5,2019,19:48,1,76.0,76305,2,6,1.0,3.0,OUDALLE (ROUTE),"49,5039500","0,2022200",,76.076305,76305,Seine-Maritime,28.0,Normandie,50.0,4.0,2.0,2,1.0,28,Normandie,76,2,16,Gonfreville-l'Orcher,8961,44,9005.0
201900023493,15,5,2019,18:55,1,76.0,76351,2,2,1.0,2.0,ARMAND BARBES,"49,4998600","0,1503300",,76.076351,76351,Seine-Maritime,28.0,Normandie,50.0,4.0,2.0,2,1.0,28,Normandie,76,2,96,LeHavre,166058,1780,167838.0
201900023494,16,5,2019,00:55,5,76.0,76351,2,1,1.0,6.0,GUILLEMARD,"49,4968600","0,0941200",,76.076351,76351,Seine-Maritime,28.0,Normandie,50.0,4.0,2.0,2,1.0,28,Normandie,76,2,96,LeHavre,166058,1780,167838.0
201900023495,14,5,2019,13:40,1,76.0,76351,2,2,1.0,6.0,RENE COTY,"49,4971700","0,1117800",,76.076351,76351,Seine-Maritime,28.0,Normandie,50.0,4.0,2.0,3,1.0,28,Normandie,76,2,96,LeHavre,166058,1780,167838.0
201900023496,13,5,2019,18:10,1,76.0,76351,2,9,1.0,6.0,CHARLES LAFFITTE,"49,4929200","0,1283000",,76.076351,76351,Seine-Maritime,28.0,Normandie,10.0,6.0,-1.0,-1,1.0,28,Normandie,76,2,96,LeHavre,166058,1780,167838.0
201900023497,11,5,2019,22:35,5,76.0,76351,2,3,1.0,6.0,RAFFINERIES (DES),"49,4916800","0,1421100",,76.076351,76351,Seine-Maritime,28.0,Normandie,50.0,4.0,2.0,2,1.0,28,Normandie,76,2,96,LeHavre,166058,1780,167838.0
201900023498,3,5,2019,22:30,5,76.0,76351,2,2,1.0,3.0,BOIS AU COQ (RUE),"49,5110800","0,1286700",,76.076351,76351,Seine-Maritime,28.0,Normandie,50.0,4.0,3.0,2,1.0,28,Normandie,76,2,96,LeHavre,166058,1780,167838.0
201900023499,3,5,2019,22:00,1,76.0,76351,2,2,1.0,3.0,VERDUN (RUE DE),"49,5023900","0,1726500",,76.076351,76351,Seine-Maritime,28.0,Normandie,50.0,3.0,2.0,2,1.0,28,Normandie,76,2,96,LeHavre,166058,1780,167838.0
201900023500,3,5,2019,11:10,1,76.0,76351,2,3,1.0,7.0,CLEMENCEAU (BD),"49,4896900","0,0977300",,76.076351,76351,Seine-Maritime,28.0,Normandie,50.0,4.0,2.0,2,1.0,28,Normandie,76,2,96,LeHavre,166058,1780,167838.0
201900023501,30,4,2019,18:05,1,76.0,76351,2,1,1.0,1.0,IRENE JOLIOT CURIE (RUE),"49,5062000","0,1004100",,76.076351,76351,Seine-Maritime,28.0,Normandie,50.0,4.0,2.0,2,1.0,28,Normandie,76,2,96,LeHavre,166058,1780,167838.0
201900023502,26,4,2019,16:10,1,76.0,76351,2,1,1.0,6.0,AMIRAL MOUCHEZ (BD),"49,4861000","0,1400900",,76.076351,76351,Seine-Maritime,28.0,Normandie,50.0,3.0,2.0,3,1.0,28,Normandie,76,2,96,LeHavre,166058,1780,167838.0
201900023503,30,5,2019,01:55,5,76.0,76217,2,1,1.0,6.0,LIBERATION (AVENUE DE LA),"49,9243300","1,1071900",,76.076217,76217,Seine-Maritime,28.0,Normandie,50.0,3.0,2.0,-1,1.0,28,Normandie,76,1,95,Dieppe,28358,455,28813.0
201900023504,9,5,2019,12:05,1,76.0,76217,2,2,1.0,3.0,Normandie Sussex (Avenue),"49,9168500","1,0888600",,76.076217,76217,Seine-Maritime,28.0,Normandie,50.0,4.0,3.0,3,1.0,28,Normandie,76,1,95,Dieppe,28358,455,28813.0
201900023505,21,5,2019,19:40,1,76.0,76384,1,6,1.0,6.0,RADICATEL (ROUTE DE),"49,4853805","0,5332714",,76.076384,76384,Seine-Maritime,28.0,Normandie,70.0,3.0,3.0,2,1.0,28,Normandie,76,2,3,Lillebonne,8729,141,8870.0
201900023853,13,11,2019,18:15,2,76.0,76474,2,1,1.0,6.0,RN 27 (ROUTE DE DIEPPE),"49,4889100","1,0491000",,76.076474,76474,Seine-Maritime,28.0,Normandie,50.0,3.0,2.0,2,1.0,28,Normandie,76,3,24,Notre-Dame-de-BondevilLe6957,82,7039,
201900023854,13,11,2019,23:15,5,76.0,76351,2,1,2.0,6.0,PEUPLIERS (DES),"49,5063700","0,1502800",,76.076351,76351,Seine-Maritime,28.0,Normandie,50.0,4.0,-1.0,1,1.0,28,Normandie,76,2,96,LeHavre,166058,1780,167838.0
201900024011,26,1,2019,06:25,5,76.0,76540,2,1,1.0,1.0,EUROPE. BOULEVARD DE L',"49,4339800","1,0772800",,76.076540,76540,Seine-Maritime,28.0,Normandie,50.0,4.0,3.0,2,2.0,28,Normandie,76,3,97,Rouen,114083,1556,115639.0
201900024012,26,1,2019,04:50,5,76.0,76351,2,1,1.0,7.0,VERDUN (RUE DE),"49,5022400","0,1695900",,76.076351,76351,Seine-Maritime,28.0,Normandie,50.0,4.0,2.0,2,2.0,28,Normandie,76,2,96,LeHavre,166058,1780,167838.0
201900024013,25,1,2019,16:40,1,76.0,76305,1,1,1.0,6.0,RD 6015,"49,5165000","0,2408600",,76.076305,76305,Seine-Maritime,28.0,Normandie,70.0,3.0,3.0,4,2.0,28,Normandie,76,2,16,Gonfreville-l'Orcher,8961,44,9005.0
201900024240,7,10,2019,17:15,1,76.0,76212,2,1,1.0,5.0,LYONS LA FORET. ROUTE DE,"49,4352700","1,1486400",,76.076212,76212,Seine-Maritime,28.0,Normandie,70.0,3.0,1.0,2,1.0,28,Normandie,76,3,6,Darnétal,9738,74,9812.0
201900024343,21,12,2019,21:30,5,76.0,76351,2,3,1.0,3.0,FRANCOIS MAZELINE,"49,4987800","0,1372600",,76.076351,76351,Seine-Maritime,28.0,Normandie,50.0,4.0,2.0,2,1.0,28,Normandie,76,2,96,LeHavre,166058,1780,167838.0
201900024456,17,12,2019,15:15,1,76.0,76695,1,2,2.0,1.0,Route de la Flamme Olympique,"49,6670860","0,4984190",,76.076695,76695,Seine-Maritime,28.0,Normandie,80.0,3.0,2.0,2,2.0,28,Normandie,76,2,32,Tocqueville-les-Murs,276,5,281.0
201900024491,20,12,2019,21:50,3,76.0,76672,1,1,2.0,6.0,685 Route de Rouen,"49,6246490","1,5254080",,76.076672,76672,Seine-Maritime,28.0,Normandie,70.0,3.0,2.0,2,2.0,28,Normandie,76,1,12,Serqueux,957,15,972.0
201900024601,5,9,2019,17:20,1,76.0,76540,1,1,1.0,7.0,GRAND MARE. TUNNEL DE LA,"49,4423300","1,1346400",,76.076540,76540,Seine-Maritime,28.0,Normandie,70.0,2.0,2.0,2,1.0,28,Normandie,76,3,97,Rouen,114083,1556,115639.0
201900024602,4,9,2019,09:10,1,76.0,76108,1,1,1.0,6.0,RN 28 (ROUTE DE NEUFCHATEL),"49,4574300","1,1440100",,76.076108,76108,Seine-Maritime,28.0,Normandie,90.0,2.0,3.0,4,1.0,28,Normandie,76,3,2,Bois-Guillaume,14262,361,14623.0
201900024603,6,9,2019,06:05,2,76.0,76351,1,1,1.0,6.0,RD 6382,"49,5309918","0,1351967",,76.076351,76351,Seine-Maritime,28.0,Normandie,90.0,3.0,3.0,4,1.0,28,Normandie,76,2,96,LeHavre,166058,1780,167838.0
201900024749,14,4,2019,17:15,1,76.0,76410,1,1,1.0,7.0,RD 6015 (COTE DE LA VALETTE),"49,4882700","1,0312700",,76.076410,76410,Seine-Maritime,28.0,Normandie,80.0,3.0,2.0,2,1.0,28,Normandie,76,3,4,Maromme,11024,122,11146.0
201900024750,13,4,2019,10:20,1,76.0,76540,2,1,1.0,6.0,ECUYERE. RUE,"49,4439200","1,0908400",,76.076540,76540,Seine-Maritime,28.0,Normandie,20.0,4.0,1.0,1,1.0,28,Normandie,76,3,97,Rouen,114083,1556,115639.0
201900024751,14,4,2019,07:25,1,76.0,76351,2,1,1.0,6.0,CLEMENCEAU (BD),"49,4889530","0,0979543",,76.076351,76351,Seine-Maritime,28.0,Normandie,50.0,4.0,2.0,2,1.0,28,Normandie,76,2,96,LeHavre,166058,1780,167838.0
201900025031,26,7,2019,11:30,1,76.0,76114,2,1,1.0,7.0,JACQUES FAUQUET (RUE),"49,5722100","0,4695900",,76.076114,76114,Seine-Maritime,28.0,Normandie,30.0,4.0,2.0,2,1.0,28,Normandie,76,2,3,Bolbec,11635,147,11782.0
201900025247,12,3,2019,14:00,1,76.0,76260,1,1,6.0,7.0,RD930 Hameau de Laudencourt,"49,4963770","1,7700910",,76.076260,76260,Seine-Maritime,28.0,Normandie,80.0,3.0,2.0,2,1.0,28,Normandie,76,1,12,Ferrières-en-Bray,1675,15,1690.0
201900025364,9,3,2019,17:10,1,76.0,76130,1,1,1.0,7.0,Chemin communal des fossettes 76270 BOUELLES,"49,7213260","1,5077910",,76.076130,76130,Seine-Maritime,28.0,Normandie,80.0,9.0,-1.0,2,1.0,28,Normandie,76,1,23,BouelLes272,4,276,
201900025762,21,12,2019,00:25,5,76.0,76540,2,2,1.0,3.0,BETHENCOURT. BOULEVARD JEAN DE,"49,4389407","1,0799915",,76.076540,76540,Seine-Maritime,28.0,Normandie,50.0,2.0,2.0,6,1.0,28,Normandie,76,3,97,Rouen,114083,1556,115639.0
201900025837,19,12,2019,16:30,1,76.0,76021,1,2,1.0,5.0,Route de Goderville,"49,6758490","0,4373720",,76.076021,76021,Seine-Maritime,28.0,Normandie,70.0,3.0,2.0,2,1.0,28,Normandie,76,2,32,Annouville-Vilmesnil,455,3,458.0
201900025855,12,12,2019,07:45,5,76.0,76533,1,9,2.0,7.0,BRETELLE D'ACCES. SORTIE 5 . RN 1029,"49,4804032","0,2638972",,76.076533,76533,Seine-Maritime,28.0,Normandie,70.0,1.0,1.0,1,2.0,28,Normandie,76,2,16,RogervilLe1706,19,1725,
201900025940,10,10,2019,01:15,3,76.0,76244,1,1,3.0,6.0,A28,"49,7141810","1,4064250",,76.076244,76244,Seine-Maritime,28.0,Normandie,110.0,1.0,3.0,4,2.0,28,Normandie,76,1,23,EsclavelLes386,6,392,
201900026035,8,10,2019,00:45,5,76.0,76498,1,1,2.0,6.0,SUD III (RN 338),"49,4344800","1,0685900",,76.076498,76498,Seine-Maritime,28.0,Normandie,90.0,2.0,3.0,4,2.0,28,Normandie,76,3,27,LePetit-Quevilly,21782,274,22056.0
201900026260,24,1,2019,08:25,2,76.0,76498,2,1,5.0,7.0,BARBUSSE. PLACE HENRI,"49,4300300","1,0528100",,76.076498,76498,Seine-Maritime,28.0,Normandie,50.0,4.0,1.0,1,1.0,28,Normandie,76,3,27,LePetit-Quevilly,21782,274,22056.0
201900026261,24,1,2019,14:30,1,76.0,76351,1,1,1.0,6.0,RD 6382,"49,5327848","0,1162255",,76.076351,76351,Seine-Maritime,28.0,Normandie,90.0,3.0,3.0,4,1.0,28,Normandie,76,2,96,LeHavre,166058,1780,167838.0
201900026262,24,1,2019,21:15,5,76.0,76351,2,1,1.0,6.0,GENERAL DE GAULLE,"49,5194900","0,1570200",,76.076351,76351,Seine-Maritime,28.0,Normandie,50.0,3.0,2.0,2,2.0,28,Normandie,76,2,96,LeHavre,166058,1780,167838.0
201900026263,24,1,2019,11:10,1,76.0,76351,2,1,1.0,3.0,COMMANDANT ABADIE,"49,5013600","0,1807100",,76.076351,76351,Seine-Maritime,28.0,Normandie,50.0,4.0,2.0,2,1.0,28,Normandie,76,2,96,LeHavre,166058,1780,167838.0
201900026264,23,1,2019,08:15,5,76.0,76341,2,3,1.0,6.0,RESISTANCE (AVENUE DE LA),"49,5046300","0,2005300",,76.076341,76341,Seine-Maritime,28.0,Normandie,50.0,4.0,2.0,2,2.0,28,Normandie,76,2,15,Harfleur,8315,53,8368.0
201900026265,25,1,2019,18:00,5,76.0,76217,2,1,8.0,6.0,BERIGNY (BOULEVARD),"49,9235700","1,0813200",,76.076217,76217,Seine-Maritime,28.0,Normandie,30.0,4.0,1.0,1,2.0,28,Normandie,76,1,95,Dieppe,28358,455,28813.0
201900026490,30,6,2019,20:25,1,76.0,76392,1,1,1.0,6.0,Route de Fresnoy Folny,"49,8361000","1,3995470",,76.076392,76392,Seine-Maritime,28.0,Normandie,80.0,3.0,2.0,2,1.0,28,Normandie,76,1,23,Londinières,1243,20,1263.0
201900026525,29,6,2019,11:00,1,76.0,76490,2,6,1.0,6.0,CD 50,"49,7281370","0,6073180",,76.076490,76490,Seine-Maritime,28.0,Normandie,50.0,3.0,2.0,2,1.0,28,Normandie,76,1,33,Ourville-en-Caux,1105,15,1120.0
201900026526,28,6,2019,07:25,1,76.0,76621,1,1,1.0,6.0,D 928,"49,6502880","1,3078270",,76.076621,76621,Seine-Maritime,28.0,Normandie,50.0,3.0,2.0,3,1.0,28,Normandie,76,1,23,Saint-Martin-OsmonvilLe1179,22,1201,
201900026692,14,4,2019,21:15,5,76.0,76192,1,1,1.0,1.0,d925,"50,0223100","1,3259370",,76.076192,76192,Seine-Maritime,28.0,Normandie,80.0,3.0,2.0,2,1.0,28,Normandie,76,1,10,Criel-sur-Mer,2596,54,2650.0
201900026758,11,4,2019,21:20,2,76.0,76495,1,8,1.0,3.0,Rue du Docteur Blondel,"49,5611820","0,9507700",,76.076495,76495,Seine-Maritime,28.0,Normandie,50.0,3.0,2.0,2,1.0,28,Normandie,76,3,24,Pavilly,6121,53,6174.0
201900027125,6,3,2019,06:58,5,76.0,76322,2,1,1.0,3.0,BRAQUE. AVENUE GEORGES,"49,4050800","1,0431200",,76.076322,76322,Seine-Maritime,28.0,Normandie,50.0,4.0,-1.0,2,1.0,28,Normandie,76,3,13,LeGrand-Quevilly,25975,225,26200.0
201900027126,5,3,2019,17:30,1,76.0,76351,2,1,1.0,7.0,CAVEE VERTE (RUE DE LA),"49,5037608","0,1080984",,76.076351,76351,Seine-Maritime,28.0,Normandie,50.0,3.0,2.0,4,1.0,28,Normandie,76,2,96,LeHavre,166058,1780,167838.0
201900027127,4,3,2019,20:20,5,76.0,76351,2,2,1.0,3.0,GRAVILLE (BD DE),"49,4963000","0,1469000",,76.076351,76351,Seine-Maritime,28.0,Normandie,50.0,3.0,2.0,4,2.0,28,Normandie,76,2,96,LeHavre,166058,1780,167838.0
201900027128,9,3,2019,23:40,5,76.0,76217,2,4,2.0,2.0,PUECH (JEAN),"49,9208848","1,0993531",,76.076217,76217,Seine-Maritime,28.0,Normandie,50.0,4.0,2.0,2,2.0,28,Normandie,76,1,95,Dieppe,28358,455,28813.0
201900027129,6,3,2019,15:17,1,76.0,76217,2,1,2.0,3.0,GAMBETTA (AVENUE),"49,9153600","1,0748500",,76.076217,76217,Seine-Maritime,28.0,Normandie,50.0,3.0,-1.0,3,2.0,28,Normandie,76,1,95,Dieppe,28358,455,28813.0
201900027366,14,11,2019,17:53,5,76.0,76711,2,1,1.0,6.0,52 Quai Francois 1er,"50,0622740","1,3701790",,76.076711,76711,Seine-Maritime,28.0,Normandie,30.0,3.0,2.0,2,1.0,28,Normandie,76,1,10,LeTréport,4424,91,4515.0
201900027396,14,11,2019,17:45,3,76.0,76566,1,2,8.0,3.0,Route de Langrume,"49,6080250","0,9542630",,76.076566,76566,Seine-Maritime,28.0,Normandie,80.0,3.0,2.0,2,2.0,28,Normandie,76,3,24,Sainte-Austreberthe,665,6,671.0
201900027418,11,11,2019,18:45,5,76.0,76351,2,3,3.0,6.0,AVIATEUR GUERIN,"49,4865900","0,1263200",,76.076351,76351,Seine-Maritime,28.0,Normandie,50.0,4.0,2.0,2,3.0,28,Normandie,76,2,96,LeHavre,166058,1780,167838.0
201900027419,9,11,2019,15:30,1,76.0,76351,2,1,3.0,7.0,EUGENE MOPIN (RUE),"49,5191400","0,1581800",,76.076351,76351,Seine-Maritime,28.0,Normandie,50.0,3.0,2.0,2,3.0,28,Normandie,76,2,96,LeHavre,166058,1780,167838.0
201900027448,10,11,2019,14:32,1,76.0,76498,2,1,1.0,3.0,VALLEE. RUE LUCIEN,"49,4222600","1,0568900",,76.076498,76498,Seine-Maritime,28.0,Normandie,50.0,4.0,1.0,1,1.0,28,Normandie,76,3,27,LePetit-Quevilly,21782,274,22056.0
201900027449,9,11,2019,09:00,1,76.0,76351,2,1,1.0,6.0,rue théophile gautier,"49,5178800","0,0957700",,76.076351,76351,Seine-Maritime,28.0,Normandie,50.0,4.0,-1.0,0,1.0,28,Normandie,76,2,96,LeHavre,166058,1780,167838.0
201900027450,11,11,2019,20:25,5,76.0,76351,2,1,1.0,6.0,ALBERT 1ER,"49,5007800","0,0885500",,76.076351,76351,Seine-Maritime,28.0,Normandie,30.0,3.0,2.0,2,3.0,28,Normandie,76,2,96,LeHavre,166058,1780,167838.0
201900027876,4,10,2019,19:55,2,76.0,76351,2,1,2.0,6.0,HUIT MAI 1945 (AVENUE DU),"49,5158900","0,1710000",,76.076351,76351,Seine-Maritime,28.0,Normandie,50.0,4.0,4.0,4,2.0,28,Normandie,76,2,96,LeHavre,166058,1780,167838.0
201900027877,30,9,2019,18:30,1,76.0,76259,2,3,1.0,3.0,QUEUE DE RENARD ( RUE),"49,7568600","0,3903700",,76.076259,76259,Seine-Maritime,28.0,Normandie,50.0,4.0,2.0,2,1.0,28,Normandie,76,2,11,Fécamp,18016,269,18285.0
201900028149,6,9,2019,14:00,1,76.0,76014,2,4,1.0,3.0,600 Route du Pays de Caux,"49,5892610","0,2941430",,76.076014,76014,Seine-Maritime,28.0,Normandie,50.0,3.0,2.0,2,1.0,28,Normandie,76,2,26,Angerville-l'Orcher,1394,14,1408.0
201900028150,6,9,2019,17:30,1,76.0,76224,1,2,1.0,3.0,RD 139,"49,6463290","0,3056010",,76.076224,76224,Seine-Maritime,28.0,Normandie,70.0,3.0,2.0,2,1.0,28,Normandie,76,2,32,ÉcrainvilLe969,19,988,
201900028479,12,4,2019,21:50,5,76.0,76319,2,1,1.0,2.0,CAEN. AVENUE DE,"49,3448000","0,9851000",,76.076319,76319,Seine-Maritime,28.0,Normandie,50.0,3.0,-1.0,2,1.0,28,Normandie,76,3,9,Grand-Couronne,9726,177,9903.0
201900028480,1,4,2019,16:00,1,76.0,76497,1,1,1.0,6.0,RN 138,"49,3555025","1,0322350",,76.076497,76497,Seine-Maritime,28.0,Normandie,90.0,2.0,1.0,2,1.0,28,Normandie,76,3,13,Petit-Couronne,8688,175,8863.0
201900028481,11,4,2019,14:40,1,76.0,76351,2,3,1.0,3.0,PABLO NERUDA (RUE),"49,5043878","0,1545596",,76.076351,76351,Seine-Maritime,28.0,Normandie,50.0,4.0,2.0,3,1.0,28,Normandie,76,2,96,LeHavre,166058,1780,167838.0
201900028482,10,4,2019,10:40,1,76.0,76351,2,3,1.0,3.0,LAMBLARDIE (QUAI),"49,4896200","0,1131100",,76.076351,76351,Seine-Maritime,28.0,Normandie,50.0,4.0,2.0,2,2.0,28,Normandie,76,2,96,LeHavre,166058,1780,167838.0
201900028483,9,4,2019,17:35,1,76.0,76351,2,1,1.0,6.0,REPUBLIQUE (COURS DE LA),"49,4983900","0,1285100",,76.076351,76351,Seine-Maritime,28.0,Normandie,50.0,4.0,3.0,4,1.0,28,Normandie,76,2,96,LeHavre,166058,1780,167838.0
201900028684,25,7,2019,18:25,1,76.0,76451,2,2,1.0,3.0,TRONQUET. RUE DU,"49,4674100","1,0736600",,76.076451,76451,Seine-Maritime,28.0,Normandie,50.0,4.0,2.0,2,1.0,28,Normandie,76,3,22,Mont-Saint-Aignan,20066,415,20481.0
201900028685,19,7,2019,06:09,3,76.0,76319,1,1,1.0,6.0,MUR GRENELE. RUE DU,"49,3411507","1,0228432",,76.076319,76319,Seine-Maritime,28.0,Normandie,50.0,4.0,2.0,2,1.0,28,Normandie,76,3,9,Grand-Couronne,9726,177,9903.0
201900028686,24,7,2019,16:15,1,76.0,76640,2,1,1.0,1.0,SAINT CYR. ROUTE DE,"49,2589300","1,0388300",,76.076640,76640,Seine-Maritime,28.0,Normandie,50.0,3.0,2.0,2,1.0,28,Normandie,76,3,5,Saint-Pierre-lès-Elbeuf,8285,87,8372.0
201900028687,24,7,2019,07:25,1,76.0,76681,1,1,1.0,6.0,EAUPLET. RUE D',"49,4221100","1,1087300",,76.076681,76681,Seine-Maritime,28.0,Normandie,30.0,4.0,2.0,2,1.0,28,Normandie,76,3,99,Sotteville-lès-Rouen,28965,475,29440.0
201900029301,12,11,2019,07:55,1,76.0,76705,1,1,2.0,3.0,A13,"49,3249130","1,0954700",,76.076705,76705,Seine-Maritime,28.0,Normandie,110.0,1.0,1.0,3,2.0,28,Normandie,76,3,5,Tourville-la-Rivière,2568,19,2587.0
201900029368,10,12,2019,17:20,3,76.0,76446,1,1,1.0,6.0,D982,"49,4450960","1,0096100",,76.076446,76446,Seine-Maritime,28.0,Normandie,80.0,3.0,2.0,2,1.0,28,Normandie,76,3,24,Montigny,1285,14,1299.0
201900029607,7,10,2019,15:20,1,76.0,76408,1,1,1.0,3.0,route des mésanges - CD10,"49,6168230","0,3507050",,76.076408,76408,Seine-Maritime,28.0,Normandie,80.0,3.0,2.0,2,1.0,28,Normandie,76,2,32,Manneville-la-Goupil,1052,14,1066.0
201900029722,7,10,2019,02:40,3,76.0,76404,1,1,1.0,7.0,Route Departementale 925,"49,5885330","0,2575490",,76.076404,76404,Seine-Maritime,28.0,Normandie,80.0,3.0,2.0,2,2.0,28,Normandie,76,2,26,Manéglise,1264,23,1287.0
201900029808,24,1,2019,03:45,3,76.0,76309,2,1,1.0,6.0,CD 37,"49,7636540","0,7968020",,76.076309,76309,Seine-Maritime,28.0,Normandie,80.0,3.0,2.0,2,2.0,28,Normandie,76,3,35,GonzevilLe130,1,131,
201900029809,25,1,2019,18:45,5,76.0,76051,2,4,8.0,1.0,intersection RD 149 et rue aux loups,"49,7858790","1,0016960",,76.076051,76051,Seine-Maritime,28.0,Normandie,50.0,3.0,2.0,2,2.0,28,Normandie,76,1,20,Bacqueville-en-Caux,1900,35,1935.0
201900029924,8,9,2019,00:30,5,76.0,76164,2,7,1.0,6.0,place du parvis,"49,5259380","0,7248210",,76.076164,76164,Seine-Maritime,28.0,Normandie,50.0,4.0,2.0,2,1.0,28,Normandie,76,3,25,Rives-en-Seine,4078,66,4144.0
201900030010,3,9,2019,08:10,1,76.0,76498,1,1,1.0,3.0,SUD III (RN 338),"49,4298300","1,0568800",,76.076498,76498,Seine-Maritime,28.0,Normandie,90.0,2.0,3.0,4,1.0,28,Normandie,76,3,27,LePetit-Quevilly,21782,274,22056.0
201900030011,2,9,2019,08:47,1,76.0,76540,2,1,1.0,6.0,"Jean Mullot, rue","49,4268600","1,0779200",,76.076540,76540,Seine-Maritime,28.0,Normandie,50.0,4.0,2.0,2,1.0,28,Normandie,76,3,97,Rouen,114083,1556,115639.0
201900030241,23,6,2019,14:20,1,76.0,76540,2,2,1.0,3.0,MARNE. BOULEVARD DE LA,"49,4469300","1,0925700",,76.076540,76540,Seine-Maritime,28.0,Normandie,50.0,3.0,3.0,5,1.0,28,Normandie,76,3,97,Rouen,114083,1556,115639.0
201900031219,19,12,2019,07:45,3,76.0,76238,1,1,1.0,2.0,Rue de Coupeauville,"49,5588577","0,2341140",,76.076238,76238,Seine-Maritime,28.0,Normandie,80.0,3.0,2.0,2,1.0,28,Normandie,76,2,26,ÉpouvilLe2641,38,2679,
201900031339,17,12,2019,14:15,1,76.0,76392,2,3,2.0,3.0,Rue du Maréchal Leclerc,"49,8357370","1,3978260",,76.076392,76392,Seine-Maritime,28.0,Normandie,50.0,3.0,2.0,2,2.0,28,Normandie,76,1,23,Londinières,1243,20,1263.0
201900031347,17,12,2019,08:15,2,76.0,76240,2,1,2.0,2.0,D925,"49,7087110","0,3649530",,76.076240,76240,Seine-Maritime,28.0,Normandie,-1.0,3.0,2.0,2,2.0,28,Normandie,76,2,11,ÉprevilLe1052,28,1080,
201900031392,7,10,2019,06:15,3,76.0,76737,1,1,1.0,6.0,CD 142,"49,6975430","0,8898520",,76.076737,76737,Seine-Maritime,28.0,Normandie,80.0,3.0,2.0,2,1.0,28,Normandie,76,3,35,Vibeuf,614,10,624.0
201900031435,6,10,2019,19:00,1,76.0,76055,1,1,1.0,7.0,CD 55,"49,6374500","0,7854390",,76.076055,76055,Seine-Maritime,28.0,Normandie,70.0,3.0,2.0,2,1.0,28,Normandie,76,3,35,Baons-le-Comte,335,8,343.0
201900031436,6,10,2019,18:53,1,76.0,76244,1,1,1.0,2.0,RD 928,"49,7022000","1,3911000",,76.076244,76244,Seine-Maritime,28.0,Normandie,80.0,3.0,2.0,2,1.0,28,Normandie,76,1,23,EsclavelLes386,6,392,
201900031549,6,10,2019,10:00,1,76.0,76592,2,6,2.0,7.0,RUE DE L'ÉGLISE,"49,5223350","0,5053250",,76.076592,76592,Seine-Maritime,28.0,Normandie,-1.0,4.0,2.0,-1,2.0,28,Normandie,76,2,3,Saint-Jean-de-FollevilLe800,26,826,