Num_Acc,jour,mois,an,hrmn,lum,dep,com,agg,int,atm,col,adr,lat,long,gps,com_insee_temp,com_insee,departmentName,regionCode,regionName,vma,catr,circ,nbv,surf,Code,Region,Departement,Arrondissement,Code_Canton,Nom_Commune,Population_municipaLe,Population_comptee_a_part,Population_Totale
201900031550,5,10,2019,19:20,2,76.0,76018,1,1,1.0,3.0,Route de Varvannes,"49,6841330","0,9776140",,76.076018,76018,Seine-Maritime,28.0,Normandie,80.0,3.0,2.0,2,2.0,28,Normandie,76,1,20,Val-de-Saâne,1476,33,1509.0
201900031569,25,1,2019,08:19,2,76.0,76753,1,1,5.0,7.0,d6015,"49,3422430","1,1497590",,76.076753,76753,Seine-Maritime,28.0,Normandie,50.0,3.0,2.0,3,2.0,28,Normandie,76,3,6,Ymare,1212,22,1234.0
201900031832,5,9,2019,14:12,1,76.0,76141,1,1,1.0,1.0,rd 910,"49,6164480","0,4066450",,76.076141,76141,Seine-Maritime,28.0,Normandie,80.0,3.0,2.0,2,1.0,28,Normandie,76,2,32,Bréauté,1365,13,1378.0
201900031866,25,6,2019,15:00,1,76.0,76238,2,3,1.0,3.0,53 Rue Roger Cuvelier,"49,5630690","0,2339620",,76.076238,76238,Seine-Maritime,28.0,Normandie,50.0,3.0,2.0,2,1.0,28,Normandie,76,2,26,ÉpouvilLe2641,38,2679,
201900031885,19,6,2019,16:40,1,76.0,76615,1,2,1.0,3.0,CD79,"49,5920190","0,1874760",,76.076615,76615,Seine-Maritime,28.0,Normandie,80.0,3.0,2.0,2,1.0,28,Normandie,76,2,26,Saint-Martin-du-Bec,643,24,667.0
201900031886,5,9,2019,06:50,2,76.0,76391,1,1,1.0,5.0,A13,"49,3397590","0,9448990",,76.076391,76391,Seine-Maritime,28.0,Normandie,130.0,1.0,2.0,3,1.0,28,Normandie,76,3,9,La Londe,2362,71,2433.0
201900032176,5,3,2019,08:00,1,76.0,76700,1,1,3.0,7.0,"N27, pk 025+000","49,6980882","1,0477567",,76.076700,76700,Seine-Maritime,28.0,Normandie,110.0,2.0,3.0,4,3.0,28,Normandie,76,1,20,Tôtes,1575,30,1605.0
201900032353,1,3,2019,09:40,1,76.0,76351,2,1,1.0,7.0,PIERRE MENDES FRANCE,"49,5138278","0,1525864",,76.076351,76351,Seine-Maritime,28.0,Normandie,50.0,3.0,2.0,4,1.0,28,Normandie,76,2,96,LeHavre,166058,1780,167838.0
201900032396,9,4,2019,10:20,1,76.0,76540,2,3,1.0,6.0,HENRY II PLANTAGENET. RUE,"49,4262200","1,0969300",,76.076540,76540,Seine-Maritime,28.0,Normandie,30.0,4.0,2.0,2,1.0,28,Normandie,76,3,97,Rouen,114083,1556,115639.0
201900032570,27,7,2019,19:50,1,76.0,76666,1,1,1.0,6.0,"D915, PK 23+17","49,5752510","1,6027200",,76.076666,76666,Seine-Maritime,28.0,Normandie,80.0,3.0,2.0,2,1.0,28,Normandie,76,1,12,Saumont-la-Poterie,414,16,430.0
201900032571,28,7,2019,19:10,1,76.0,76130,1,1,1.0,7.0,1090 route de Neufchatel,"49,7071088","1,4918661",,76.076130,76130,Seine-Maritime,28.0,Normandie,50.0,3.0,2.0,2,1.0,28,Normandie,76,1,23,BouelLes272,4,276,
201900032572,25,7,2019,18:00,1,76.0,76454,1,1,1.0,3.0,D929,"49,7538050","1,5512860",,76.076454,76454,Seine-Maritime,28.0,Normandie,70.0,3.0,2.0,2,1.0,28,Normandie,76,1,23,Mortemer,87,0,87.0
201900032573,23,7,2019,16:30,1,76.0,76464,1,1,1.0,2.0,Route de Paris,"49,3865720","1,2328750",,76.076464,76464,Seine-Maritime,28.0,Normandie,80.0,3.0,2.0,2,1.0,28,Normandie,76,3,21,La Neuville-Chant-d'Oisel,2377,38,2415.0
201900032626,23,7,2019,10:45,1,76.0,76410,1,2,1.0,3.0,D86,"49,4720800","1,0276300",,76.076410,76410,Seine-Maritime,28.0,Normandie,70.0,1.0,1.0,1,1.0,28,Normandie,76,3,4,Maromme,11024,122,11146.0
201900032896,7,11,2019,17:55,5,76.0,76216,2,1,1.0,3.0,HEBERT. RUE GEORGES,"49,4582900","1,0533300",,76.076216,76216,Seine-Maritime,28.0,Normandie,50.0,3.0,1.0,2,1.0,28,Normandie,76,3,22,Déville-lès-Rouen,10745,62,10807.0
201900032898,7,11,2019,15:30,1,76.0,76498,2,1,1.0,6.0,JACQUARD. RUE,"49,4300000","1,0611000",,76.076498,76498,Seine-Maritime,28.0,Normandie,30.0,4.0,1.0,1,1.0,28,Normandie,76,3,27,LePetit-Quevilly,21782,274,22056.0
201900032899,7,11,2019,13:20,1,76.0,76322,2,1,1.0,3.0,VERDUN. BOULEVARD DE,"49,4150700","1,0521500",,76.076322,76322,Seine-Maritime,28.0,Normandie,50.0,3.0,2.0,2,1.0,28,Normandie,76,3,13,LeGrand-Quevilly,25975,225,26200.0
201900032901,7,11,2019,07:40,2,76.0,76540,2,2,1.0,3.0,NEUFCHATEL. ROUTE DE,"49,4487700","1,0995200",,76.076540,76540,Seine-Maritime,28.0,Normandie,50.0,3.0,2.0,4,2.0,28,Normandie,76,3,97,Rouen,114083,1556,115639.0
201900032903,7,11,2019,19:05,5,76.0,76484,1,1,1.0,3.0,ESSARTS. RUE DES,"49,3468700","1,0507900",,76.076484,76484,Seine-Maritime,28.0,Normandie,90.0,3.0,2.0,2,1.0,28,Normandie,76,3,31,Oissel,12367,83,12450.0
201900032905,7,11,2019,18:55,5,76.0,76178,2,1,1.0,3.0,CD 7 (VOIE NOUVELLE),"49,3128600","1,0553800",,76.076178,76178,Seine-Maritime,28.0,Normandie,70.0,3.0,2.0,2,1.0,28,Normandie,76,3,5,Cléon,4907,30,4937.0
201900032909,7,11,2019,18:15,5,76.0,76351,2,2,1.0,3.0,LENINGRAD (BD DE),"49,4960000","0,1470300",,76.076351,76351,Seine-Maritime,28.0,Normandie,50.0,3.0,3.0,8,1.0,28,Normandie,76,2,96,LeHavre,166058,1780,167838.0
201900033178,14,12,2019,06:30,5,76.0,76540,2,1,1.0,4.0,BOISGUILBERT. QUAI DE,"49,4424300","1,0772700",,76.076540,76540,Seine-Maritime,28.0,Normandie,50.0,3.0,1.0,4,1.0,28,Normandie,76,3,97,Rouen,114083,1556,115639.0
201900033258,2,10,2019,23:30,5,76.0,76366,2,1,1.0,5.0,REPUBLIQUE. RUE DE LA,"49,5095700","1,0341300",,76.076366,76366,Seine-Maritime,28.0,Normandie,50.0,3.0,2.0,2,1.0,28,Normandie,76,3,24,LeHoulme,4133,32,4165.0
201900033259,3,10,2019,10:56,1,76.0,76341,1,1,1.0,1.0,RD 6382,"49,5001700","0,1956900",,76.076341,76341,Seine-Maritime,28.0,Normandie,70.0,3.0,1.0,2,1.0,28,Normandie,76,2,15,Harfleur,8315,53,8368.0
201900033372,23,6,2019,18:45,1,76.0,76402,2,1,1.0,1.0, (ROUTE DE DIEPPE),"49,5205900","1,0388800",,76.076402,76402,Seine-Maritime,28.0,Normandie,50.0,3.0,2.0,2,1.0,28,Normandie,76,3,24,Malaunay,6143,49,6192.0
201900033373,21,6,2019,15:15,1,76.0,76451,1,6,1.0,2.0,PERROUX. RUE FRANCOIS,"49,4721600","1,0946800",,76.076451,76451,Seine-Maritime,28.0,Normandie,50.0,4.0,1.0,2,1.0,28,Normandie,76,3,22,Mont-Saint-Aignan,20066,415,20481.0
201900033585,18,1,2019,18:00,5,76.0,76447,2,3,1.0,1.0,JEAN JAURES,"49,5439900","0,1952300",,76.076447,76447,Seine-Maritime,28.0,Normandie,50.0,4.0,2.0,2,1.0,28,Normandie,76,2,15,Montivilliers,15457,203,15660.0
201900033586,19,1,2019,07:50,2,76.0,76351,2,2,1.0,3.0,MARECHAL JOFFRE (RUE),"49,4985200","0,1179500",,76.076351,76351,Seine-Maritime,28.0,Normandie,50.0,4.0,2.0,2,2.0,28,Normandie,76,2,96,LeHavre,166058,1780,167838.0
201900033766,3,9,2019,17:15,1,76.0,76147,1,1,1.0,5.0,RD 48,"49,7331430","1,3761220",,76.076147,76147,Seine-Maritime,28.0,Normandie,80.0,3.0,2.0,2,1.0,28,Normandie,76,1,23,Bully,883,22,905.0
201900033804,1,9,2019,19:27,1,76.0,76157,1,1,1.0,1.0,SAHURS. ROUTE DE (CD 351),"49,4289300","1,0103000",,76.076157,76157,Seine-Maritime,28.0,Normandie,70.0,3.0,2.0,2,1.0,28,Normandie,76,3,4,Canteleu,13966,360,14326.0
201900033805,30,8,2019,14:05,1,76.0,76351,1,6,1.0,6.0,JEAN JACQUES ROUSSEAU (PONT),"49,4919900","0,1326800",,76.076351,76351,Seine-Maritime,28.0,Normandie,50.0,4.0,3.0,6,1.0,28,Normandie,76,2,96,LeHavre,166058,1780,167838.0
201900033806,31,8,2019,06:40,2,76.0,76351,2,2,1.0,4.0,LENINGRAD (BD DE),"49,4986400","0,1590300",,76.076351,76351,Seine-Maritime,28.0,Normandie,50.0,3.0,3.0,6,1.0,28,Normandie,76,2,96,LeHavre,166058,1780,167838.0
201900033807,31,8,2019,17:30,1,76.0,76351,2,2,1.0,3.0,MARYSE BASTIE,"49,5242800","0,0968600",,76.076351,76351,Seine-Maritime,28.0,Normandie,50.0,3.0,2.0,2,1.0,28,Normandie,76,2,96,LeHavre,166058,1780,167838.0
201900033808,31,8,2019,01:50,5,76.0,76447,2,1,1.0,6.0,René Coty,"49,5434700","0,1902300",,76.076447,76447,Seine-Maritime,28.0,Normandie,50.0,4.0,2.0,2,1.0,28,Normandie,76,2,15,Montivilliers,15457,203,15660.0
201900033901,3,3,2019,18:00,1,76.0,76351,2,2,1.0,2.0,VERDUN (RUE DE),"49,5024400","0,1728100",,76.076351,76351,Seine-Maritime,28.0,Normandie,50.0,3.0,2.0,2,1.0,28,Normandie,76,2,96,LeHavre,166058,1780,167838.0
201900033902,3,3,2019,16:25,1,76.0,76351,2,3,1.0,3.0,IRENE JOLIOT CURIE (RUE),"49,5146000","0,1047800",,76.076351,76351,Seine-Maritime,28.0,Normandie,50.0,3.0,2.0,2,1.0,28,Normandie,76,2,96,LeHavre,166058,1780,167838.0
201900033903,4,3,2019,08:05,1,76.0,76565,2,1,3.0,6.0,BRUYERES (CHEMIN DES),"49,9074800","1,0683600",,76.076565,76565,Seine-Maritime,28.0,Normandie,30.0,4.0,2.0,2,2.0,28,Normandie,76,1,7,Saint-Aubin-sur-Scie,1202,101,1303.0
201900034011,1,3,2019,08:05,1,76.0,76057,2,1,2.0,1.0,andré malraux,"49,5475820","0,9461680",,76.076057,76057,Seine-Maritime,28.0,Normandie,50.0,4.0,2.0,2,2.0,28,Normandie,76,3,1,Barentin,12154,238,12392.0
201900034020,1,3,2019,10:15,1,76.0,76231,2,1,1.0,3.0,MARTYRS. RUE DES,"49,2881500","1,0071800",,76.076231,76231,Seine-Maritime,28.0,Normandie,50.0,4.0,2.0,0,1.0,28,Normandie,76,3,9,Elbeuf,15951,138,16089.0
201900034087,20,3,2019,05:30,3,76.0,76648,1,1,1.0,6.0,Autoroute  28,"49,6587210","1,2833010",,76.076648,76648,Seine-Maritime,28.0,Normandie,130.0,1.0,3.0,4,1.0,28,Normandie,76,1,23,Saint-Saëns,2317,20,2337.0
201900034185,8,4,2019,11:35,1,76.0,76103,2,1,1.0,3.0,PARIS. ROUTE DE,"49,4271300","1,1188400",,76.076103,76103,Seine-Maritime,28.0,Normandie,50.0,3.0,2.0,3,1.0,28,Normandie,76,3,6,Bonsecours,6455,95,6550.0
201900034186,7,4,2019,19:05,1,76.0,76216,2,2,1.0,3.0,RD 6015 (ROUTE DE DIEPPE),"49,4721352","1,0493857",,76.076216,76216,Seine-Maritime,28.0,Normandie,50.0,3.0,2.0,2,1.0,28,Normandie,76,3,22,Déville-lès-Rouen,10745,62,10807.0
201900034309,24,7,2019,20:05,1,76.0,76648,1,1,1.0,7.0,896 Vaudichon,"49,6897260","1,2598450",,76.076648,76648,Seine-Maritime,28.0,Normandie,50.0,3.0,2.0,2,9.0,28,Normandie,76,1,23,Saint-Saëns,2317,20,2337.0
201900034391,21,7,2019,06:55,1,76.0,76322,1,1,1.0,7.0,RN 338 (VOIE RAPIDE SUD 3),"49,4169000","1,0469000",,76.076322,76322,Seine-Maritime,28.0,Normandie,90.0,2.0,3.0,2,1.0,28,Normandie,76,3,13,LeGrand-Quevilly,25975,225,26200.0
201900034392,21,7,2019,22:00,2,76.0,76231,2,1,1.0,6.0,PUCHOT. RUE DU,"49,2912700","1,0026500",,76.076231,76231,Seine-Maritime,28.0,Normandie,50.0,3.0,2.0,2,1.0,28,Normandie,76,3,9,Elbeuf,15951,138,16089.0
201900034393,4,7,2019,02:00,3,76.0,76497,1,6,1.0,6.0,D938,"49,3829700","1,0523400",,76.076497,76497,Seine-Maritime,28.0,Normandie,50.0,3.0,1.0,2,1.0,28,Normandie,76,3,13,Petit-Couronne,8688,175,8863.0
201900034763,30,11,2019,13:45,1,76.0,76540,2,1,1.0,3.0,BONSECOURS. ROUTE DE,"49,4337200","1,1071700",,76.076540,76540,Seine-Maritime,28.0,Normandie,50.0,3.0,2.0,6,1.0,28,Normandie,76,3,97,Rouen,114083,1556,115639.0
201900034764,12,12,2019,09:20,1,76.0,76351,2,2,1.0,4.0,FRANCOIS 1ER (BD),"49,4917700","0,0992400",,76.076351,76351,Seine-Maritime,28.0,Normandie,50.0,4.0,3.0,4,2.0,28,Normandie,76,2,96,LeHavre,166058,1780,167838.0
201900034808,7,11,2019,17:35,2,76.0,76655,2,9,1.0,6.0,Zone Activites de Clermont,"49,8579170","0,6923980",,76.076655,76655,Seine-Maritime,28.0,Normandie,-1.0,6.0,-1.0,-1,1.0,28,Normandie,76,1,33,Saint-Valery-en-Caux,3915,162,4077.0
201900034904,7,11,2019,01:15,5,76.0,76366,2,1,1.0,6.0,SAINT JEAN. ROUTE DE,"49,5101215","1,0314488",,76.076366,76366,Seine-Maritime,28.0,Normandie,50.0,3.0,1.0,2,2.0,28,Normandie,76,3,24,LeHoulme,4133,32,4165.0
201900035174,25,8,2019,14:50,1,76.0,76126,1,1,1.0,3.0,A28 - PK 070.400,"49,6701230","1,3162600",,76.076126,76126,Seine-Maritime,28.0,Normandie,130.0,1.0,3.0,4,1.0,28,Normandie,76,1,23,Bosc-Mesnil,325,5,330.0
201900035268,27,9,2019,13:45,1,76.0,76705,1,1,1.0,3.0,PICARD. AVENUE GUSTAVE,"49,3280000","1,0959300",,76.076705,76705,Seine-Maritime,28.0,Normandie,20.0,6.0,-1.0,-1,1.0,28,Normandie,76,3,5,Tourville-la-Rivière,2568,19,2587.0
201900035269,19,9,2019,08:50,1,76.0,76319,1,1,1.0,2.0,RN 138,"49,3634900","1,0375100",,76.076319,76319,Seine-Maritime,28.0,Normandie,90.0,2.0,1.0,2,1.0,28,Normandie,76,3,9,Grand-Couronne,9726,177,9903.0
201900035270,24,9,2019,13:45,1,76.0,76231,2,1,1.0,6.0,POUSSIN. RUE NICOLAS,"49,2860400","1,0033200",,76.076231,76231,Seine-Maritime,28.0,Normandie,50.0,4.0,2.0,2,1.0,28,Normandie,76,3,9,Elbeuf,15951,138,16089.0
201900035271,2,10,2019,17:45,1,76.0,76410,1,5,1.0,3.0,A150,"49,4717700","1,0308500",,76.076410,76410,Seine-Maritime,28.0,Normandie,50.0,1.0,3.0,2,1.0,28,Normandie,76,3,4,Maromme,11024,122,11146.0
201900035272,2,10,2019,10:50,1,76.0,76498,2,1,1.0,6.0,JAURES. AVENUE JEAN,"49,4272700","1,0653100",,76.076498,76498,Seine-Maritime,28.0,Normandie,50.0,3.0,2.0,2,1.0,28,Normandie,76,3,27,LePetit-Quevilly,21782,274,22056.0
201900035406,18,1,2019,07:45,2,76.0,76447,2,1,9.0,6.0,FAUBOURG ASSIQUET,"49,5478485","0,1969975",,76.076447,76447,Seine-Maritime,28.0,Normandie,50.0,3.0,2.0,2,7.0,28,Normandie,76,2,15,Montivilliers,15457,203,15660.0
201900035407,13,1,2019,18:00,5,76.0,76259,2,1,1.0,2.0,LORRAIN - D150 (AV),"49,7602700","0,3849800",,76.076259,76259,Seine-Maritime,28.0,Normandie,50.0,3.0,2.0,2,1.0,28,Normandie,76,2,11,Fécamp,18016,269,18285.0
201900035526,2,9,2019,08:29,1,76.0,76658,1,1,1.0,1.0,RD80,"49,5083330","0,3486880",,76.076658,76658,Seine-Maritime,28.0,Normandie,80.0,3.0,2.0,2,1.0,28,Normandie,76,2,32,Saint-Vincent-Cramesnil,701,21,722.0
201900035545,31,8,2019,18:10,1,76.0,76707,2,1,1.0,3.0,COTEAUX (ROUTE DES),"49,8576600","1,0799000",,76.076707,76707,Seine-Maritime,28.0,Normandie,50.0,3.0,2.0,2,1.0,28,Normandie,76,1,7,Tourville-sur-Arques,1193,35,1228.0
201900035762,24,2,2019,12:50,1,76.0,76575,2,1,1.0,6.0,CROIZAT. AVENUE AMBROISE,"49,3762600","1,1025600",,76.076575,76575,Seine-Maritime,28.0,Normandie,50.0,3.0,2.0,2,1.0,28,Normandie,76,3,98,Saint-Étienne-du-Rouvray,28508,225,28733.0
201900035763,27,2,2019,16:20,1,76.0,76351,2,2,1.0,6.0,RENE COTY,"49,4971700","0,1119400",,76.076351,76351,Seine-Maritime,28.0,Normandie,30.0,4.0,2.0,2,1.0,28,Normandie,76,2,96,LeHavre,166058,1780,167838.0
201900035764,23,2,2019,00:20,5,76.0,76351,2,1,1.0,6.0,LUCIEN CORBEAUX (AVENUE),"49,4781100","0,1327900",,76.076351,76351,Seine-Maritime,28.0,Normandie,50.0,4.0,4.0,4,1.0,28,Normandie,76,2,96,LeHavre,166058,1780,167838.0
201900035765,23,2,2019,15:30,1,76.0,76351,2,3,1.0,6.0,BERNARDIN DE SAINT PIERRE,"49,4910500","0,1052400",,76.076351,76351,Seine-Maritime,28.0,Normandie,50.0,4.0,2.0,2,1.0,28,Normandie,76,2,96,LeHavre,166058,1780,167838.0
201900035921,10,4,2019,06:20,3,76.0,76126,1,1,3.0,7.0,A28 Pk 67+500,"49,6774340","1,3387800",,76.076126,76126,Seine-Maritime,28.0,Normandie,130.0,1.0,3.0,4,2.0,28,Normandie,76,1,23,Bosc-Mesnil,325,5,330.0
201900035991,9,4,2019,11:50,1,76.0,76427,2,1,2.0,6.0,Rue de mesnerettes,"49,7653650","1,3695610",,76.076427,76427,Seine-Maritime,28.0,Normandie,50.0,4.0,2.0,2,2.0,28,Normandie,76,1,23,Mesnières-en-Bray,943,252,1195.0
201900035992,8,4,2019,23:30,5,76.0,76563,2,1,1.0,6.0,RD 6015,"49,5262460","0,3310894",,76.076563,76563,Seine-Maritime,28.0,Normandie,50.0,3.0,2.0,2,1.0,28,Normandie,76,2,32,Saint-Aubin-Routot,1954,20,1974.0
201900036050,22,7,2019,17:30,1,76.0,76621,1,1,1.0,7.0,autoroute a28,"49,6685930","1,3143414",,76.076621,76621,Seine-Maritime,28.0,Normandie,130.0,1.0,3.0,4,1.0,28,Normandie,76,1,23,Saint-Martin-OsmonvilLe1179,22,1201,
201900036116,18,7,2019,19:36,1,76.0,76351,2,1,1.0,7.0,PABLO NERUDA (RUE),"49,5043600","0,1539600",,76.076351,76351,Seine-Maritime,28.0,Normandie,50.0,4.0,2.0,2,1.0,28,Normandie,76,2,96,LeHavre,166058,1780,167838.0
201900036141,22,7,2019,14:30,1,76.0,76351,2,1,1.0,6.0,AMIRAL MOUCHEZ (BD),"49,4865000","0,1419800",,76.076351,76351,Seine-Maritime,28.0,Normandie,50.0,3.0,2.0,2,1.0,28,Normandie,76,2,96,LeHavre,166058,1780,167838.0
201900036142,20,7,2019,01:15,5,76.0,76351,2,3,1.0,6.0,REPUBLIQUE (COURS DE LA),"49,4933500","0,1246600",,76.076351,76351,Seine-Maritime,28.0,Normandie,50.0,4.0,2.0,4,1.0,28,Normandie,76,2,96,LeHavre,166058,1780,167838.0
201900036640,8,11,2019,01:30,3,76.0,76223,1,1,1.0,1.0,Route de la Grande Rue,"49,6187970","0,8291800",,76.076223,76223,Seine-Maritime,28.0,Normandie,80.0,3.0,2.0,2,1.0,28,Normandie,76,3,24,Écalles-Alix,528,6,534.0
201900036728,29,10,2019,17:00,1,76.0,76540,2,3,1.0,3.0,CAVELIER DE LA SALLE. QUAI (HAUT),"49,4381300","1,0829300",,76.076540,76540,Seine-Maritime,28.0,Normandie,50.0,4.0,2.0,4,1.0,28,Normandie,76,3,97,Rouen,114083,1556,115639.0
201900036729,31,10,2019,12:10,1,76.0,76351,2,2,1.0,3.0,LEO LAGRANGE (AVENUE),"49,5017000","0,1666000",,76.076351,76351,Seine-Maritime,28.0,Normandie,50.0,4.0,2.0,2,1.0,28,Normandie,76,2,96,LeHavre,166058,1780,167838.0
201900036730,30,10,2019,14:05,1,76.0,76351,2,6,2.0,2.0,VERDUN (RUE DE),"49,5022500","0,1847200",,76.076351,76351,Seine-Maritime,28.0,Normandie,50.0,4.0,3.0,3,2.0,28,Normandie,76,2,96,LeHavre,166058,1780,167838.0
201900036731,29,10,2019,10:20,1,76.0,76341,2,9,8.0,2.0,RD 982,"49,5046600","0,1959600",,76.076341,76341,Seine-Maritime,28.0,Normandie,50.0,3.0,3.0,3,2.0,28,Normandie,76,2,15,Harfleur,8315,53,8368.0
201900036732,29,10,2019,16:10,1,76.0,76351,2,3,2.0,6.0,VERDUN (RUE DE),"49,5022800","0,1608500",,76.076351,76351,Seine-Maritime,28.0,Normandie,50.0,3.0,2.0,2,2.0,28,Normandie,76,2,96,LeHavre,166058,1780,167838.0
201900036733,29,10,2019,18:55,5,76.0,76351,2,1,2.0,6.0,IRENE JOLIOT CURIE (RUE),"49,5161000","0,1058500",,76.076351,76351,Seine-Maritime,28.0,Normandie,50.0,4.0,2.0,2,2.0,28,Normandie,76,2,96,LeHavre,166058,1780,167838.0
201900036775,19,6,2019,12:14,1,76.0,76095,1,1,1.0,3.0,HAUTS GRIGNEUX. AVENUE DES,"49,4668900","1,1346200",,76.076095,76095,Seine-Maritime,28.0,Normandie,50.0,3.0,1.0,2,1.0,28,Normandie,76,3,2,Bihorel,8199,164,8363.0
201900036776,20,6,2019,20:35,1,76.0,76481,2,6,1.0,3.0,MONTIVILLIERS (ROUTE DE),"49,5558200","0,1291700",,76.076481,76481,Seine-Maritime,28.0,Normandie,50.0,4.0,2.0,2,1.0,28,Normandie,76,2,26,Octeville-sur-Mer,6122,119,6241.0
201900036777,20,6,2019,14:46,1,76.0,76351,2,2,1.0,6.0,STRASBOURG (BD),"49,4929100","0,1142800",,76.076351,76351,Seine-Maritime,28.0,Normandie,50.0,4.0,2.0,4,1.0,28,Normandie,76,2,96,LeHavre,166058,1780,167838.0
201900036778,18,6,2019,21:40,2,76.0,76351,2,1,1.0,6.0,ARISTIDE BRIAND,"49,5002000","0,1346100",,76.076351,76351,Seine-Maritime,28.0,Normandie,50.0,3.0,2.0,2,1.0,28,Normandie,76,2,96,LeHavre,166058,1780,167838.0
201900036779,22,6,2019,02:15,3,76.0,76349,2,1,1.0,6.0,DIEPPE (ROUTE DE),"49,9055000","1,0567000",,76.076349,76349,Seine-Maritime,28.0,Normandie,50.0,3.0,2.0,2,1.0,28,Normandie,76,1,7,Hautot-sur-Mer,1887,46,1933.0
201900036933,2,10,2019,17:40,1,76.0,76238,2,2,1.0,3.0,Côte du Cap,"49,5648420","0,2263900",,76.076238,76238,Seine-Maritime,28.0,Normandie,50.0,3.0,2.0,2,1.0,28,Normandie,76,2,26,ÉpouvilLe2641,38,2679,
201900037061,2,10,2019,12:05,1,76.0,76351,2,3,1.0,6.0,LEO LAGRANGE (AVENUE),"49,5018400","0,1652000",,76.076351,76351,Seine-Maritime,28.0,Normandie,30.0,4.0,2.0,2,1.0,28,Normandie,76,2,96,LeHavre,166058,1780,167838.0
201900037062,2,10,2019,11:10,1,76.0,76351,2,1,1.0,6.0,HUIT MAI 1945 (AVENUE DU),"49,5157100","0,1709200",,76.076351,76351,Seine-Maritime,28.0,Normandie,30.0,4.0,2.0,2,1.0,28,Normandie,76,2,96,LeHavre,166058,1780,167838.0
201900037063,1,10,2019,16:25,1,76.0,76351,2,2,1.0,3.0,GRAND HAMEAU (Avenue du ),"49,5242700","0,0968600",,76.076351,76351,Seine-Maritime,28.0,Normandie,50.0,3.0,2.0,2,2.0,28,Normandie,76,2,96,LeHavre,166058,1780,167838.0
201900037348,28,8,2019,18:30,1,76.0,76575,2,1,1.0,6.0,MADRILLET. RUE DU,"49,3924400","1,0730800",,76.076575,76575,Seine-Maritime,28.0,Normandie,50.0,4.0,2.0,2,1.0,28,Normandie,76,3,98,Saint-Étienne-du-Rouvray,28508,225,28733.0
201900037349,27,8,2019,12:15,1,76.0,76410,1,1,1.0,3.0,VALETTE. COTE DE LA (RN 15),"49,4878700","1,0319700",,76.076410,76410,Seine-Maritime,28.0,Normandie,50.0,3.0,2.0,2,1.0,28,Normandie,76,3,4,Maromme,11024,122,11146.0
201900037350,26,8,2019,17:10,1,76.0,76231,2,2,1.0,6.0,RN 840 (RUE DU NEUBOURG),"49,2848000","1,0085400",,76.076231,76231,Seine-Maritime,28.0,Normandie,50.0,3.0,2.0,2,1.0,28,Normandie,76,3,9,Elbeuf,15951,138,16089.0
201900037351,29,8,2019,13:52,1,76.0,76270,2,6,1.0,2.0,JEAN JAURES,"49,5300900","0,1431600",,76.076270,76270,Seine-Maritime,28.0,Normandie,50.0,3.0,-1.0,2,1.0,28,Normandie,76,2,26,Fontaine-la-Mallet,2635,54,2689.0
201900037352,27,8,2019,17:15,1,76.0,76351,2,3,1.0,5.0,GENERAL FERRIE (AVENUE),"49,5098400","0,1745500",,76.076351,76351,Seine-Maritime,28.0,Normandie,50.0,4.0,2.0,3,1.0,28,Normandie,76,2,96,LeHavre,166058,1780,167838.0
201900037353,22,8,2019,16:30,1,76.0,76545,1,1,1.0,1.0,RD 154E,"49,9128900","1,0958200",,76.076545,76545,Seine-Maritime,28.0,Normandie,80.0,3.0,3.0,4,1.0,28,Normandie,76,1,7,Rouxmesnil-BouteilLes1814,33,1847,
201900037354,24,8,2019,20:00,1,76.0,76026,1,9,1.0,1.0,RD 23,"49,8784800","1,1210700",,76.076026,76026,Seine-Maritime,28.0,Normandie,50.0,3.0,2.0,2,1.0,28,Normandie,76,1,8,Arques-la-BatailLe2480,44,2524,
201900037690,6,4,2019,15:00,1,76.0,76396,1,1,1.0,6.0,Route départementale 206,"49,5511280","1,2842770",,76.076396,76396,Seine-Maritime,28.0,Normandie,80.0,3.0,2.0,2,1.0,28,Normandie,76,3,21,Longuerue,341,2,343.0
201900037885,18,7,2019,16:50,1,76.0,76259,2,7,1.0,4.0,DE GAULLE ( PLACE CHARLES),"49,7574100","0,3763100",,76.076259,76259,Seine-Maritime,28.0,Normandie,50.0,4.0,2.0,2,1.0,28,Normandie,76,2,11,Fécamp,18016,269,18285.0
201900037986,22,7,2019,12:10,1,76.0,76319,1,1,1.0,2.0,A13,"49,3390300","1,0157660",,76.076319,76319,Seine-Maritime,28.0,Normandie,130.0,1.0,3.0,3,1.0,28,Normandie,76,3,9,Grand-Couronne,9726,177,9903.0
201900038030,11,12,2019,22:00,5,76.0,76540,2,2,1.0,3.0,RONDEAUX. AVENUE JEAN,"49,4388700","1,0799900",,76.076540,76540,Seine-Maritime,28.0,Normandie,50.0,2.0,2.0,5,1.0,28,Normandie,76,3,97,Rouen,114083,1556,115639.0
201900038031,28,6,2019,15:20,1,76.0,76497,1,1,1.0,2.0,RN 138,"49,3961125","1,0332476",,76.076497,76497,Seine-Maritime,28.0,Normandie,110.0,2.0,3.0,3,1.0,28,Normandie,76,3,13,Petit-Couronne,8688,175,8863.0
201900038032,6,12,2019,11:20,1,76.0,76707,1,1,3.0,4.0,RD 915,"49,8707400","1,1024600",,76.076707,76707,Seine-Maritime,28.0,Normandie,80.0,3.0,2.0,2,2.0,28,Normandie,76,1,7,Tourville-sur-Arques,1193,35,1228.0
201900038985,18,1,2019,08:45,2,76.0,76719,1,1,1.0,1.0,rue André Fiquet RD 150,"49,7449460","0,4831870",,76.076719,76719,Seine-Maritime,28.0,Normandie,80.0,3.0,2.0,2,1.0,28,Normandie,76,2,11,Valmont,867,15,882.0