Num_Acc,jour,mois,an,hrmn,lum,dep,com,agg,int,atm,col,adr,lat,long,gps,com_insee_temp,com_insee,departmentName,regionCode,regionName,vma,catr,circ,nbv,surf,Code,Region,Departement,Arrondissement,Code_Canton,Nom_Commune,Population_municipaLe,Population_comptee_a_part,Population_Totale
201900039497,4,4,2019,22:40,5,76.0,76212,1,1,1.0,6.0,LYONS LA FORET. ROUTE DE,"49,4360300","1,1420600",,76.076212,76212,Seine-Maritime,28.0,Normandie,50.0,3.0,2.0,2,1.0,28,Normandie,76,3,6,Darnétal,9738,74,9812.0
201900039755,19,7,2019,09:40,1,76.0,76540,2,2,1.0,3.0,BELGES. BOULEVARD DES,"49,4416900","1,0834800",,76.076540,76540,Seine-Maritime,28.0,Normandie,50.0,3.0,2.0,6,1.0,28,Normandie,76,3,97,Rouen,114083,1556,115639.0
201900039756,17,7,2019,20:10,1,76.0,76103,2,1,1.0,6.0,REQUIER. RUE ARMAND,"49,4251900","1,1265700",,76.076103,76103,Seine-Maritime,28.0,Normandie,30.0,4.0,2.0,2,1.0,28,Normandie,76,3,6,Bonsecours,6455,95,6550.0
201900039757,18,7,2019,09:00,1,76.0,76497,1,1,1.0,5.0,RN 138,"49,3819700","1,0516200",,76.076497,76497,Seine-Maritime,28.0,Normandie,90.0,2.0,1.0,2,1.0,28,Normandie,76,3,13,Petit-Couronne,8688,175,8863.0
201900039758,17,7,2019,17:17,1,76.0,76575,1,2,1.0,2.0,A 13 - D 18 E (BRETELLE D'ACCES),"49,3811700","1,1097900",,76.076575,76575,Seine-Maritime,28.0,Normandie,70.0,3.0,2.0,4,1.0,28,Normandie,76,3,98,Saint-Étienne-du-Rouvray,28508,225,28733.0
201900039759,17,7,2019,16:10,1,76.0,76351,2,3,1.0,3.0,PIERRE FARCIS,"49,5172900","0,0970600",,76.076351,76351,Seine-Maritime,28.0,Normandie,50.0,4.0,-1.0,2,1.0,28,Normandie,76,2,96,LeHavre,166058,1780,167838.0
201900040481,31,10,2019,12:30,1,76.0,76198,2,1,1.0,1.0,Rue Charles Angrand,"49,6815440","0,8462390",,76.076198,76198,Seine-Maritime,28.0,Normandie,50.0,4.0,-1.0,2,2.0,28,Normandie,76,3,35,Criquetot-sur-OuvilLe788,19,807,
201900040482,31,10,2019,11:30,1,76.0,76115,1,2,8.0,3.0,720 Route de Yébleron,"49,6057030","0,5605620",,76.076115,76115,Seine-Maritime,28.0,Normandie,80.0,3.0,2.0,2,2.0,28,Normandie,76,2,25,BollevilLe585,9,594,
201900040608,19,1,2019,05:55,3,76.0,76303,1,1,1.0,1.0,D10,"49,5540070","0,3502740",,76.076303,76303,Seine-Maritime,28.0,Normandie,80.0,3.0,2.0,2,1.0,28,Normandie,76,2,32,GommervilLe729,8,737,
201900040657,14,1,2019,12:15,1,76.0,76351,2,3,1.0,3.0,PALFRAY,"49,4912300","0,1247300",,76.076351,76351,Seine-Maritime,28.0,Normandie,50.0,4.0,2.0,2,1.0,28,Normandie,76,2,96,LeHavre,166058,1780,167838.0
201900040899,29,9,2019,18:25,1,76.0,76681,2,2,2.0,3.0,RASPAIL. RUE FRANCOIS,"49,4156600","1,0946400",,76.076681,76681,Seine-Maritime,28.0,Normandie,30.0,4.0,2.0,2,2.0,28,Normandie,76,3,99,Sotteville-lès-Rouen,28965,475,29440.0
201900040900,27,9,2019,18:10,1,76.0,76351,2,1,2.0,7.0,LENINGRAD (BD DE),"49,4999900","0,1696500",,76.076351,76351,Seine-Maritime,28.0,Normandie,30.0,6.0,-1.0,-1,2.0,28,Normandie,76,2,96,LeHavre,166058,1780,167838.0
201900041058,1,3,2019,09:20,1,76.0,76404,1,1,8.0,6.0,CD925,"49,5853701","0,2503091",,76.076404,76404,Seine-Maritime,28.0,Normandie,80.0,3.0,2.0,2,1.0,28,Normandie,76,2,26,Manéglise,1264,23,1287.0
201900041107,26,2,2019,14:42,1,76.0,76302,1,3,1.0,3.0,RD 910,"49,6397541","0,3703736",,76.076302,76302,Seine-Maritime,28.0,Normandie,80.0,3.0,2.0,2,1.0,28,Normandie,76,2,32,GodervilLe2839,39,2878,
201900041129,3,3,2019,18:40,3,76.0,76618,1,9,8.0,6.0,route de mahomet - GLICOURT,"49,9294520","1,2553630",,76.076618,76618,Seine-Maritime,28.0,Normandie,80.0,4.0,2.0,2,2.0,28,Normandie,76,1,8,Petit-Caux,9625,210,9835.0
201900041310,27,8,2019,09:30,1,76.0,76244,1,1,1.0,6.0,A28,"49,7204380","1,4308660",,76.076244,76244,Seine-Maritime,28.0,Normandie,130.0,1.0,3.0,4,1.0,28,Normandie,76,1,23,EsclavelLes386,6,392,
201900041795,10,12,2019,09:36,1,76.0,76540,2,1,1.0,7.0,BELGES. BOULEVARD DES,"49,4451800","1,0859500",,76.076540,76540,Seine-Maritime,28.0,Normandie,50.0,3.0,3.0,4,1.0,28,Normandie,76,3,97,Rouen,114083,1556,115639.0
201900041796,9,12,2019,13:39,1,76.0,76575,2,1,1.0,2.0,CROIZAT. AVENUE AMBROISE,"49,3728900","1,1030100",,76.076575,76575,Seine-Maritime,28.0,Normandie,30.0,4.0,2.0,2,2.0,28,Normandie,76,3,98,Saint-Étienne-du-Rouvray,28508,225,28733.0
201900041797,9,12,2019,17:40,2,76.0,76447,2,1,1.0,6.0,FONTAINE LA MALLET (DE),"49,5430800","0,1665700",,76.076447,76447,Seine-Maritime,28.0,Normandie,50.0,3.0,2.0,2,1.0,28,Normandie,76,2,15,Montivilliers,15457,203,15660.0
201900041798,8,12,2019,06:33,5,76.0,76351,2,3,2.0,3.0,JEAN JACQUES ROUSSEAU (PONT),"49,4956800","0,1314700",,76.076351,76351,Seine-Maritime,28.0,Normandie,500.0,4.0,2.0,2,2.0,28,Normandie,76,2,96,LeHavre,166058,1780,167838.0
201900041799,9,12,2019,16:30,1,76.0,76259,2,1,1.0,1.0,DUGLE ( RUE ROBERT),"49,7525300","0,3766100",,76.076259,76259,Seine-Maritime,28.0,Normandie,30.0,4.0,2.0,1,1.0,28,Normandie,76,2,11,Fécamp,18016,269,18285.0
201900042302,5,11,2019,15:07,1,76.0,76108,1,6,1.0,2.0,D1043,"49,4830287","1,1324394",,76.076108,76108,Seine-Maritime,28.0,Normandie,90.0,3.0,2.0,2,1.0,28,Normandie,76,3,2,Bois-Guillaume,14262,361,14623.0
201900042303,5,11,2019,11:35,1,76.0,76216,2,3,1.0,3.0,REPUBLIQUE. RUE DE LA,"49,4724700","1,0425400",,76.076216,76216,Seine-Maritime,28.0,Normandie,50.0,3.0,2.0,2,1.0,28,Normandie,76,3,22,Déville-lès-Rouen,10745,62,10807.0
201900042304,2,11,2019,09:25,1,76.0,76540,2,1,1.0,3.0,SAINT PAUL. PLACE,"49,4346700","1,1058900",,76.076540,76540,Seine-Maritime,28.0,Normandie,50.0,3.0,3.0,4,1.0,28,Normandie,76,3,97,Rouen,114083,1556,115639.0
201900042305,30,10,2019,16:40,1,76.0,76576,1,1,1.0,1.0,D6015,"49,5597700","0,4692100",,76.076576,76576,Seine-Maritime,28.0,Normandie,80.0,3.0,2.0,2,1.0,28,Normandie,76,2,3,Saint-Eustache-la-Forêt,1233,16,1249.0
201900042856,23,9,2019,08:15,1,76.0,76194,2,1,1.0,6.0,BOUT DE LA VILLE ( RUE DU),"49,7374000","0,3378000",,76.076194,76194,Seine-Maritime,28.0,Normandie,50.0,3.0,2.0,2,1.0,28,Normandie,76,2,11,Criquebeuf-en-Caux,403,6,409.0
201900042999,31,8,2019,16:15,1,76.0,76636,1,1,1.0,6.0,route départemenale 43,"49,4956870","0,9079510",,76.076636,76636,Seine-Maritime,28.0,Normandie,50.0,3.0,2.0,2,1.0,28,Normandie,76,3,1,Saint-Pierre-de-VarengevilLe2299,33,2332,
201900043000,29,8,2019,08:10,1,76.0,76115,1,2,8.0,3.0,RD 6015,"49,5924040","0,5720200",,76.076115,76115,Seine-Maritime,28.0,Normandie,80.0,3.0,2.0,2,1.0,28,Normandie,76,2,25,BollevilLe585,9,594,
201900043002,31,8,2019,11:05,1,76.0,76572,1,1,1.0,2.0,Le Haut de St Denis,"49,8562980","0,9258360",,76.076572,76572,Seine-Maritime,28.0,Normandie,80.0,3.0,2.0,2,1.0,28,Normandie,76,1,7,Saint-Denis-d'Aclon,125,2,127.0
201900043176,7,4,2019,08:00,1,76.0,76705,1,9,1.0,6.0,échangeur 21,"49,3264730","1,0904600",,76.076705,76705,Seine-Maritime,28.0,Normandie,50.0,1.0,3.0,1,2.0,28,Normandie,76,3,5,Tourville-la-Rivière,2568,19,2587.0
201900043213,5,4,2019,18:00,1,76.0,76758,1,2,1.0,3.0,RD 131 E,"49,6143140","0,7835290",,76.076758,76758,Seine-Maritime,28.0,Normandie,80.0,3.0,2.0,2,1.0,28,Normandie,76,3,35,Yvetot,11385,208,11593.0
201900043214,6,4,2019,19:00,1,76.0,76432,1,1,1.0,6.0,3 Route de Neufchâtel,"49,6639539","1,5132209",,76.076432,76432,Seine-Maritime,28.0,Normandie,70.0,3.0,2.0,2,1.0,28,Normandie,76,1,12,Mesnil-Mauger,245,4,249.0
201900043337,19,7,2019,18:30,1,76.0,76605,2,3,1.0,1.0,Chemin Sous les Bruyères,"49,9098310","0,9579206",,76.076605,76605,Seine-Maritime,28.0,Normandie,50.0,4.0,-1.0,2,1.0,28,Normandie,76,1,7,Sainte-Marguerite-sur-Mer,464,13,477.0
201900043477,20,7,2019,06:30,2,76.0,76057,1,9,1.0,6.0,D67,"49,5275300","0,9621430",,76.076057,76057,Seine-Maritime,28.0,Normandie,80.0,3.0,3.0,2,1.0,28,Normandie,76,3,1,Barentin,12154,238,12392.0
201900043657,6,12,2019,18:50,5,76.0,76540,2,1,1.0,6.0,CORNEILLE. PONT PIERRE,"49,4358400","1,0956000",,76.076540,76540,Seine-Maritime,28.0,Normandie,50.0,4.0,2.0,2,2.0,28,Normandie,76,3,97,Rouen,114083,1556,115639.0
201900043658,6,12,2019,12:15,1,76.0,76540,2,2,1.0,3.0,SAINT JULIEN. RUE,"49,4245200","1,0710500",,76.076540,76540,Seine-Maritime,28.0,Normandie,50.0,4.0,-1.0,2,1.0,28,Normandie,76,3,97,Rouen,114083,1556,115639.0
201900044259,6,11,2019,20:00,3,76.0,76244,1,1,2.0,7.0,D928,"49,7056480","1,3994730",,76.076244,76244,Seine-Maritime,28.0,Normandie,80.0,3.0,2.0,2,2.0,28,Normandie,76,1,23,EsclavelLes386,6,392,
201900044284,20,2,2019,16:50,1,76.0,76540,2,1,1.0,1.0,DESSEAUX. RUE,"49,4309900","1,0930200",,76.076540,76540,Seine-Maritime,28.0,Normandie,50.0,4.0,2.0,2,1.0,28,Normandie,76,3,97,Rouen,114083,1556,115639.0
201900044353,4,11,2019,19:15,5,76.0,76575,2,1,1.0,6.0,CROIZAT. AVENUE AMBROISE,"49,3705100","1,1049900",,76.076575,76575,Seine-Maritime,28.0,Normandie,50.0,3.0,-1.0,2,1.0,28,Normandie,76,3,98,Saint-Étienne-du-Rouvray,28508,225,28733.0
201900044354,4,11,2019,21:25,5,76.0,76447,2,1,2.0,6.0,BELLE ETOILE,"49,5352000","0,1771100",,76.076447,76447,Seine-Maritime,28.0,Normandie,70.0,4.0,2.0,2,2.0,28,Normandie,76,2,15,Montivilliers,15457,203,15660.0
201900044355,1,11,2019,19:08,5,76.0,76351,2,1,3.0,6.0,FLEURUS (DE),"49,4906560","0,1398460",,76.076351,76351,Seine-Maritime,28.0,Normandie,50.0,4.0,2.0,1,2.0,28,Normandie,76,2,96,LeHavre,166058,1780,167838.0
201900044432,12,1,2019,12:00,1,76.0,76414,1,1,2.0,1.0,D1,"49,8947600","1,1359000",,76.076414,76414,Seine-Maritime,28.0,Normandie,80.0,3.0,2.0,2,2.0,28,Normandie,76,1,8,Martin-Église,1600,55,1655.0
201900044591,28,9,2019,13:00,1,76.0,76709,2,1,1.0,6.0,172 Rue Aristide Briand,"49,4807380","0,8094280",,76.076709,76709,Seine-Maritime,28.0,Normandie,50.0,3.0,2.0,2,1.0,28,Normandie,76,3,1,LeTrait,4780,38,4818.0
201900044592,30,9,2019,08:20,1,76.0,76591,1,1,1.0,3.0,Route de Gournay,"49,4427853","1,1936285",,76.076591,76591,Seine-Maritime,28.0,Normandie,70.0,2.0,2.0,2,2.0,28,Normandie,76,3,6,Saint-Jacques-sur-Darnétal,3152,49,3201.0
201900044812,31,8,2019,00:50,3,76.0,76682,1,1,1.0,2.0,A13,"49,3177180","1,1055020",,76.076682,76682,Seine-Maritime,28.0,Normandie,-1.0,1.0,-1.0,3,1.0,28,Normandie,76,3,5,Sotteville-sous-le-Val,742,4,746.0
201900044915,28,8,2019,17:00,1,76.0,76057,1,3,1.0,3.0,Rue Pierre et Marie Curie,"49,5363440","0,9599690",,76.076057,76057,Seine-Maritime,28.0,Normandie,70.0,3.0,2.0,2,1.0,28,Normandie,76,3,1,Barentin,12154,238,12392.0
201900044916,30,8,2019,18:55,1,76.0,76727,1,1,1.0,6.0,Route d'Aizier,"49,4498322","0,6592011",,76.076727,76727,Seine-Maritime,28.0,Normandie,80.0,3.0,2.0,1,1.0,28,Normandie,76,3,25,Vatteville-la-Rue,1133,22,1155.0
201900044917,26,8,2019,11:20,1,76.0,76758,2,2,1.0,6.0,le mail,"49,6167530","0,7528010",,76.076758,76758,Seine-Maritime,28.0,Normandie,50.0,3.0,2.0,2,1.0,28,Normandie,76,3,35,Yvetot,11385,208,11593.0
201900044918,23,8,2019,16:50,1,76.0,76250,1,2,7.0,3.0,route d'etretat,"49,5597060","0,3209860",,76.076250,76250,Seine-Maritime,28.0,Normandie,80.0,3.0,2.0,2,1.0,28,Normandie,76,2,32,Étainhus,1210,28,1238.0
201900044919,27,8,2019,17:15,1,76.0,76313,1,1,1.0,5.0,RD 6015 PK 3 + 400,"49,3545190","1,1297920",,76.076313,76313,Seine-Maritime,28.0,Normandie,80.0,3.0,2.0,1,1.0,28,Normandie,76,3,6,Gouy,895,15,910.0
201900045088,1,4,2019,16:20,1,76.0,76540,2,1,1.0,6.0,SAINT JULIEN. RUE,"49,4262000","1,0750400",,76.076540,76540,Seine-Maritime,28.0,Normandie,30.0,4.0,2.0,2,1.0,28,Normandie,76,3,97,Rouen,114083,1556,115639.0
201900045089,30,3,2019,11:00,1,76.0,76270,2,1,1.0,1.0,JEAN JAURES,"49,5355633","0,1464773",,76.076270,76270,Seine-Maritime,28.0,Normandie,50.0,3.0,2.0,2,1.0,28,Normandie,76,2,26,Fontaine-la-Mallet,2635,54,2689.0
201900045090,29,3,2019,18:10,1,76.0,76351,2,1,1.0,4.0,ACACIAS (DES),"49,5079300","0,1374200",,76.076351,76351,Seine-Maritime,28.0,Normandie,50.0,3.0,2.0,2,1.0,28,Normandie,76,2,96,LeHavre,166058,1780,167838.0
201900045091,30,3,2019,17:50,1,76.0,76447,1,1,1.0,6.0,MELAY  ( RTE DU ),"49,5647700","0,2033300",,76.076447,76447,Seine-Maritime,28.0,Normandie,80.0,4.0,2.0,2,1.0,28,Normandie,76,2,15,Montivilliers,15457,203,15660.0
201900045152,31,3,2019,01:30,5,76.0,76552,2,1,1.0,6.0,IGNAUVAL (D'),"49,5130500","0,0842600",,76.076552,76552,Seine-Maritime,28.0,Normandie,50.0,3.0,2.0,2,2.0,28,Normandie,76,2,19,Sainte-Adresse,7116,188,7304.0
201900045301,16,7,2019,15:20,1,76.0,76618,1,1,1.0,3.0,RD925 - Pk 106.950,"49,9520000","1,2211000",,76.076618,76618,Seine-Maritime,28.0,Normandie,80.0,3.0,2.0,2,1.0,28,Normandie,76,1,8,Petit-Caux,9625,210,9835.0
201900045384,28,11,2019,23:15,3,76.0,76456,1,1,3.0,5.0,Motteville,"49,6183660","0,8505200",,76.076456,76456,Seine-Maritime,28.0,Normandie,130.0,1.0,3.0,4,4.0,28,Normandie,76,3,35,MottevilLe771,11,782,
201900045797,18,6,2019,00:40,5,76.0,76540,2,2,1.0,3.0,LECANUET. RUE JEAN,"49,4447300","1,0921800",,76.076540,76540,Seine-Maritime,28.0,Normandie,50.0,4.0,2.0,2,1.0,28,Normandie,76,3,97,Rouen,114083,1556,115639.0
201900045798,14,6,2019,18:10,1,76.0,76540,2,1,1.0,6.0,CAEN. AVENUE DE,"49,4301600","1,0769600",,76.076540,76540,Seine-Maritime,28.0,Normandie,50.0,3.0,2.0,2,1.0,28,Normandie,76,3,97,Rouen,114083,1556,115639.0
201900045799,11,6,2019,09:00,1,76.0,76498,1,1,1.0,6.0,SUD III (RN 338),"49,4196900","1,0500100",,76.076498,76498,Seine-Maritime,28.0,Normandie,90.0,2.0,1.0,2,1.0,28,Normandie,76,3,27,LePetit-Quevilly,21782,274,22056.0
201900045800,9,6,2019,17:30,1,76.0,76157,1,4,1.0,5.0,VALETTE. RUE DE LA (CD 51),"49,4630800","1,0411600",,76.076157,76157,Seine-Maritime,28.0,Normandie,50.0,3.0,2.0,3,1.0,28,Normandie,76,3,4,Canteleu,13966,360,14326.0
201900045801,7,6,2019,22:50,5,76.0,76540,1,1,1.0,7.0,ROCADE Nord-Est,"49,4517800","1,1456400",,76.076540,76540,Seine-Maritime,28.0,Normandie,90.0,2.0,1.0,2,2.0,28,Normandie,76,3,97,Rouen,114083,1556,115639.0
201900045802,7,6,2019,14:00,1,76.0,76540,2,2,1.0,6.0,LECANUET. RUE JEAN,"49,4446700","1,0921300",,76.076540,76540,Seine-Maritime,28.0,Normandie,30.0,4.0,2.0,2,1.0,28,Normandie,76,3,97,Rouen,114083,1556,115639.0
201900045803,5,6,2019,21:05,1,76.0,76540,2,2,1.0,2.0,GALLIENI. RUE DU MARECHAL,"49,4178600","1,0768100",,76.076540,76540,Seine-Maritime,28.0,Normandie,50.0,4.0,2.0,2,1.0,28,Normandie,76,3,97,Rouen,114083,1556,115639.0
201900045804,4,6,2019,17:50,1,76.0,76108,2,2,1.0,3.0,EGLISE. RUE DE L',"49,4668600","1,1079800",,76.076108,76108,Seine-Maritime,28.0,Normandie,50.0,4.0,2.0,2,1.0,28,Normandie,76,3,2,Bois-Guillaume,14262,361,14623.0
201900045805,1,6,2019,15:00,1,76.0,76540,2,2,1.0,3.0,SAINT SEVER. RUE,"49,4347900","1,0936000",,76.076540,76540,Seine-Maritime,28.0,Normandie,50.0,4.0,3.0,2,1.0,28,Normandie,76,3,97,Rouen,114083,1556,115639.0
201900045806,30,5,2019,19:25,1,76.0,76540,2,2,1.0,3.0,CORNEILLE. QUAI (HAUT) PIERRE,"49,4380400","1,0918700",,76.076540,76540,Seine-Maritime,28.0,Normandie,50.0,3.0,3.0,4,1.0,28,Normandie,76,3,97,Rouen,114083,1556,115639.0
201900045807,15,6,2019,04:01,2,76.0,76351,2,1,1.0,6.0,SAONE (QUAI DE LA),"49,4828000","0,1370800",,76.076351,76351,Seine-Maritime,28.0,Normandie,20.0,4.0,2.0,2,1.0,28,Normandie,76,2,96,LeHavre,166058,1780,167838.0
201900045808,14,6,2019,10:50,1,76.0,76351,2,2,1.0,6.0,DEMIDOFF (RUE),"49,4975200","0,1341000",,76.076351,76351,Seine-Maritime,28.0,Normandie,50.0,4.0,2.0,2,1.0,28,Normandie,76,2,96,LeHavre,166058,1780,167838.0
201900045809,15,6,2019,00:45,3,76.0,76481,2,6,1.0,7.0,RD 6382,"49,5317800","0,1032500",,76.076481,76481,Seine-Maritime,28.0,Normandie,50.0,3.0,3.0,4,1.0,28,Normandie,76,2,26,Octeville-sur-Mer,6122,119,6241.0
201900045810,6,6,2019,08:47,1,76.0,76351,1,1,1.0,6.0,LOUIS LUMIERE,"49,5284300","0,1336700",,76.076351,76351,Seine-Maritime,28.0,Normandie,70.0,3.0,2.0,2,1.0,28,Normandie,76,2,96,LeHavre,166058,1780,167838.0
201900045811,1,6,2019,13:25,1,76.0,76341,2,6,1.0,2.0,BREQUE,"49,5045000","0,1962000",,76.076341,76341,Seine-Maritime,28.0,Normandie,50.0,3.0,3.0,5,1.0,28,Normandie,76,2,15,Harfleur,8315,53,8368.0
201900045812,30,5,2019,00:00,5,76.0,76351,2,1,1.0,6.0,PAUL BERT (AVENUE).,"49,5066986","0,1696873",,76.076351,76351,Seine-Maritime,28.0,Normandie,50.0,4.0,-1.0,2,1.0,28,Normandie,76,2,96,LeHavre,166058,1780,167838.0
201900045813,31,5,2019,18:10,1,76.0,76351,2,2,1.0,3.0,REPUBLIQUE (COURS DE LA),"49,4960100","0,1266600",,76.076351,76351,Seine-Maritime,28.0,Normandie,50.0,4.0,2.0,4,1.0,28,Normandie,76,2,96,LeHavre,166058,1780,167838.0
201900045814,29,5,2019,13:50,1,76.0,76351,2,1,1.0,1.0,EUGENE MOPIN (RUE),"49,5190300","0,1581600",,76.076351,76351,Seine-Maritime,28.0,Normandie,50.0,3.0,2.0,4,1.0,28,Normandie,76,2,96,LeHavre,166058,1780,167838.0
201900045815,30,5,2019,21:35,2,76.0,76351,2,2,1.0,2.0,GUSTAVE BRINDEAU (RUE),"49,4925700","0,1395000",,76.076351,76351,Seine-Maritime,28.0,Normandie,50.0,4.0,2.0,2,1.0,28,Normandie,76,2,96,LeHavre,166058,1780,167838.0
201900045816,28,5,2019,16:40,1,76.0,76351,2,1,1.0,3.0,BOIS AU COQ (AVENUE),"49,5102800","0,1315600",,76.076351,76351,Seine-Maritime,28.0,Normandie,50.0,4.0,3.0,2,1.0,28,Normandie,76,2,96,LeHavre,166058,1780,167838.0
201900045817,4,6,2019,18:39,1,76.0,76565,1,3,8.0,2.0,RD 915,"49,8827300","1,0902600",,76.076565,76565,Seine-Maritime,28.0,Normandie,80.0,3.0,2.0,2,2.0,28,Normandie,76,1,7,Saint-Aubin-sur-Scie,1202,101,1303.0
201900045993,22,2,2019,12:20,1,76.0,76540,2,2,1.0,3.0,EUROPE. BOULEVARD DE L',"49,4272000","1,0836200",,76.076540,76540,Seine-Maritime,28.0,Normandie,50.0,4.0,3.0,3,1.0,28,Normandie,76,3,97,Rouen,114083,1556,115639.0
201900046239,10,1,2019,00:35,5,76.0,76540,2,1,1.0,6.0,GRAND COURS. AVENUE DU,"49,4276700","1,1029900",,76.076540,76540,Seine-Maritime,28.0,Normandie,70.0,3.0,3.0,5,2.0,28,Normandie,76,3,97,Rouen,114083,1556,115639.0
201900046240,8,1,2019,00:50,5,76.0,76540,2,1,2.0,6.0,LA FAYETTE. RUE,"49,4329500","1,0900900",,76.076540,76540,Seine-Maritime,28.0,Normandie,50.0,4.0,2.0,2,2.0,28,Normandie,76,3,97,Rouen,114083,1556,115639.0
201900046241,10,1,2019,13:00,1,76.0,76351,2,2,1.0,3.0,ALEMBERT,"49,5122100","0,1103100",,76.076351,76351,Seine-Maritime,28.0,Normandie,50.0,4.0,2.0,2,1.0,28,Normandie,76,2,96,LeHavre,166058,1780,167838.0
201900046242,8,1,2019,20:15,5,76.0,76351,2,1,1.0,4.0,APLEMONT (AVENUE D'),"49,5030000","0,1813000",,76.076351,76351,Seine-Maritime,28.0,Normandie,50.0,4.0,2.0,2,1.0,28,Normandie,76,2,96,LeHavre,166058,1780,167838.0
201900046243,8,1,2019,18:30,1,76.0,76351,2,1,1.0,6.0,CLEMENT MARICAL,"49,5010900","0,0960500",,76.076351,76351,Seine-Maritime,28.0,Normandie,50.0,4.0,1.0,1,1.0,28,Normandie,76,2,96,LeHavre,166058,1780,167838.0
201900046244,8,1,2019,08:45,1,76.0,76324,1,1,1.0,2.0,RD 925,"49,9304300","1,1377400",,76.076324,76324,Seine-Maritime,28.0,Normandie,80.0,3.0,2.0,2,1.0,28,Normandie,76,1,8,Grèges,841,15,856.0
201900046448,26,9,2019,16:00,1,76.0,76402,2,1,1.0,6.0,MARTYRS DE LA RESISTANCE. RUE DES,"49,5267700","1,0404600",,76.076402,76402,Seine-Maritime,28.0,Normandie,30.0,4.0,1.0,1,1.0,28,Normandie,76,3,24,Malaunay,6143,49,6192.0
201900046662,26,8,2019,19:15,1,76.0,76317,1,2,1.0,3.0,Route du Fond de Grainville,"49,6511080","0,4017740",,76.076317,76317,Seine-Maritime,28.0,Normandie,80.0,3.0,2.0,2,1.0,28,Normandie,76,2,32,Grainville-YmauvilLe426,12,438,
201900046663,26,8,2019,06:15,2,76.0,76419,2,1,5.0,6.0,D64,"49,4004860","0,9206040",,76.076419,76419,Seine-Maritime,28.0,Normandie,80.0,3.0,2.0,2,1.0,28,Normandie,76,3,1,Mauny,155,6,161.0
201900046733,20,8,2019,20:27,2,76.0,76351,2,2,1.0,3.0,VAUBAN,"49,4898200","0,1193900",,76.076351,76351,Seine-Maritime,28.0,Normandie,50.0,4.0,2.0,4,1.0,28,Normandie,76,2,96,LeHavre,166058,1780,167838.0
201900046786,11,3,2019,04:30,3,76.0,76654,2,2,1.0,7.0,Rue François Prevel,"49,6921360","1,0073107",,76.076654,76654,Seine-Maritime,28.0,Normandie,30.0,3.0,2.0,2,1.0,28,Normandie,76,1,20,Saint-Vaast-du-Val,465,10,475.0
201900046812,31,3,2019,12:50,1,76.0,76484,1,1,1.0,3.0,A139 PK 001+000,"49,3444830","1,0451200",,76.076484,76484,Seine-Maritime,28.0,Normandie,110.0,1.0,1.0,2,1.0,28,Normandie,76,3,31,Oissel,12367,83,12450.0
201900046859,29,3,2019,23:00,5,76.0,76351,2,2,1.0,3.0,FRANCOIS 1ER (BD),"49,4871780","0,1033660",,76.076351,76351,Seine-Maritime,28.0,Normandie,50.0,4.0,3.0,6,1.0,28,Normandie,76,2,96,LeHavre,166058,1780,167838.0
201900046860,31,3,2019,19:20,1,76.0,76351,2,1,1.0,6.0,HUIT MAI 1945 (AVENUE DU),"49,5160400","0,1698400",,76.076351,76351,Seine-Maritime,28.0,Normandie,50.0,4.0,3.0,2,1.0,28,Normandie,76,2,96,LeHavre,166058,1780,167838.0
201900046861,31,3,2019,06:25,3,76.0,76349,1,1,1.0,6.0,FALAISES (ROUTE DES),"49,9171000","1,0385500",,76.076349,76349,Seine-Maritime,28.0,Normandie,70.0,3.0,2.0,2,1.0,28,Normandie,76,1,7,Hautot-sur-Mer,1887,46,1933.0
201900046947,18,7,2019,09:24,1,76.0,76495,1,3,1.0,3.0,Route d'Émanville,"49,5974110","0,9536670",,76.076495,76495,Seine-Maritime,28.0,Normandie,70.0,3.0,2.0,2,1.0,28,Normandie,76,3,24,Pavilly,6121,53,6174.0
201900046984,15,7,2019,21:40,1,76.0,76157,1,1,1.0,1.0,CANTELEU. COTE DE (CD 982),"49,4414200","1,0329100",,76.076157,76157,Seine-Maritime,28.0,Normandie,50.0,3.0,2.0,3,1.0,28,Normandie,76,3,4,Canteleu,13966,360,14326.0
201900046985,15,7,2019,18:20,1,76.0,76296,2,2,1.0,3.0,CHATAIGNIERS(COTE DES),"49,5235000","0,2610000",,76.076296,76296,Seine-Maritime,28.0,Normandie,50.0,3.0,2.0,2,1.0,28,Normandie,76,2,16,GainnevilLe2511,39,2550,
201900046986,14,7,2019,13:50,1,76.0,76351,2,3,1.0,4.0,SOCRATE,"49,5143500","0,1573900",,76.076351,76351,Seine-Maritime,28.0,Normandie,50.0,4.0,2.0,2,1.0,28,Normandie,76,2,96,LeHavre,166058,1780,167838.0
201900047077,11,7,2019,02:00,3,76.0,76609,1,1,1.0,7.0,D940,"49,6554700","0,1944930",,76.076609,76609,Seine-Maritime,28.0,Normandie,80.0,3.0,2.0,2,1.0,28,Normandie,76,2,26,Sainte-Marie-au-Bosc,363,11,374.0
201900047123,7,12,2019,01:15,3,76.0,76224,1,1,1.0,6.0,Les Partages,"49,6450970","0,2959870",,76.076224,76224,Seine-Maritime,28.0,Normandie,70.0,3.0,2.0,2,2.0,28,Normandie,76,2,32,ÉcrainvilLe969,19,988,