Num_Acc,jour,mois,an,hrmn,lum,dep,com,agg,int,atm,col,adr,lat,long,gps,com_insee_temp,com_insee,departmentName,regionCode,regionName,vma,catr,circ,nbv,surf,Code,Region,Departement,Arrondissement,Code_Canton,Nom_Commune,Population_municipaLe,Population_comptee_a_part,Population_Totale
201900047127,9,12,2019,13:40,1,76.0,76255,2,1,1.0,6.0,120 Chaussee de Picardie,"50,0541450","1,4226350",,76.076255,76255,Seine-Maritime,28.0,Normandie,50.0,3.0,2.0,2,1.0,28,Normandie,76,1,10,Eu,6591,197,6788.0
201900047335,30,5,2019,05:10,3,76.0,76288,1,1,1.0,6.0,Rue des Essarts,"49,8099639","1,2558532",,76.076288,76288,Seine-Maritime,28.0,Normandie,50.0,3.0,-1.0,2,1.0,28,Normandie,76,1,8,FreullevilLe370,6,376,
201900047336,9,5,2019,12:40,1,76.0,76624,2,9,2.0,7.0,Rue robert lefranc,"49,8771170","1,2310470",,76.076624,76624,Seine-Maritime,28.0,Normandie,50.0,3.0,2.0,2,2.0,28,Normandie,76,1,8,Saint-Nicolas-d'Aliermont,3764,59,3823.0
201900047820,22,2,2019,00:15,4,76.0,76286,2,1,5.0,6.0,Route de Londinières,"49,8875940","1,4281350",,76.076286,76286,Seine-Maritime,28.0,Normandie,50.0,3.0,2.0,2,1.0,28,Normandie,76,1,23,Fresnoy-Folny,672,8,680.0
201900047855,5,11,2019,07:15,2,76.0,76012,1,1,1.0,1.0,RD11,"49,6678320","0,4583370",,76.076012,76012,Seine-Maritime,28.0,Normandie,80.0,3.0,2.0,2,2.0,28,Normandie,76,2,32,Angerville-Bailleul,183,3,186.0
201900048220,28,9,2019,13:00,1,76.0,76744,1,3,8.0,3.0,La Basse Belloye,"49,8346850","1,5449560",,76.076744,76744,Seine-Maritime,28.0,Normandie,80.0,3.0,2.0,2,1.0,28,Normandie,76,1,10,Villers-sous-Foucarmont,185,3,188.0
201900048428,23,8,2019,01:10,5,76.0,76540,2,2,1.0,2.0,BRETAGNE. AVENUE DE,"49,4330859","1,0852094",,76.076540,76540,Seine-Maritime,28.0,Normandie,50.0,3.0,3.0,5,1.0,28,Normandie,76,3,97,Rouen,114083,1556,115639.0
201900048429,21,8,2019,01:00,5,76.0,76351,2,2,1.0,6.0,AUGUSTE BLANQUI,"49,5022300","0,1610100",,76.076351,76351,Seine-Maritime,28.0,Normandie,50.0,4.0,2.0,2,1.0,28,Normandie,76,2,96,LeHavre,166058,1780,167838.0
201900048634,15,7,2019,16:25,1,76.0,76351,2,3,1.0,6.0,HOTEL DE VILLE (PLACE DE),"49,4923700","0,1069500",,76.076351,76351,Seine-Maritime,28.0,Normandie,50.0,4.0,1.0,2,1.0,28,Normandie,76,2,96,LeHavre,166058,1780,167838.0
201900048635,13,7,2019,12:25,1,76.0,76351,2,3,1.0,3.0,GERANIUMS (DES),"49,5054000","0,1691000",,76.076351,76351,Seine-Maritime,28.0,Normandie,50.0,4.0,2.0,2,1.0,28,Normandie,76,2,96,LeHavre,166058,1780,167838.0
201900048636,12,7,2019,16:34,1,76.0,76351,2,1,1.0,7.0,RENE COTY,"49,4975700","0,1136700",,76.076351,76351,Seine-Maritime,28.0,Normandie,30.0,4.0,2.0,2,1.0,28,Normandie,76,2,96,LeHavre,166058,1780,167838.0
201900048760,30,3,2019,12:10,1,76.0,76192,1,1,1.0,1.0,D 925,"50,0157800","1,3160240",,76.076192,76192,Seine-Maritime,28.0,Normandie,80.0,3.0,2.0,2,1.0,28,Normandie,76,1,10,Criel-sur-Mer,2596,54,2650.0
201900048934,30,3,2019,10:45,1,76.0,76565,1,1,1.0,2.0,RD 915,"49,8931200","1,0798200",,76.076565,76565,Seine-Maritime,28.0,Normandie,80.0,3.0,2.0,2,1.0,28,Normandie,76,1,7,Saint-Aubin-sur-Scie,1202,101,1303.0
201900049012,25,5,2019,02:45,3,76.0,76686,1,2,1.0,3.0,VC1 - VC 202,"49,7545240","0,5385120",,76.076686,76686,Seine-Maritime,28.0,Normandie,80.0,4.0,2.0,2,1.0,28,Normandie,76,2,11,Theuville-aux-Maillots,530,8,538.0
201900049013,5,5,2019,09:30,1,76.0,76015,2,9,1.0,6.0,Rue d'Iclon,"49,8304580","0,7941340",,76.076015,76015,Seine-Maritime,28.0,Normandie,70.0,3.0,2.0,2,1.0,28,Normandie,76,1,33,Angiens,516,9,525.0
201900049014,4,5,2019,18:10,1,76.0,76219,2,2,1.0,3.0,rue de bad nenndorf,"49,7209146","0,7766152",,76.076219,76219,Seine-Maritime,28.0,Normandie,50.0,3.0,2.0,2,2.0,28,Normandie,76,3,35,DoudevilLe2460,51,2511,
201900049015,1,5,2019,19:50,2,76.0,76750,1,1,1.0,6.0,D982,"49,4599890","0,8345770",,76.076750,76750,Seine-Maritime,28.0,Normandie,80.0,3.0,2.0,2,1.0,28,Normandie,76,3,1,YainvilLe1037,13,1050,
201900049016,28,5,2019,16:25,1,76.0,76258,1,1,1.0,1.0,Route de la Chaussée Romaine (Sainte-Marguerite-sur-Fauville),"49,6710030","0,5945470",,76.076258,76258,Seine-Maritime,28.0,Normandie,80.0,3.0,2.0,2,1.0,28,Normandie,76,2,33,Terres-de-Caux,4208,112,4320.0
201900049017,24,5,2019,17:18,1,76.0,76126,2,1,1.0,1.0,D118 - route du village,"49,6617315","1,3467251",,76.076126,76126,Seine-Maritime,28.0,Normandie,50.0,3.0,2.0,2,1.0,28,Normandie,76,1,23,Bosc-Mesnil,325,5,330.0
201900049018,11,5,2019,19:00,1,76.0,76197,1,3,1.0,1.0,CD 149,"49,7793246","1,0780738",,76.076197,76197,Seine-Maritime,28.0,Normandie,70.0,3.0,2.0,2,1.0,28,Normandie,76,1,20,Criquetot-sur-LonguevilLe217,2,219,
201900049190,5,12,2019,07:15,2,76.0,76410,1,1,1.0,4.0,A150,"49,4720470","1,0299683",,76.076410,76410,Seine-Maritime,28.0,Normandie,90.0,1.0,3.0,4,1.0,28,Normandie,76,3,4,Maromme,11024,122,11146.0
201900049191,5,12,2019,18:34,3,76.0,76319,1,1,1.0,6.0,RN 138,"49,3414100","0,9987300",,76.076319,76319,Seine-Maritime,28.0,Normandie,90.0,2.0,3.0,2,1.0,28,Normandie,76,3,9,Grand-Couronne,9726,177,9903.0
201900049192,4,12,2019,12:45,1,76.0,76540,2,1,1.0,6.0,BELGES. BOULEVARD DES,"49,4457300","1,0863800",,76.076540,76540,Seine-Maritime,28.0,Normandie,50.0,3.0,2.0,0,1.0,28,Normandie,76,3,97,Rouen,114083,1556,115639.0
201900049193,5,12,2019,09:00,1,76.0,76575,2,3,1.0,2.0,CROIZAT. AVENUE AMBROISE,"49,3728100","1,1030000",,76.076575,76575,Seine-Maritime,28.0,Normandie,50.0,4.0,2.0,2,1.0,28,Normandie,76,3,98,Saint-Étienne-du-Rouvray,28508,225,28733.0
201900049194,4,12,2019,07:40,2,76.0,76498,2,1,1.0,6.0,11 NOVEMBRE. BOULEVARD DU,"49,4171600","1,0701400",,76.076498,76498,Seine-Maritime,28.0,Normandie,50.0,3.0,2.0,4,1.0,28,Normandie,76,3,27,LePetit-Quevilly,21782,274,22056.0
201900049195,5,12,2019,15:50,1,76.0,76447,1,1,1.0,1.0,RD 31,"49,5484016","0,2173755",,76.076447,76447,Seine-Maritime,28.0,Normandie,80.0,3.0,2.0,0,1.0,28,Normandie,76,2,15,Montivilliers,15457,203,15660.0
201900049556,21,2,2019,20:00,3,76.0,76360,1,1,5.0,6.0,"N27, pk 029+300, sens DIEPPE - ROUEN","49,7346900","1,0992670",,76.076360,76360,Seine-Maritime,28.0,Normandie,110.0,2.0,3.0,4,1.0,28,Normandie,76,1,20,Heugleville-sur-Scie,648,9,657.0
201900049557,21,2,2019,20:00,3,76.0,76360,1,1,5.0,6.0,"N27, pk 029+400, sens ROUEN / DIEPPE","49,7366847","1,0675514",,76.076360,76360,Seine-Maritime,28.0,Normandie,110.0,2.0,3.0,4,1.0,28,Normandie,76,1,20,Heugleville-sur-Scie,648,9,657.0
201900049731,28,10,2019,13:15,1,76.0,76540,2,5,1.0,1.0,DUPUIS. RUE ALBERT,"49,4608800","1,1308800",,76.076540,76540,Seine-Maritime,28.0,Normandie,50.0,4.0,3.0,4,1.0,28,Normandie,76,3,97,Rouen,114083,1556,115639.0
201900049912,11,1,2019,18:10,5,76.0,76141,2,2,1.0,7.0,ROUTE DÉPARTEMENTALE D910,"49,6274420","0,3977410",,76.076141,76141,Seine-Maritime,28.0,Normandie,50.0,3.0,2.0,2,2.0,28,Normandie,76,2,32,Bréauté,1365,13,1378.0
201900050064,27,9,2019,16:00,1,76.0,76039,2,1,1.0,5.0,Rue de l'assemblée,"49,3512840","1,1278820",,76.076039,76039,Seine-Maritime,28.0,Normandie,50.0,3.0,-1.0,2,1.0,28,Normandie,76,3,6,Les Authieux-sur-le-Port-Saint-Ouen,1230,23,1253.0
201900050121,24,9,2019,09:15,1,76.0,76498,1,6,2.0,3.0,ALLIES. AVENUE DES,"49,4211300","1,0516200",,76.076498,76498,Seine-Maritime,28.0,Normandie,50.0,3.0,1.0,2,2.0,28,Normandie,76,3,27,LePetit-Quevilly,21782,274,22056.0
201900050306,25,8,2019,12:15,1,76.0,76196,1,1,1.0,1.0,RD 139,"49,6428070","0,2556370",,76.076196,76196,Seine-Maritime,28.0,Normandie,80.0,3.0,2.0,2,1.0,28,Normandie,76,2,26,Criquetot-l'Esneval,2567,82,2649.0
201900050664,26,3,2019,14:00,1,76.0,76351,2,2,1.0,2.0,BOIS AU COQ (AVENUE),"49,5160200","0,1209800",,76.076351,76351,Seine-Maritime,28.0,Normandie,50.0,4.0,3.0,4,1.0,28,Normandie,76,2,96,LeHavre,166058,1780,167838.0
201900050668,29,3,2019,17:10,1,76.0,76217,2,6,1.0,4.0,AVENUE DE BREAUTE,"49,9140300","1,0922800",,76.076217,76217,Seine-Maritime,28.0,Normandie,50.0,3.0,3.0,4,1.0,28,Normandie,76,1,95,Dieppe,28358,455,28813.0
201900050670,24,3,2019,20:59,5,76.0,76217,2,1,1.0,1.0,CANADIENS (AVENUE DES)  RN27,"49,9083800","1,0760500",,76.076217,76217,Seine-Maritime,28.0,Normandie,50.0,2.0,3.0,4,1.0,28,Normandie,76,1,95,Dieppe,28358,455,28813.0
201900051080,2,12,2019,08:30,1,76.0,76165,2,3,1.0,6.0,MAZAGRAN. RUE,"49,2839027","1,0123730",,76.076165,76165,Seine-Maritime,28.0,Normandie,50.0,4.0,2.0,1,1.0,28,Normandie,76,3,5,Caudebec-lès-Elbeuf,10135,69,10204.0
201900051081,4,12,2019,21:20,5,76.0,76351,2,3,1.0,5.0,DEMIDOFF (RUE),"49,4975000","0,1341100",,76.076351,76351,Seine-Maritime,28.0,Normandie,50.0,4.0,2.0,2,1.0,28,Normandie,76,2,96,LeHavre,166058,1780,167838.0
201900051082,4,12,2019,21:25,5,76.0,76305,2,3,1.0,1.0,Jacques EBERHARD (Avenue),"49,5078500","0,2317000",,76.076305,76305,Seine-Maritime,28.0,Normandie,50.0,4.0,2.0,2,1.0,28,Normandie,76,2,16,Gonfreville-l'Orcher,8961,44,9005.0
201900051334,28,1,2019,19:05,3,76.0,76575,2,1,1.0,2.0,ROUSSILLON. RUE DU,"49,3714500","1,1074600",,76.076575,76575,Seine-Maritime,28.0,Normandie,50.0,4.0,2.0,2,1.0,28,Normandie,76,3,98,Saint-Étienne-du-Rouvray,28508,225,28733.0
201900051432,21,2,2019,16:45,1,76.0,76471,1,1,1.0,7.0,CD 81,"49,4758160","0,6310520",,76.076471,76471,Seine-Maritime,28.0,Normandie,80.0,3.0,2.0,2,1.0,28,Normandie,76,2,25,NorvilLe995,19,1014,
201900051538,26,10,2019,06:45,5,76.0,76540,2,1,1.0,3.0,CAEN. AVENUE DE,"49,4299600","1,0759600",,76.076540,76540,Seine-Maritime,28.0,Normandie,50.0,3.0,1.0,2,1.0,28,Normandie,76,3,97,Rouen,114083,1556,115639.0
201900051539,25,10,2019,17:20,1,76.0,76351,2,1,2.0,2.0,PIERRE MENDES FRANCE,"49,5157000","0,1550000",,76.076351,76351,Seine-Maritime,28.0,Normandie,50.0,3.0,2.0,2,2.0,28,Normandie,76,2,96,LeHavre,166058,1780,167838.0
201900051620,13,1,2019,17:30,4,76.0,76057,2,1,1.0,6.0,Rue des martyrs de la résistance,"49,5428620","0,9472650",,76.076057,76057,Seine-Maritime,28.0,Normandie,50.0,3.0,2.0,2,1.0,28,Normandie,76,3,1,Barentin,12154,238,12392.0
201900051781,6,1,2019,02:45,5,76.0,76540,2,2,1.0,3.0,EUROPE. BOULEVARD DE L',"49,4272400","1,0836300",,76.076540,76540,Seine-Maritime,28.0,Normandie,50.0,4.0,2.0,4,1.0,28,Normandie,76,3,97,Rouen,114083,1556,115639.0
201900051782,4,1,2019,11:00,1,76.0,76351,2,1,1.0,6.0,THEOPHILE GAUTIER,"49,5169100","0,0935100",,76.076351,76351,Seine-Maritime,28.0,Normandie,50.0,4.0,2.0,2,1.0,28,Normandie,76,2,96,LeHavre,166058,1780,167838.0
201900051963,21,9,2019,19:15,1,76.0,76351,2,1,1.0,7.0,SAINT QUENTIN (DE),"49,5153200","0,1134700",,76.076351,76351,Seine-Maritime,28.0,Normandie,30.0,4.0,2.0,2,1.0,28,Normandie,76,2,96,LeHavre,166058,1780,167838.0
201900051964,21,9,2019,16:20,1,76.0,76351,2,2,1.0,3.0,ARISTIDE BRIAND,"49,5005200","0,1392000",,76.076351,76351,Seine-Maritime,28.0,Normandie,50.0,3.0,2.0,2,1.0,28,Normandie,76,2,96,LeHavre,166058,1780,167838.0
201900052084,24,8,2019,17:50,1,76.0,76718,1,1,1.0,1.0,Route Départementale 6015,"49,6151960","0,6890720",,76.076718,76718,Seine-Maritime,28.0,Normandie,80.0,3.0,2.0,2,1.0,28,Normandie,76,3,35,ValliquervilLe1423,38,1461,
201900052361,11,7,2019,10:30,1,76.0,76322,2,2,1.0,3.0,POUDRIERE. CHEMIN DE LA,"49,3963708","1,0610175",,76.076322,76322,Seine-Maritime,28.0,Normandie,50.0,3.0,2.0,2,1.0,28,Normandie,76,3,13,LeGrand-Quevilly,25975,225,26200.0
201900052363,11,7,2019,13:00,1,76.0,76540,2,2,1.0,3.0,MALOUET. RUE,"49,4322700","1,0913900",,76.076540,76540,Seine-Maritime,28.0,Normandie,50.0,4.0,1.0,1,1.0,28,Normandie,76,3,97,Rouen,114083,1556,115639.0
201900052364,10,7,2019,23:05,3,76.0,76157,1,1,1.0,7.0,MAUPASSANT. COTE GUY DE,"49,4475600","1,0439400",,76.076157,76157,Seine-Maritime,28.0,Normandie,50.0,3.0,2.0,2,1.0,28,Normandie,76,3,4,Canteleu,13966,360,14326.0
201900052366,10,7,2019,13:35,1,76.0,76540,1,1,1.0,4.0,MATHILDE. PONT,"49,4301700","1,1010900",,76.076540,76540,Seine-Maritime,28.0,Normandie,70.0,3.0,3.0,6,1.0,28,Normandie,76,3,97,Rouen,114083,1556,115639.0
201900052714,3,12,2019,07:45,2,76.0,76351,2,2,1.0,3.0,MARECHAL JOFFRE (RUE),"49,5001100","0,1299200",,76.076351,76351,Seine-Maritime,28.0,Normandie,50.0,4.0,2.0,3,1.0,28,Normandie,76,2,96,LeHavre,166058,1780,167838.0
201900053219,17,2,2019,10:00,1,76.0,76457,1,1,1.0,1.0,rue du lieutenant j Hergault,"49,3406800","0,9578100",,76.076457,76457,Seine-Maritime,28.0,Normandie,80.0,3.0,-1.0,2,1.0,28,Normandie,76,3,9,Moulineaux,932,16,948.0
201900053498,3,1,2019,13:25,1,76.0,76351,2,1,1.0,3.0,PAUL VERLAINE (AVENUE),"49,5095100","0,1522600",,76.076351,76351,Seine-Maritime,28.0,Normandie,30.0,4.0,3.0,2,1.0,28,Normandie,76,2,96,LeHavre,166058,1780,167838.0
201900053500,3,1,2019,17:30,5,76.0,76351,2,6,1.0,6.0,MARCEAU (RUE),"49,4914900","0,1329700",,76.076351,76351,Seine-Maritime,28.0,Normandie,50.0,4.0,3.0,4,1.0,28,Normandie,76,2,96,LeHavre,166058,1780,167838.0
201900053502,4,1,2019,11:20,1,76.0,76259,2,1,1.0,6.0,FORTS ( RUE DES),"49,7549000","0,3813000",,76.076259,76259,Seine-Maritime,28.0,Normandie,50.0,4.0,2.0,2,1.0,28,Normandie,76,2,11,Fécamp,18016,269,18285.0
201900053504,3,1,2019,14:15,1,76.0,76545,1,9,1.0,3.0,BOURBON (COURS),"49,9148600","1,0943600",,76.076545,76545,Seine-Maritime,28.0,Normandie,30.0,6.0,2.0,0,2.0,28,Normandie,76,1,7,Rouxmesnil-BouteilLes1814,33,1847,
201900053686,21,9,2019,21:17,5,76.0,76561,2,2,1.0,6.0,REPUBLIQUE. RUE DE LA,"49,2973700","1,0112100",,76.076561,76561,Seine-Maritime,28.0,Normandie,50.0,3.0,2.0,2,1.0,28,Normandie,76,3,5,Saint-Aubin-lès-Elbeuf,8428,75,8503.0
201900053687,21,9,2019,05:30,5,76.0,76351,2,1,1.0,6.0,VALLEE (RUE DE LA),"49,4932400","0,1516300",,76.076351,76351,Seine-Maritime,28.0,Normandie,50.0,4.0,2.0,2,1.0,28,Normandie,76,2,96,LeHavre,166058,1780,167838.0
201900053962,30,3,2019,23:30,3,76.0,76317,1,1,1.0,6.0,route de Bretteville -RD 10a,"49,6532200","0,4033840",,76.076317,76317,Seine-Maritime,28.0,Normandie,80.0,3.0,2.0,2,1.0,28,Normandie,76,2,32,Grainville-YmauvilLe426,12,438,
201900054213,12,7,2019,12:10,1,76.0,76748,1,1,1.0,1.0,"Le Hamel,76450","49,8096420","0,6380030",,76.076748,76748,Seine-Maritime,28.0,Normandie,80.0,3.0,2.0,2,1.0,28,Normandie,76,1,33,Vittefleur,657,8,665.0
201900054216,13,7,2019,16:13,1,76.0,76085,2,2,7.0,1.0,Rd 308,"49,8006832","1,0528290",,76.076085,76085,Seine-Maritime,28.0,Normandie,50.0,3.0,2.0,2,1.0,28,Normandie,76,1,20,Bertreville-Saint-Ouen,331,9,340.0
201900054389,16,8,2019,16:00,1,76.0,76351,2,1,1.0,4.0,PONT V (DU),"49,4846500","0,1519100",,76.076351,76351,Seine-Maritime,28.0,Normandie,50.0,4.0,2.0,2,1.0,28,Normandie,76,2,96,LeHavre,166058,1780,167838.0
201900054553,5,5,2019,18:55,1,76.0,76660,1,9,1.0,6.0,autoroute 131,"49,4904120","0,2928114",,76.076660,76660,Seine-Maritime,28.0,Normandie,130.0,1.0,3.0,4,1.0,28,Normandie,76,2,32,SandouvilLe800,11,811,
201900054756,4,12,2019,07:43,2,76.0,76272,1,1,5.0,4.0,Rue Albert Perne,"49,8085370","0,8423660",,76.076272,76272,Seine-Maritime,28.0,Normandie,70.0,3.0,2.0,2,1.0,28,Normandie,76,1,33,Fontaine-le-Dun,885,10,895.0
201900054757,3,12,2019,13:20,1,76.0,76312,2,3,5.0,6.0,24 Boulevard de Verdun,"49,4849540","1,7300050",,76.076312,76312,Seine-Maritime,28.0,Normandie,50.0,2.0,2.0,2,1.0,28,Normandie,76,1,12,Gournay-en-Bray,5944,85,6029.0
201900054776,19,2,2019,09:50,1,76.0,76669,1,2,1.0,1.0,route des loges,"49,6849082","0,3172731",,76.076669,76669,Seine-Maritime,28.0,Normandie,80.0,3.0,2.0,2,2.0,28,Normandie,76,2,32,Sausseuzemare-en-Caux,431,7,438.0
201900055078,13,2,2019,12:25,1,76.0,76540,2,2,1.0,3.0,LECLERC. RUE DU GENERAL,"49,4392163","1,0958031",,76.076540,76540,Seine-Maritime,28.0,Normandie,50.0,4.0,2.0,2,1.0,28,Normandie,76,3,97,Rouen,114083,1556,115639.0
201900055080,14,2,2019,18:00,1,76.0,76351,2,2,1.0,3.0,THIRE ET BONFAIT (AV.),"49,5079800","0,1540600",,76.076351,76351,Seine-Maritime,28.0,Normandie,50.0,4.0,2.0,2,1.0,28,Normandie,76,2,96,LeHavre,166058,1780,167838.0
201900055082,13,2,2019,14:00,1,76.0,76351,2,3,1.0,3.0,ALGER,"49,4980000","0,0960400",,76.076351,76351,Seine-Maritime,28.0,Normandie,50.0,4.0,1.0,1,1.0,28,Normandie,76,2,96,LeHavre,166058,1780,167838.0
201900055422,24,10,2019,17:10,2,76.0,76351,2,2,2.0,3.0,FOCH (AVENUE),"49,4935700","0,1009600",,76.076351,76351,Seine-Maritime,28.0,Normandie,50.0,4.0,2.0,8,1.0,28,Normandie,76,2,96,LeHavre,166058,1780,167838.0
201900055557,24,9,2019,13:10,1,76.0,76099,1,1,2.0,3.0,Route du Manoir,"49,5509950","0,8529400",,76.076099,76099,Seine-Maritime,28.0,Normandie,70.0,3.0,2.0,2,2.0,28,Normandie,76,3,1,BlacquevilLe707,9,716,
201900055622,21,9,2019,11:00,1,76.0,76217,1,1,1.0,2.0,D485,"49,9245800","1,1135200",,76.076217,76217,Seine-Maritime,28.0,Normandie,50.0,3.0,1.0,4,1.0,28,Normandie,76,1,95,Dieppe,28358,455,28813.0
201900055679,12,7,2019,16:00,1,76.0,76058,1,1,1.0,3.0,Route de Mesnil Reaume,"49,9793740","1,4212310",,76.076058,76058,Seine-Maritime,28.0,Normandie,80.0,3.0,2.0,2,1.0,28,Normandie,76,1,10,Baromesnil,214,5,219.0
201900055941,26,3,2019,08:50,1,76.0,76212,2,1,1.0,6.0,CARNOT. RUE SADI,"49,4407100","1,1454300",,76.076212,76212,Seine-Maritime,28.0,Normandie,50.0,3.0,2.0,2,1.0,28,Normandie,76,3,6,Darnétal,9738,74,9812.0
201900056053,16,8,2019,11:25,1,76.0,76351,2,2,1.0,6.0,CASIMIR PERIER,"49,4964700","0,1103400",,76.076351,76351,Seine-Maritime,28.0,Normandie,50.0,4.0,1.0,1,1.0,28,Normandie,76,2,96,LeHavre,166058,1780,167838.0
201900056281,2,12,2019,19:00,3,76.0,76420,1,3,1.0,2.0,Route de Rouen,"49,6023550","1,4815060",,76.076420,76420,Seine-Maritime,28.0,Normandie,70.0,3.0,2.0,2,1.0,28,Normandie,76,1,12,Mauquenchy,363,5,368.0
201900057031,9,7,2019,17:40,1,76.0,76212,2,1,1.0,7.0,CARNOT. RUE SADI,"49,4408800","1,1478400",,76.076212,76212,Seine-Maritime,28.0,Normandie,50.0,3.0,2.0,2,1.0,28,Normandie,76,3,6,Darnétal,9738,74,9812.0
201900057033,9,7,2019,17:20,1,76.0,76540,1,1,1.0,3.0,A150,"49,4509200","1,0574500",,76.076540,76540,Seine-Maritime,28.0,Normandie,70.0,1.0,3.0,4,1.0,28,Normandie,76,3,97,Rouen,114083,1556,115639.0
201900057187,22,9,2019,19:45,2,76.0,76206,1,2,1.0,3.0,CD74,"49,6772610","0,2548100",,76.076206,76206,Seine-Maritime,28.0,Normandie,80.0,3.0,2.0,2,1.0,28,Normandie,76,2,26,CuvervilLe342,8,350,
201900057393,22,9,2019,18:45,1,76.0,76566,1,2,1.0,3.0,Route de Clères,"49,5905180","0,9922750",,76.076566,76566,Seine-Maritime,28.0,Normandie,80.0,3.0,2.0,2,1.0,28,Normandie,76,3,24,Sainte-Austreberthe,665,6,671.0
201900057654,20,9,2019,18:35,1,76.0,76474,2,5,1.0,3.0,CD 43 (AVENUE DU BOIS DES DAMES),"49,4805600","1,0512900",,76.076474,76474,Seine-Maritime,28.0,Normandie,50.0,3.0,2.0,4,1.0,28,Normandie,76,3,24,Notre-Dame-de-BondevilLe6957,82,7039,
201900057655,20,9,2019,18:30,1,76.0,76540,2,1,1.0,6.0,SAINT JULIEN. RUE,"49,4279700","1,0802900",,76.076540,76540,Seine-Maritime,28.0,Normandie,50.0,4.0,2.0,2,1.0,28,Normandie,76,3,97,Rouen,114083,1556,115639.0
201900057929,24,3,2019,17:10,1,76.0,76157,1,1,1.0,3.0,A150,"49,4712900","1,0316700",,76.076157,76157,Seine-Maritime,28.0,Normandie,110.0,1.0,3.0,4,1.0,28,Normandie,76,3,4,Canteleu,13966,360,14326.0
201900057937,25,3,2019,21:55,5,76.0,76351,2,2,1.0,3.0,PARIS (DE),"49,4886000","0,1075100",,76.076351,76351,Seine-Maritime,28.0,Normandie,50.0,4.0,2.0,2,1.0,28,Normandie,76,2,96,LeHavre,166058,1780,167838.0
201900057949,22,3,2019,23:45,5,76.0,76351,2,2,1.0,3.0,BALZAC (DE),"49,5045700","0,1571800",,76.076351,76351,Seine-Maritime,28.0,Normandie,50.0,4.0,2.0,2,1.0,28,Normandie,76,2,96,LeHavre,166058,1780,167838.0
201900058079,2,8,2019,19:15,1,76.0,76497,1,1,1.0,3.0,RN 338 (VOIE RAPIDE SUD 3),"49,4017500","1,0328300",,76.076497,76497,Seine-Maritime,28.0,Normandie,90.0,2.0,1.0,2,1.0,28,Normandie,76,3,13,Petit-Couronne,8688,175,8863.0
201900058082,9,8,2019,20:00,1,76.0,76561,2,1,1.0,4.0,REPUBLIQUE. RUE DE LA,"49,2982800","1,0113800",,76.076561,76561,Seine-Maritime,28.0,Normandie,50.0,4.0,2.0,2,1.0,28,Normandie,76,3,5,Saint-Aubin-lès-Elbeuf,8428,75,8503.0
201900058085,7,8,2019,14:15,1,76.0,76322,2,2,1.0,3.0,BROSSOLETTE. BOULEVARD PIERRE,"49,4167500","1,0371900",,76.076322,76322,Seine-Maritime,28.0,Normandie,50.0,3.0,2.0,2,1.0,28,Normandie,76,3,13,LeGrand-Quevilly,25975,225,26200.0
201900058103,15,2,2019,07:28,2,76.0,76318,1,2,1.0,3.0,Route de Trouville,"49,5560600","0,6001510",,76.076318,76318,Seine-Maritime,28.0,Normandie,80.0,3.0,2.0,2,1.0,28,Normandie,76,2,25,Grand-Camp,763,28,791.0
201900058108,16,2,2019,17:08,1,76.0,76334,2,1,1.0,6.0,rue des canadiens,"49,8429000","0,9665000",,76.076334,76334,Seine-Maritime,28.0,Normandie,50.0,3.0,2.0,2,1.0,28,Normandie,76,1,20,Gueures,526,17,543.0
201900058415,26,3,2019,19:20,2,76.0,76638,1,1,1.0,1.0,ROUTE DE SAINT PIERRE,"50,0287610","1,4334330",,76.076638,76638,Seine-Maritime,28.0,Normandie,70.0,4.0,2.0,2,1.0,28,Normandie,76,1,10,Saint-Pierre-en-Val,1090,16,1106.0
201900058447,14,8,2019,12:10,1,76.0,76351,2,2,1.0,2.0,IRENE JOLIOT CURIE (RUE),"49,5154900","0,1054100",,76.076351,76351,Seine-Maritime,28.0,Normandie,50.0,3.0,2.0,2,1.0,28,Normandie,76,2,96,LeHavre,166058,1780,167838.0
201900058450,11,8,2019,14:35,1,76.0,76351,2,1,1.0,6.0,COCHET,"49,5010300","0,0917900",,76.076351,76351,Seine-Maritime,28.0,Normandie,50.0,3.0,2.0,2,1.0,28,Normandie,76,2,96,LeHavre,166058,1780,167838.0
201900058452,10,8,2019,14:15,1,76.0,76351,2,6,1.0,7.0,THEOPHILE GAUTIER,"49,5117200","0,0893600",,76.076351,76351,Seine-Maritime,28.0,Normandie,50.0,4.0,2.0,2,1.0,28,Normandie,76,2,96,LeHavre,166058,1780,167838.0
201900058626,2,12,2019,15:00,1,76.0,76404,1,1,1.0,1.0,D925,"49,5821800","0,2428050",,76.076404,76404,Seine-Maritime,28.0,Normandie,80.0,3.0,2.0,2,1.0,28,Normandie,76,2,26,Manéglise,1264,23,1287.0
201900058736,29,11,2019,15:50,1,76.0,76157,2,2,1.0,6.0,ALLENDE. AVENUE DU PRESIDENT,"49,4488400","1,0356000",,76.076157,76157,Seine-Maritime,28.0,Normandie,50.0,3.0,2.0,2,1.0,28,Normandie,76,3,4,Canteleu,13966,360,14326.0
201900058833,1,12,2019,03:20,5,76.0,76462,2,1,1.0,6.0,Boulevard l'Alouette,"49,7300820","1,4459700",,76.076462,76462,Seine-Maritime,28.0,Normandie,50.0,3.0,2.0,2,1.0,28,Normandie,76,1,23,Neufchâtel-en-Bray,4680,213,4893.0